# normalized by imagery/landmark3d.py: Z-up -> Y-up, geometry only
v 0.104117 -0.476427 0.303539
v 0.127515 -0.476170 0.288938
v 0.021091 -0.476492 0.299022
v 0.184265 -0.476499 0.307456
v 0.247683 -0.476661 0.297389
v 0.271415 -0.475429 0.312573
v 0.318908 -0.475892 0.300258
v 0.306764 -0.476163 0.285130
v 0.310435 -0.476989 0.252554
v 0.007721 -0.474918 0.286810
v -0.045355 -0.476891 0.298115
v -0.018233 -0.475139 0.312569
v 0.088800 -0.474713 0.312528
v -0.094034 -0.474705 0.311131
v -0.124411 -0.476875 0.298850
v -0.151949 -0.474624 0.313519
v -0.205156 -0.476397 0.302013
v -0.199148 -0.475899 0.288097
v -0.271797 -0.476212 0.299644
v -0.277451 -0.475660 0.286157
v -0.304535 -0.476547 0.299821
v -0.237012 -0.474169 0.312511
v -0.289512 -0.478301 0.312076
v -0.095637 -0.475195 0.287268
v 0.326497 -0.479433 0.260756
v 0.320324 -0.476516 0.187757
v 0.306424 -0.475962 0.168342
v 0.320290 -0.476378 0.088393
v 0.305694 -0.476692 0.081033
v 0.321549 -0.475903 -0.005431
v 0.321534 -0.476560 -0.092677
v 0.306444 -0.476398 -0.010520
v 0.305461 -0.476669 -0.114871
v 0.319622 -0.476725 -0.200071
v 0.332215 -0.476863 0.103282
v 0.332840 -0.475251 0.182641
v 0.332784 -0.475133 -0.175176
v 0.328603 -0.476959 -0.276747
v 0.307876 -0.475946 -0.292294
v 0.332421 -0.474954 -0.069204
v 0.331875 -0.478078 0.021710
v 0.309978 -0.472658 -0.252768
v 0.290067 -0.477493 -0.315153
v 0.247304 -0.473714 -0.314269
v 0.246479 -0.476502 -0.304095
v 0.138843 -0.476475 -0.303384
v 0.119318 -0.474040 -0.314925
v 0.050069 -0.476371 -0.302356
v 0.043601 -0.476445 -0.316897
v -0.021766 -0.474930 -0.311730
v -0.031956 -0.475688 -0.292172
v -0.074362 -0.476457 -0.302480
v -0.108295 -0.475654 -0.291003
v -0.138640 -0.475813 -0.306294
v -0.098147 -0.475834 -0.315830
v -0.182534 -0.472149 -0.292783
v 0.071832 -0.473865 -0.291533
v 0.175360 -0.473871 -0.291761
v -0.173750 -0.479068 -0.313884
v -0.241982 -0.477464 -0.307088
v 0.271744 -0.472300 -0.292246
v -0.266821 -0.472397 -0.292121
v 0.311817 -0.478660 0.309752
v -0.309001 -0.471093 0.286490
v 0.236169 -0.470983 0.287677
v -0.020467 -0.479861 -0.314583
v 0.117807 -0.479897 -0.314431
v 0.119318 -0.474040 -0.314925
v 0.194482 -0.479005 -0.315429
v 0.043601 -0.476445 -0.316897
v 0.247304 -0.473714 -0.314269
v 0.290067 -0.477493 -0.315153
v -0.325383 -0.476934 0.289733
v -0.304535 -0.476547 0.299821
v -0.312515 -0.476279 0.272815
v -0.318159 -0.476742 0.195334
v -0.306329 -0.476030 0.247891
v -0.305880 -0.475972 0.166507
v -0.321907 -0.476362 0.117622
v -0.310238 -0.475271 0.037817
v -0.332463 -0.473837 0.052578
v -0.333361 -0.476975 0.121722
v -0.328360 -0.476629 -0.020629
v -0.306154 -0.475816 -0.061555
v -0.333164 -0.474332 0.210209
v -0.325789 -0.478922 -0.108636
v -0.307278 -0.474952 -0.133372
v -0.305379 -0.475058 -0.193388
v -0.325068 -0.478703 -0.188239
v -0.327364 -0.477290 -0.246522
v -0.312020 -0.471733 -0.262735
v -0.329374 -0.476614 -0.287593
v -0.306237 -0.476247 -0.291776
v -0.310051 -0.478269 -0.309776
v -0.241982 -0.477464 -0.307088
v -0.289512 -0.478301 0.312076
v -0.266821 -0.472397 -0.292121
v -0.332318 -0.478280 0.257419
v -0.332318 -0.478280 0.257419
v -0.333164 -0.474332 0.210209
v -0.330493 -0.480128 0.174218
v -0.333361 -0.476975 0.121722
v -0.332494 -0.479235 0.032496
v -0.333361 -0.476975 0.121722
v -0.332463 -0.473837 0.052578
v -0.328360 -0.476629 -0.020629
v 0.099006 -0.388257 -0.141160
v 0.014569 -0.388337 -0.186714
v 0.064779 -0.388337 -0.231086
v 0.147265 -0.388343 -0.228837
v 0.073987 -0.388381 -0.263518
v -0.007793 -0.388557 -0.265772
v 0.022559 -0.388333 -0.242773
v 0.025781 -0.388333 -0.242773
v -0.060090 -0.388344 -0.212548
v -0.088566 -0.388259 -0.148611
v -0.042128 -0.388446 -0.059576
v -0.139514 -0.388156 -0.099567
v -0.179617 -0.388342 -0.161250
v -0.176294 -0.388339 -0.217271
v -0.232809 -0.388335 -0.113594
v -0.269606 -0.388298 -0.214314
v -0.221111 -0.388336 -0.021594
v -0.146283 -0.388155 -0.010620
v -0.190702 -0.388310 0.051361
v -0.073135 -0.387912 0.083219
v -0.171181 -0.388254 0.139025
v -0.260057 -0.388348 0.115773
v -0.232061 -0.388327 0.238844
v -0.112043 -0.388338 0.254024
v -0.216770 -0.388681 0.273222
v -0.283598 -0.388845 0.273148
v -0.269930 -0.388300 0.030576
v -0.275706 -0.388296 -0.043074
v -0.046136 -0.388408 0.002449
v -0.122668 -0.388375 -0.264512
v 0.034723 -0.388427 -0.097744
v 0.023992 -0.388604 -0.012961
v 0.152666 -0.388175 0.076234
v 0.100251 -0.388416 0.025802
v 0.155861 -0.388305 -0.000927
v 0.212308 -0.388334 0.044815
v 0.072338 -0.388509 -0.049730
v -0.114298 -0.388261 0.166693
v 0.003910 -0.388343 0.223953
v -0.051284 -0.388267 0.185660
v 0.031450 -0.388191 0.134530
v 0.031653 -0.388517 0.050198
v 0.096204 -0.388010 0.104457
v 0.076484 -0.388340 0.224973
v 0.145569 -0.388302 0.166256
v 0.153138 -0.388338 0.241176
v 0.215641 -0.388342 0.163183
v 0.198556 -0.388328 -0.057184
v 0.140812 -0.388152 -0.078669
v 0.193848 -0.388327 -0.148250
v 0.266520 -0.388356 -0.219319
v 0.242849 -0.388380 -0.263173
v 0.260961 -0.388358 -0.121176
v 0.268342 -0.388360 -0.039675
v 0.263049 -0.388353 0.075408
v 0.277538 -0.388362 0.189759
v 0.240199 -0.388317 0.257944
v 0.079795 -0.388579 0.270905
v -0.008825 -0.388954 0.272788
v 0.150844 -0.389003 0.272165
v -0.293406 -0.389502 0.178949
v 0.287054 -0.389290 0.268748
v 0.246769 -0.389437 0.273368
v 0.291170 -0.389368 -0.265466
v 0.290488 -0.389032 -0.179584
v -0.090764 -0.390105 -0.278404
v 0.143754 -0.389759 -0.277327
v -0.197802 -0.390276 -0.278800
v -0.269852 -0.389622 -0.277031
v -0.294615 -0.390551 0.239131
v -0.293404 -0.389867 -0.140348
v -0.294093 -0.390271 -0.063029
v -0.294297 -0.389960 0.085929
v -0.294450 -0.390152 0.010358
v 0.290611 -0.389643 0.081512
v -0.137898 -0.389366 0.273383
v 0.290941 -0.390466 -0.079879
v 0.058724 -0.389763 -0.277989
v 0.291185 -0.391948 -0.004566
v -0.294084 -0.390058 -0.212873
v -0.292490 -0.391271 -0.278285
v 0.290854 -0.389752 0.254426
v 0.211884 -0.390691 -0.279440
v 0.265820 -0.390094 -0.278522
v 0.287619 -0.392477 -0.279435
v -0.294421 -0.390810 0.272335
v -0.003944 -0.391342 -0.280188
v 0.291340 -0.391606 0.180157
v -0.042995 -0.467515 -0.279842
v 0.049620 -0.458479 -0.279897
v 0.006188 -0.408110 -0.280413
v -0.079280 -0.429783 -0.280264
v -0.086181 -0.478440 -0.279341
v -0.157919 -0.478702 -0.278983
v -0.003944 -0.391342 -0.280188
v 0.058724 -0.389763 -0.277989
v -0.090764 -0.390105 -0.278404
v 0.116025 -0.400309 -0.280417
v 0.159286 -0.442389 -0.280284
v 0.136155 -0.478395 -0.279852
v 0.210265 -0.477109 -0.279168
v 0.260182 -0.463148 -0.279811
v 0.252560 -0.415708 -0.280358
v 0.291854 -0.440038 -0.279499
v 0.211884 -0.390691 -0.279440
v 0.287619 -0.392477 -0.279435
v 0.006353 -0.479302 -0.281258
v 0.143754 -0.389759 -0.277327
v 0.265820 -0.390094 -0.278522
v -0.171611 -0.402771 -0.280421
v -0.194147 -0.460536 -0.279802
v -0.266501 -0.464281 -0.279739
v -0.248331 -0.415183 -0.280462
v -0.294101 -0.409571 -0.280105
v -0.248758 -0.479027 -0.279619
v -0.293588 -0.464889 -0.278793
v 0.291560 -0.477965 -0.277649
v -0.197802 -0.390276 -0.278800
v -0.292490 -0.391271 -0.278285
v 0.261092 -0.479626 -0.281375
v -0.269852 -0.389622 -0.277031
v -0.294879 -0.479966 -0.280742
v 0.331161 -0.479408 -0.116912
v 0.332784 -0.475133 -0.175176
v 0.332421 -0.474954 -0.069204
v 0.327472 -0.480871 -0.052637
v 0.331875 -0.478078 0.021710
v 0.321571 -0.481187 -0.210041
v 0.328603 -0.476959 -0.276747
v 0.006353 -0.479302 -0.281258
v -0.077480 -0.480992 -0.299107
v -0.020467 -0.479861 -0.314583
v 0.062508 -0.480975 -0.302342
v 0.136155 -0.478395 -0.279852
v -0.086181 -0.478440 -0.279341
v -0.156110 -0.480657 -0.286308
v -0.173750 -0.479068 -0.313884
v -0.244892 -0.480848 -0.291970
v -0.248758 -0.479027 -0.279619
v 0.168221 -0.480957 -0.294625
v 0.117807 -0.479897 -0.314431
v 0.194482 -0.479005 -0.315429
v -0.294879 -0.479966 -0.280742
v 0.254052 -0.481015 -0.304138
v 0.261092 -0.479626 -0.281375
v 0.307771 -0.481243 -0.287350
v 0.290067 -0.477493 -0.315153
v 0.210265 -0.477109 -0.279168
v -0.157919 -0.478702 -0.278983
v -0.241982 -0.477464 -0.307088
v -0.310051 -0.478269 -0.309776
v -0.309156 -0.481366 -0.267432
v -0.295073 -0.478313 -0.239252
v -0.325068 -0.478703 -0.188239
v -0.297633 -0.479757 -0.155994
v -0.325789 -0.478922 -0.108636
v -0.297512 -0.480445 -0.083193
v -0.315801 -0.481309 -0.070068
v -0.294996 -0.478178 -0.024332
v -0.322450 -0.481136 0.012915
v -0.305993 -0.481208 0.043668
v -0.332494 -0.479235 0.032496
v -0.324981 -0.480979 0.105127
v -0.301278 -0.481122 0.123413
v -0.312102 -0.481417 0.204538
v -0.330493 -0.480128 0.174218
v -0.332318 -0.478280 0.257419
v -0.300963 -0.481148 0.281964
v -0.325383 -0.476934 0.289733
v -0.329374 -0.476614 -0.287593
v -0.327364 -0.477290 -0.246522
v -0.295210 -0.477954 0.227808
v -0.289512 -0.478301 0.312076
v -0.207889 -0.479749 0.311045
v -0.181751 -0.481218 0.291348
v -0.126741 -0.480115 0.311353
v -0.084996 -0.481092 0.288340
v -0.060148 -0.478860 0.313692
v -0.019047 -0.481160 0.309214
v 0.045367 -0.481299 0.295203
v 0.048566 -0.479535 0.312551
v 0.137112 -0.481253 0.304719
v 0.113509 -0.481013 0.283437
v 0.168905 -0.477581 0.274788
v 0.053894 -0.478832 0.275821
v -0.036640 -0.478292 0.274952
v 0.226187 -0.480031 0.278269
v 0.236920 -0.481208 0.302335
v 0.292380 -0.481018 0.287919
v 0.311817 -0.478660 0.309752
v 0.326497 -0.479433 0.260756
v 0.296720 -0.479882 0.241544
v 0.321871 -0.481141 0.185319
v 0.299945 -0.480788 0.135800
v 0.332215 -0.476863 0.103282
v 0.315434 -0.481384 0.066466
v -0.262478 -0.479267 0.275275
v -0.158475 -0.477107 0.274747
v 0.290287 -0.478030 0.274239
v 0.305723 -0.481358 0.001517
v 0.309735 -0.481431 -0.116016
v 0.301199 -0.481209 -0.226644
v 0.293172 -0.478172 -0.134022
v 0.292997 -0.478308 -0.027278
v 0.291560 -0.477965 -0.277649
v -0.098147 -0.475834 -0.315830
v 0.292632 -0.475434 0.062146
v 0.043601 -0.476445 -0.316897
v -0.293691 -0.477539 0.054323
v 0.292669 -0.478236 -0.226923
v -0.328360 -0.476629 -0.020629
v -0.333361 -0.476975 0.121722
v -0.293953 -0.477659 0.138675
v 0.292076 -0.476871 0.170204
v 0.332840 -0.475251 0.182641
v 0.271415 -0.475429 0.312573
v 0.318908 -0.475892 0.300258
v -0.294269 -0.472320 0.271345
v -0.003784 -0.458190 -0.294226
v 0.047996 -0.412916 -0.294515
v 0.092974 -0.454367 -0.294444
v 0.143406 -0.420657 -0.294503
v -0.171638 -0.423345 -0.294485
v -0.065016 -0.411209 -0.294506
v -0.088340 -0.468707 -0.293451
v -0.182534 -0.472149 -0.292783
v -0.253986 -0.425732 -0.294471
v -0.266821 -0.472397 -0.292121
v -0.313001 -0.465640 -0.291885
v -0.307730 -0.429379 -0.293607
v -0.306237 -0.476247 -0.291776
v 0.175360 -0.473871 -0.291761
v 0.071832 -0.473865 -0.291533
v -0.031956 -0.475688 -0.292172
v 0.203453 -0.460504 -0.294373
v 0.251468 -0.422164 -0.294507
v 0.271744 -0.472300 -0.292246
v 0.297756 -0.455683 -0.293945
v 0.297613 -0.410051 -0.294000
v 0.193482 -0.384101 -0.292934
v 0.133379 -0.383865 -0.292798
v 0.049415 -0.385257 -0.293085
v 0.269995 -0.383890 -0.292765
v -0.041206 -0.384368 -0.293442
v -0.143501 -0.383432 -0.291550
v -0.255082 -0.383062 -0.289967
v -0.308227 -0.383782 -0.289861
v -0.292580 -0.384526 -0.293326
v 0.311124 -0.384925 -0.289255
v 0.312788 -0.409168 -0.291075
v 0.311742 -0.464436 -0.290086
v 0.307876 -0.475946 -0.292294
v -0.108295 -0.475654 -0.291003
v -0.314932 -0.425406 0.059218
v -0.314966 -0.406331 -0.021531
v -0.314426 -0.464327 0.023590
v -0.313932 -0.465575 -0.079551
v -0.314951 -0.411717 -0.101580
v -0.314890 -0.447346 -0.161468
v -0.314993 -0.393948 -0.190389
v -0.314931 -0.437436 -0.246877
v -0.314156 -0.467515 -0.192487
v -0.313945 -0.384265 -0.254900
v -0.315033 -0.401049 -0.281895
v -0.313655 -0.467695 0.101965
v -0.313118 -0.469046 0.204189
v -0.314940 -0.422247 0.127456
v -0.313811 -0.383914 -0.087517
v -0.313220 -0.383431 -0.163906
v -0.313794 -0.383777 -0.024569
v -0.312253 -0.383487 0.048370
v -0.312738 -0.383966 0.156037
v -0.314897 -0.442370 0.192185
v -0.313757 -0.383842 0.219139
v -0.314974 -0.427249 0.254331
v -0.314191 -0.384901 0.271147
v -0.314420 -0.466757 0.273747
v -0.311942 -0.413750 0.288348
v -0.312020 -0.471733 -0.262735
v -0.313001 -0.465640 -0.291885
v -0.311807 -0.384488 0.287440
v -0.307730 -0.429379 -0.293607
v -0.308227 -0.383782 -0.289861
v -0.310238 -0.475271 0.037817
v -0.309001 -0.471093 0.286490
v -0.312515 -0.476279 0.272815
v -0.306329 -0.476030 0.247891
v -0.304535 -0.476547 0.299821
v -0.306237 -0.476247 -0.291776
v -0.305880 -0.475972 0.166507
v -0.307278 -0.474952 -0.133372
v -0.306154 -0.475816 -0.061555
v -0.305379 -0.475058 -0.193388
v -0.054133 -0.408822 0.289419
v -0.011480 -0.465589 0.288912
v 0.086877 -0.428104 0.289236
v -0.132307 -0.433322 0.289187
v 0.010501 -0.385469 0.288824
v -0.095637 -0.475195 0.287268
v -0.199148 -0.475899 0.288097
v -0.242113 -0.439729 0.289191
v -0.157807 -0.383827 0.288672
v -0.311942 -0.413750 0.288348
v -0.264010 -0.383913 0.288597
v -0.066986 -0.383404 0.288535
v -0.309001 -0.471093 0.286490
v -0.311807 -0.384488 0.287440
v 0.105608 -0.383753 0.287478
v 0.160256 -0.436729 0.289084
v 0.209461 -0.383600 0.288612
v 0.232316 -0.428680 0.289408
v 0.276482 -0.383233 0.288049
v 0.127515 -0.476170 0.288938
v 0.236169 -0.470983 0.287677
v 0.289602 -0.462358 0.288524
v 0.291401 -0.404952 0.289321
v 0.309690 -0.425579 0.288774
v 0.007721 -0.474918 0.286810
v -0.277451 -0.475660 0.286157
v 0.312788 -0.467960 0.285090
v 0.306764 -0.476163 0.285130
v 0.312896 -0.387250 0.284564
v 0.314322 -0.444351 0.283822
v 0.002798 -0.382307 0.215738
v 0.089380 -0.382289 0.154835
v -0.019791 -0.382293 0.164832
v 0.076304 -0.382302 0.217973
v 0.033365 -0.382121 0.277027
v 0.163069 -0.382297 0.211016
v 0.172893 -0.382313 0.135829
v 0.264434 -0.382240 0.107447
v 0.165714 -0.382310 0.064243
v 0.225318 -0.382313 0.022982
v 0.178776 -0.382313 -0.069797
v 0.268073 -0.382264 -0.096717
v 0.196919 -0.382311 -0.167311
v 0.280779 -0.382225 -0.209781
v 0.195982 -0.382299 -0.232961
v 0.252086 -0.382041 -0.277925
v 0.160400 -0.381930 -0.280037
v 0.106277 -0.382267 -0.218490
v 0.146805 -0.381619 -0.137120
v 0.290094 -0.382189 -0.002258
v 0.243919 -0.382222 0.253711
v 0.165255 -0.382133 0.276350
v 0.303381 -0.382057 0.208092
v 0.299264 -0.382005 0.265204
v -0.051098 -0.382211 0.258168
v -0.221904 -0.382191 0.262521
v -0.245513 -0.382305 0.182863
v -0.294484 -0.382198 0.249047
v -0.127648 -0.382312 0.206063
v -0.193272 -0.382302 0.100129
v -0.279009 -0.382294 0.086295
v -0.195016 -0.382304 0.004016
v -0.292646 -0.382247 -0.032914
v -0.180647 -0.382291 -0.074628
v -0.281496 -0.382297 -0.094328
v -0.211426 -0.382308 -0.127651
v -0.268394 -0.382300 -0.181070
v -0.163924 -0.382295 -0.184216
v -0.278747 -0.382234 -0.250775
v -0.194115 -0.382099 -0.271162
v -0.123122 -0.382238 -0.257537
v -0.100523 -0.382312 -0.189162
v -0.034689 -0.382298 -0.231056
v -0.062967 -0.381937 -0.282835
v 0.017354 -0.382176 -0.269045
v 0.027970 -0.382311 -0.204099
v 0.066249 -0.381894 -0.286563
v 0.089748 -0.382249 -0.147940
v -0.016752 -0.382265 -0.156197
v -0.115130 -0.382016 -0.144243
v -0.135486 -0.382193 0.266860
v -0.099480 -0.382302 0.159138
v 0.309879 -0.383011 -0.095853
v -0.313220 -0.383431 -0.163906
v -0.148464 -0.381119 -0.124435
v -0.312738 -0.383966 0.156037
v -0.312253 -0.383487 0.048370
v 0.310414 -0.383354 -0.260653
v 0.313018 -0.383411 -0.180317
v 0.105608 -0.383753 0.287478
v -0.148291 -0.381499 0.042599
v -0.148103 -0.380925 -0.052415
v -0.148619 -0.381048 0.116583
v -0.255082 -0.383062 -0.289967
v -0.308227 -0.383782 -0.289861
v -0.313945 -0.384265 -0.254900
v -0.143501 -0.383432 -0.291550
v 0.133379 -0.383865 -0.292798
v 0.193482 -0.384101 -0.292934
v 0.312983 -0.383234 0.130333
v 0.312886 -0.383651 0.002672
v -0.145770 -0.380180 0.138821
v -0.066986 -0.383404 0.288535
v 0.276482 -0.383233 0.288049
v 0.209461 -0.383600 0.288612
v -0.313811 -0.383914 -0.087517
v -0.313794 -0.383777 -0.024569
v -0.145307 -0.380883 -0.138022
v -0.264010 -0.383913 0.288597
v -0.311807 -0.384488 0.287440
v -0.157807 -0.383827 0.288672
v -0.121989 -0.381389 0.141321
v -0.040087 -0.381193 0.141615
v 0.033574 -0.380832 0.141365
v 0.147961 -0.380544 -0.088799
v 0.010501 -0.385469 0.288824
v 0.311124 -0.384925 -0.289255
v 0.147811 -0.380759 0.095631
v 0.147499 -0.380510 0.020108
v -0.313757 -0.383842 0.219139
v 0.312978 -0.383175 0.266843
v 0.313109 -0.383349 0.210052
v 0.269995 -0.383890 -0.292765
v -0.080054 -0.381254 -0.139941
v 0.000059 -0.381248 -0.140100
v 0.059618 -0.381071 -0.139817
v 0.049415 -0.385257 -0.293085
v -0.314191 -0.384901 0.271147
v 0.113397 -0.381317 -0.139911
v -0.041206 -0.384368 -0.293442
v 0.146010 -0.376891 0.135932
v 0.312896 -0.387250 0.284564
v 0.092089 -0.379065 0.141087
v 0.136888 -0.377942 0.140537
v -0.292580 -0.384526 -0.293326
v -0.026296 -0.427169 0.273740
v -0.008825 -0.388954 0.272788
v 0.048302 -0.434165 0.273744
v -0.158475 -0.477107 0.274747
v -0.246474 -0.435586 0.273746
v -0.100917 -0.420099 0.273750
v -0.292269 -0.419688 0.273368
v -0.283598 -0.388845 0.273148
v -0.216770 -0.388681 0.273222
v -0.137898 -0.389366 0.273383
v -0.036640 -0.478292 0.274952
v 0.053894 -0.478832 0.275821
v 0.138641 -0.428606 0.273750
v -0.262478 -0.479267 0.275275
v 0.079795 -0.388579 0.270905
v 0.168905 -0.477581 0.274788
v 0.263448 -0.437310 0.273756
v 0.225317 -0.434253 0.273730
v 0.227734 -0.431836 0.273730
v 0.222471 -0.408744 0.273740
v 0.226660 -0.432910 0.273730
v 0.246769 -0.389437 0.273368
v 0.150844 -0.389003 0.272165
v -0.294269 -0.472320 0.271345
v -0.294421 -0.390810 0.272335
v 0.291910 -0.406609 0.269945
v 0.290833 -0.451834 0.273177
v 0.226187 -0.480031 0.278269
v 0.290287 -0.478030 0.274239
v 0.287054 -0.389290 0.268748
v -0.295808 -0.449782 -0.065260
v -0.296076 -0.408381 0.061967
v -0.295318 -0.465400 0.057194
v -0.295210 -0.477954 0.227808
v -0.295802 -0.449061 0.139986
v -0.295985 -0.430573 0.222638
v -0.296073 -0.401961 0.140254
v -0.294269 -0.472320 0.271345
v -0.294450 -0.390152 0.010358
v -0.294093 -0.390271 -0.063029
v -0.293404 -0.389867 -0.140348
v -0.294996 -0.478178 -0.024332
v -0.294784 -0.470699 -0.138647
v -0.295724 -0.439860 -0.246757
v -0.296082 -0.409652 -0.161212
v -0.295073 -0.478313 -0.239252
v -0.294084 -0.390058 -0.212873
v -0.292490 -0.391271 -0.278285
v -0.293588 -0.464889 -0.278793
v -0.294101 -0.409571 -0.280105
v -0.293953 -0.477659 0.138675
v -0.292269 -0.419688 0.273368
v -0.294879 -0.479966 -0.280742
v -0.294297 -0.389960 0.085929
v -0.293406 -0.389502 0.178949
v -0.294615 -0.390551 0.239131
v -0.294421 -0.390810 0.272335
v -0.293691 -0.477539 0.054323
v -0.297633 -0.479757 -0.155994
v -0.297512 -0.480445 -0.083193
v -0.300963 -0.481148 0.281964
v -0.207889 -0.479749 0.311045
v -0.126741 -0.480115 0.311353
v -0.151949 -0.474624 0.313519
v -0.237012 -0.474169 0.312511
v -0.289512 -0.478301 0.312076
v -0.094034 -0.474705 0.311131
v -0.060148 -0.478860 0.313692
v -0.018233 -0.475139 0.312569
v -0.019047 -0.481160 0.309214
v 0.048566 -0.479535 0.312551
v 0.088800 -0.474713 0.312528
v 0.137112 -0.481253 0.304719
v 0.184265 -0.476499 0.307456
v 0.236920 -0.481208 0.302335
v 0.271415 -0.475429 0.312573
v -0.104750 0.240670 0.123965
v -0.120801 0.236005 0.109660
v -0.106468 0.227506 0.108251
v -0.112706 0.230953 0.097470
v -0.123118 0.239397 0.094668
v -0.103717 0.201356 0.107381
v -0.109779 0.232007 0.078886
v -0.114058 0.251170 0.087706
v -0.117676 0.236421 0.045086
v -0.109382 0.225162 0.032691
v -0.109746 0.246476 0.061544
v -0.118295 0.273635 0.076585
v -0.126595 0.258529 0.055832
v -0.111767 0.281386 0.084747
v -0.125282 0.305149 0.077262
v -0.127521 0.240192 0.018313
v -0.108474 0.219660 0.012379
v -0.123270 0.228192 -0.009829
v -0.128230 0.250771 -0.033611
v -0.122174 0.241603 -0.044494
v -0.116580 0.332402 0.086157
v -0.101161 0.217831 0.019262
v -0.102007 0.195720 0.009054
v -0.110397 0.222536 -0.025342
v -0.110922 0.243943 -0.055582
v -0.102329 0.214604 -0.002589
v -0.099045 0.214350 -0.016711
v -0.107354 0.190599 -0.027605
v -0.118650 0.337921 -0.091608
v -0.125831 0.384451 -0.085536
v -0.123750 0.370434 -0.094441
v -0.120984 0.332010 -0.104076
v -0.117882 0.295637 -0.107777
v -0.115846 0.292052 -0.087082
v -0.117190 0.268113 -0.099270
v -0.115991 0.264811 -0.117744
v -0.118653 0.253927 -0.090243
v -0.119145 0.339030 -0.121989
v -0.123986 0.354664 -0.112976
v -0.130810 0.366455 -0.097959
v -0.132434 0.381633 -0.111026
v -0.129884 0.364248 -0.124683
v -0.123835 0.249319 -0.112128
v -0.123852 0.238614 -0.096581
v -0.138966 0.384814 -0.090981
v -0.117841 0.230610 -0.105919
v -0.118117 0.380864 -0.073726
v -0.142152 0.393074 -0.111512
v -0.141826 0.387810 -0.076319
v -0.144619 0.407444 -0.062757
v -0.147820 0.410837 -0.110164
v -0.141476 0.403328 -0.138006
v -0.139535 0.385136 -0.137140
v -0.146435 0.414763 -0.144449
v -0.151470 0.422923 -0.136426
v -0.150956 0.441909 -0.089384
v -0.151161 0.413910 -0.072117
v -0.149789 0.469666 -0.141669
v -0.149868 0.488527 -0.101992
v -0.150656 0.465099 -0.014671
v -0.148182 0.425005 -0.023596
v -0.149854 0.422086 0.023907
v -0.150975 0.453026 0.095451
v -0.148900 0.412581 0.040930
v -0.148452 0.415672 -0.034140
v -0.144884 0.412556 -0.003312
v -0.149182 0.490617 -0.008175
v -0.149763 0.488955 0.084440
v -0.147927 0.490969 0.126259
v -0.148267 0.480128 0.142297
v -0.148662 0.439557 0.145602
v -0.146617 0.409459 0.127942
v -0.151423 0.415802 0.074270
v -0.148663 0.417008 0.145771
v -0.147016 0.432018 -0.147790
v -0.138499 0.390191 -0.066346
v -0.145997 0.409102 0.085317
v -0.142453 0.392666 0.105730
v -0.143077 0.398092 0.066994
v -0.139060 0.384334 0.134081
v -0.138145 0.385632 0.083802
v -0.134597 0.373244 0.097481
v -0.128360 0.367220 0.109308
v -0.122476 0.349656 0.121422
v -0.119418 0.312574 0.104191
v -0.116174 0.290635 0.116225
v -0.117439 0.271872 0.102014
v -0.119259 0.255235 0.122813
v -0.121192 0.353328 0.093075
v -0.116352 0.366030 0.081080
v -0.139886 0.408185 0.063141
v -0.116151 0.383254 0.076440
v -0.134555 0.415961 0.147691
v -0.141261 0.495173 -0.131996
v -0.108997 0.290943 -0.118225
v -0.107706 0.232500 -0.120386
v -0.113082 0.247376 -0.126078
v -0.126593 0.377885 0.090969
v -0.125233 0.251529 0.110591
v -0.135018 0.410942 -0.025930
v -0.134555 0.415961 0.147691
v -0.148663 0.417008 0.145771
v -0.146617 0.409459 0.127942
v -0.123118 0.239397 0.094668
v -0.114058 0.251170 0.087706
v -0.112706 0.230953 0.097470
v -0.138560 0.411507 0.038198
v -0.135018 0.410942 -0.025930
v -0.098731 0.407906 0.016436
v -0.109527 0.408380 -0.047850
v -0.086816 0.405983 -0.054485
v -0.084609 0.405819 -0.036221
v -0.084502 0.405792 0.027892
v -0.144884 0.412556 -0.003312
v -0.136105 0.408305 -0.058821
v -0.109039 0.404309 0.060706
v -0.086808 0.401527 0.058327
v -0.139886 0.408185 0.063141
v -0.148900 0.412581 0.040930
v -0.144619 0.407444 -0.062757
v -0.145997 0.409102 0.085317
v -0.104794 0.404656 -0.060049
v -0.148452 0.415672 -0.034140
v -0.149854 0.422086 0.023907
v -0.148182 0.425005 -0.023596
v -0.096896 0.379838 0.069108
v -0.116151 0.383254 0.076440
v -0.109805 0.388586 0.066481
v -0.107855 0.362017 0.083936
v -0.096585 0.365011 0.073344
v -0.109039 0.404309 0.060706
v -0.086808 0.401527 0.058327
v -0.134196 0.391406 0.063620
v -0.116352 0.366030 0.081080
v -0.139886 0.408185 0.063141
v -0.143077 0.398092 0.066994
v -0.107198 0.348773 0.083355
v -0.116580 0.332402 0.086157
v -0.138145 0.385632 0.083802
v -0.126593 0.377885 0.090969
v -0.134597 0.373244 0.097481
v -0.121192 0.353328 0.093075
v -0.100011 0.413663 0.150300
v -0.081304 0.403144 0.142848
v -0.017448 0.412717 0.144097
v -0.037540 0.426306 0.149748
v 0.027081 0.427514 0.148797
v 0.005049 0.474842 0.149574
v -0.083942 0.451314 0.149669
v 0.094019 0.468567 0.149489
v 0.114470 0.422265 0.150601
v 0.053829 0.411399 0.147850
v 0.139570 0.439425 0.149990
v 0.034722 0.413173 0.148782
v 0.136933 0.486496 0.146872
v -0.134555 0.415961 0.147691
v -0.136199 0.471343 0.149662
v -0.098357 0.490931 0.147451
v -0.008933 0.491219 0.147707
v 0.143300 0.416782 0.147519
v 0.081917 0.494357 0.144046
v -0.148662 0.439557 0.145602
v -0.148663 0.417008 0.145771
v 0.118490 0.404632 0.144183
v -0.133485 0.495720 0.138021
v -0.148267 0.480128 0.142297
v 0.148908 0.446322 0.143896
v -0.130568 0.383940 0.138168
v -0.098996 0.391739 0.140734
v -0.070494 0.391508 0.139651
v -0.110894 0.366731 0.127051
v -0.122476 0.349656 0.121422
v -0.106042 0.320058 0.120514
v -0.116174 0.290635 0.116225
v -0.102555 0.284336 0.118160
v -0.094403 0.358118 0.121293
v -0.098235 0.368907 0.131547
v -0.119259 0.255235 0.122813
v -0.094571 0.257235 0.116048
v -0.087681 0.292097 0.114748
v -0.086723 0.336048 0.116302
v -0.081145 0.368199 0.116981
v -0.139060 0.384334 0.134081
v -0.104750 0.240670 0.123965
v -0.086951 0.384280 0.126921
v -0.073617 0.384863 0.127413
v -0.120801 0.236005 0.109660
v 0.141925 0.408804 0.138884
v -0.093588 0.234284 0.112291
v -0.106468 0.227506 0.108251
v -0.081792 0.276742 0.106378
v -0.015213 0.193204 0.100798
v -0.009335 0.126624 0.102910
v -0.003711 0.182743 0.099722
v -0.088740 -0.024354 0.108921
v -0.037409 -0.060260 0.109019
v -0.055605 0.024372 0.109401
v -0.072811 -0.132685 0.108380
v -0.009515 -0.079054 0.108093
v -0.099184 0.040645 0.107295
v 0.028949 -0.105710 0.108737
v -0.038898 -0.163315 0.109200
v 0.014570 -0.061166 0.108363
v 0.070208 -0.011726 0.109053
v 0.026648 0.015274 0.107851
v 0.089174 -0.051497 0.108325
v 0.084767 -0.127190 0.108501
v 0.058017 -0.159507 0.108715
v 0.104423 -0.163434 0.108917
v 0.050098 0.055941 0.109642
v -0.026642 -0.001463 0.107937
v -0.027122 0.076358 0.107205
v -0.062418 0.120936 0.109594
v -0.029019 0.164183 0.108433
v -0.029265 0.209641 0.108625
v -0.059126 0.224712 0.109744
v -0.103717 0.201356 0.107381
v -0.108364 0.124317 0.106943
v -0.099333 0.083790 0.109667
v -0.091153 -0.164270 0.111371
v 0.027865 0.166740 0.107769
v 0.050783 0.149408 0.109720
v 0.104380 0.104990 0.106835
v 0.098757 0.191514 0.109330
v 0.067440 0.223483 0.109714
v 0.095047 0.230212 0.111011
v 0.110123 0.228283 0.109929
v 0.026463 0.221294 0.105527
v -0.106646 -0.070374 0.105856
v -0.103954 -0.141745 0.107145
v 0.089801 0.253860 0.114078
v 0.098373 0.032994 0.103891
v 0.100707 0.000971 0.107250
v 0.107265 0.054970 0.102731
v 0.105351 -0.083002 0.105840
v 0.107166 -0.151666 0.106254
v -0.064476 0.249058 0.109690
v 0.086532 0.294860 0.114350
v 0.054020 0.239967 0.111702
v -0.105912 -0.003010 0.104321
v 0.101437 0.279000 0.117768
v -0.106874 0.068234 0.106754
v -0.041691 0.232074 0.114912
v 0.102775 0.332328 0.120427
v 0.119359 0.331413 0.120348
v 0.116974 0.265448 0.115849
v 0.111758 0.371815 0.129312
v 0.127214 0.365104 0.126821
v 0.085023 0.342396 0.116807
v 0.097356 0.368593 0.130914
v 0.086873 0.378818 0.123092
v 0.103937 -0.025115 0.101299
v -0.020713 0.220555 0.103755
v 0.137914 0.387137 0.138165
v -0.107101 -0.162397 0.102660
v 0.001910 -0.059465 0.103415
v -0.009396 0.014042 0.102917
v 0.019054 0.020946 0.099782
v 0.008035 0.029078 0.102276
v 0.018772 0.127323 0.099667
v 0.007928 0.141791 0.102244
v 0.007273 0.201782 0.101858
v 0.019119 0.194250 0.098213
v 0.008689 0.218180 0.105763
v -0.000578 0.214732 0.097348
v -0.000140 0.093994 0.096115
v -0.017870 0.005332 0.099643
v -0.018727 0.063776 0.099582
v -0.020363 0.141342 0.101255
v -0.023457 0.205746 0.102012
v -0.008737 0.216056 0.105569
v 0.109994 0.251788 0.125643
v 0.105098 0.237038 0.123637
v 0.121346 0.250067 0.124539
v 0.105792 0.392434 0.141410
v 0.068389 0.408462 0.141804
v 0.065484 0.394415 0.138604
v 0.078725 0.388383 0.140982
v 0.088830 0.385884 0.135593
v -0.000783 -0.001674 0.097390
v 0.108807 0.023374 0.099478
v 0.099131 -0.012265 0.097573
v -0.107784 0.045310 0.099346
v 0.108986 0.202927 0.103838
v 0.107136 0.149510 0.102919
v 0.109515 0.042341 0.088703
v 0.108278 -0.001431 0.096950
v 0.079752 0.311068 0.125169
v 0.132061 -0.210764 0.137713
v 0.144268 -0.212566 0.132482
v 0.142483 -0.207005 0.124461
v 0.132837 -0.203641 0.126079
v 0.122881 -0.203848 0.131419
v 0.066584 -0.202388 0.132935
v 0.069851 -0.210849 0.139486
v -0.068369 -0.200640 0.132722
v -0.015053 -0.213864 0.140393
v -0.085946 -0.213842 0.139751
v -0.133212 -0.211454 0.137907
v -0.126209 -0.200415 0.130440
v -0.141592 -0.209478 0.133843
v 0.024284 -0.183085 0.127662
v -0.079154 -0.181289 0.125352
v -0.104147 -0.189601 0.131474
v 0.088347 -0.188269 0.130442
v 0.139795 -0.231462 0.139377
v 0.099960 -0.240650 0.141027
v 0.124116 -0.195835 0.130815
v 0.121969 -0.183033 0.124971
v 0.009050 -0.251239 0.140987
v -0.099958 -0.259025 0.141099
v -0.142799 -0.251247 0.139160
v 0.128577 -0.300218 0.140590
v 0.070918 -0.284396 0.140150
v -0.096523 -0.329951 0.139826
v -0.022815 -0.337186 0.140320
v -0.040087 -0.381193 0.141615
v -0.121989 -0.381389 0.141321
v 0.107984 -0.355810 0.140282
v 0.092089 -0.379065 0.141087
v 0.136888 -0.377942 0.140537
v 0.044449 -0.339705 0.140003
v 0.062692 -0.314649 0.138736
v 0.033574 -0.380832 0.141365
v 0.144406 -0.319906 0.137347
v -0.144407 -0.348022 0.136768
v -0.145770 -0.380180 0.138821
v -0.144839 -0.221235 0.135577
v 0.146010 -0.376891 0.135932
v -0.121466 -0.181021 0.121612
v -0.116807 -0.168227 0.111175
v -0.017410 -0.177831 0.120562
v -0.014357 -0.166309 0.116210
v 0.050165 -0.176375 0.119790
v 0.051499 -0.166626 0.116797
v 0.096075 -0.174949 0.119870
v 0.118041 -0.176200 0.116041
v 0.114728 -0.167224 0.115836
v 0.146139 -0.248791 0.134048
v 0.132355 -0.190626 0.120890
v -0.132004 -0.190982 0.118803
v 0.034722 0.413173 0.148782
v 0.027081 0.427514 0.148797
v 0.027158 0.413615 0.134990
v -0.070494 0.391508 0.139651
v -0.063834 0.408190 0.140216
v -0.081304 0.403144 0.142848
v -0.142768 -0.317022 -0.043445
v -0.142718 -0.316890 -0.060642
v -0.146173 -0.332876 -0.055176
v -0.146803 -0.311792 0.014356
v -0.121870 0.311259 -0.027532
v -0.112396 0.318382 -0.032044
v -0.111865 0.301368 -0.033270
v -0.117006 0.332764 -0.019777
v -0.126488 0.324423 -0.012198
v -0.130210 0.301712 -0.015102
v -0.133159 0.313070 0.002526
v -0.124619 0.329561 0.006312
v -0.117018 0.334451 0.008643
v -0.121277 0.319277 0.025225
v -0.126473 0.298764 0.020558
v -0.112982 0.316854 0.032960
v -0.117876 0.308626 -0.041172
v -0.110567 0.285693 -0.023444
v -0.121386 0.343817 0.005931
v -0.122013 0.353893 -0.027067
v -0.120825 0.336616 -0.031623
v -0.118747 0.321994 -0.054969
v -0.118505 0.285699 -0.038957
v -0.120010 0.354055 0.019738
v -0.120347 0.334235 0.031349
v -0.120539 0.328202 0.053527
v -0.118600 0.308958 0.041558
v -0.122389 0.292068 0.054680
v -0.115217 0.298533 0.032903
v -0.128264 0.361307 0.043909
v -0.125838 0.347589 0.067301
v -0.125282 0.305149 0.077262
v -0.126595 0.258529 0.055832
v -0.124891 0.262063 0.037168
v -0.127521 0.240192 0.018313
v -0.115052 0.282029 0.019903
v -0.119441 0.260402 0.017120
v -0.120147 0.267344 -0.006100
v -0.122480 0.267901 -0.036280
v -0.128230 0.250771 -0.033611
v -0.126033 0.272728 -0.066959
v -0.127318 0.302047 -0.070380
v -0.122174 0.241603 -0.044494
v -0.114677 0.278625 -0.007752
v -0.121878 0.373688 0.049122
v -0.122287 0.384360 0.005146
v -0.127779 0.368026 -0.000606
v -0.127307 0.371377 -0.031198
v -0.126222 0.338649 -0.057946
v -0.123224 0.356675 -0.066217
v -0.122898 0.314300 -0.081132
v -0.116580 0.332402 0.086157
v -0.115846 0.292052 -0.087082
v -0.117423 0.375399 -0.053129
v -0.108762 0.350571 -0.083073
v -0.110922 0.243943 -0.055582
v -0.109427 0.026639 -0.059848
v -0.109066 0.129690 -0.038445
v -0.109777 0.098790 -0.085486
v -0.109621 0.207918 -0.057924
v -0.109339 0.187863 -0.096398
v -0.108044 -0.023609 -0.100501
v -0.109081 -0.074403 -0.080977
v -0.107354 0.190599 -0.027605
v -0.103798 -0.022383 -0.013857
v -0.107359 -0.080606 -0.002115
v -0.108857 -0.129463 0.011434
v -0.108836 -0.152733 -0.056891
v -0.107294 -0.127976 -0.096064
v -0.109781 -0.163241 -0.068819
v -0.109045 -0.069491 0.041959
v -0.107974 -0.019242 0.029399
v -0.109272 0.007488 0.073225
v -0.106225 0.064534 0.027601
v -0.108792 -0.091600 0.085754
v -0.108634 -0.139700 0.096581
v -0.109472 -0.162648 0.049217
v -0.110797 -0.163658 -0.011151
v -0.107101 -0.162397 0.102660
v -0.106646 -0.070374 0.105856
v -0.110397 0.222536 -0.025342
v -0.109939 0.273287 -0.083674
v -0.105912 -0.003010 0.104321
v -0.107784 0.045310 0.099346
v -0.109125 0.074835 0.050669
v -0.109793 0.099977 0.080531
v -0.109358 0.196277 0.049922
v -0.106923 0.183709 0.028945
v -0.108512 0.166273 0.099716
v -0.109779 0.232007 0.078886
v -0.109746 0.246476 0.061544
v -0.109382 0.225162 0.032691
v -0.108364 0.124317 0.106943
v -0.106874 0.068234 0.106754
v -0.114324 0.237083 -0.090592
v -0.105369 0.024993 -0.026938
v -0.104666 0.126854 -0.024897
v -0.105422 -0.113719 -0.105130
v -0.102616 -0.035962 0.009510
v -0.104598 -0.163164 -0.107941
v -0.098401 0.016533 0.000086
v -0.106938 0.066752 -0.105223
v -0.104571 0.150440 -0.106539
v -0.110609 0.228744 -0.102672
v -0.103717 0.201356 0.107381
v -0.099586 0.019572 0.019979
v -0.102274 0.082503 -0.008004
v -0.103954 -0.141745 0.107145
v -0.104779 0.212252 -0.107226
v -0.103273 0.002521 0.010678
v -0.102948 0.066866 0.009734
v -0.098429 0.114436 0.000227
v -0.098867 0.105333 0.018604
v -0.102389 0.134547 0.007785
v -0.102007 0.195720 0.009054
v -0.098221 0.195184 0.021509
v -0.101161 0.217831 0.019262
v -0.102332 0.190042 -0.007370
v -0.102329 0.214604 -0.002589
v -0.099045 0.214350 -0.016711
v -0.098973 0.180267 -0.019142
v -0.098559 0.107961 -0.018383
v -0.099017 0.037842 -0.017367
v -0.102024 -0.031064 -0.107209
v -0.099184 0.040645 0.107295
v -0.146895 -0.247035 0.022923
v -0.144376 -0.209575 0.055561
v -0.145394 -0.212011 -0.040716
v -0.146801 -0.238568 -0.057845
v -0.146907 -0.229010 -0.116628
v -0.147025 -0.269980 0.078225
v -0.146803 -0.311792 0.014356
v -0.146722 -0.288352 -0.037348
v -0.147114 -0.286102 -0.113025
v -0.147040 -0.261868 0.114909
v -0.146355 -0.212909 0.123355
v -0.146863 -0.322635 0.092344
v -0.146536 -0.294113 0.133894
v -0.146831 -0.366835 0.079781
v -0.144625 -0.305533 -0.060504
v -0.147005 -0.356085 -0.106410
v -0.145933 -0.312087 -0.135804
v -0.145747 -0.233546 -0.134552
v -0.146173 -0.332876 -0.055176
v -0.146651 -0.369199 -0.015710
v -0.148464 -0.381119 -0.124435
v -0.148103 -0.380925 -0.052415
v -0.146101 -0.336902 0.073979
v -0.144636 -0.313147 0.047710
v -0.144407 -0.348022 0.136768
v -0.148291 -0.381499 0.042599
v -0.148619 -0.381048 0.116583
v -0.144743 -0.303944 0.063163
v -0.144839 -0.221235 0.135577
v -0.145770 -0.380180 0.138821
v -0.142768 -0.317022 -0.043445
v -0.142799 -0.251247 0.139160
v -0.143068 -0.207816 -0.114228
v -0.142361 -0.307893 0.077242
v -0.141368 -0.212454 -0.135097
v -0.145307 -0.380883 -0.138022
v -0.142273 -0.323035 0.062108
v -0.141592 -0.209478 0.133843
v -0.135767 -0.203205 -0.043703
v -0.134064 -0.197935 -0.107501
v -0.127607 -0.183234 -0.051532
v -0.132982 -0.189355 0.032662
v -0.134363 -0.202561 0.053855
v -0.133935 -0.194809 0.086241
v -0.137156 -0.204573 0.107532
v -0.132004 -0.190982 0.118803
v -0.125508 -0.180709 -0.114386
v -0.127813 -0.186454 -0.124560
v -0.131228 -0.201983 -0.125790
v -0.126209 -0.200415 0.130440
v -0.124552 -0.178902 0.094000
v -0.118555 -0.167713 -0.068403
v -0.118147 -0.167185 0.051796
v -0.122936 -0.178168 0.051709
v -0.116997 -0.167239 -0.112641
v -0.116807 -0.168227 0.111175
v -0.121466 -0.181021 0.121612
v -0.122402 -0.199745 -0.131925
v -0.112287 -0.175597 -0.119807
v -0.011344 0.501385 0.026301
v 0.081586 0.500228 -0.041071
v -0.033902 0.500036 -0.091815
v 0.079073 0.499138 -0.118378
v 0.086138 0.499443 0.091560
v 0.138806 0.497647 -0.092619
v 0.135196 0.498137 -0.007837
v 0.140324 0.497041 0.077402
v 0.123522 0.497806 0.135593
v 0.134834 0.496248 -0.136243
v -0.118322 0.499107 -0.088288
v -0.093951 0.499022 0.120058
v -0.103281 0.499756 0.028479
v -0.002199 0.497553 0.135554
v -0.073729 0.497503 -0.137690
v -0.139505 0.497396 0.068900
v 0.033090 0.496666 -0.139868
v -0.133485 0.495720 0.138021
v -0.141141 0.497183 -0.069920
v -0.141261 0.495173 -0.131996
v 0.081917 0.494357 0.144046
v 0.112655 0.491921 -0.145765
v -0.098357 0.490931 0.147451
v -0.147927 0.490969 0.126259
v 0.144626 0.489048 0.136740
v -0.008933 0.491219 0.147707
v 0.148446 0.489839 0.110732
v 0.147614 0.490808 0.014362
v 0.147970 0.490234 -0.080328
v 0.136933 0.486496 0.146872
v 0.149419 0.486182 -0.130125
v -0.149182 0.490617 -0.008175
v -0.149763 0.488955 0.084440
v -0.149868 0.488527 -0.101992
v -0.148267 0.480128 0.142297
v 0.142876 0.477756 -0.147085
v -0.149789 0.469666 -0.141669
v -0.141261 0.495173 -0.131996
v -0.133646 0.480414 -0.148024
v -0.074412 0.490963 -0.147430
v -0.073729 0.497503 -0.137690
v 0.033090 0.496666 -0.139868
v 0.044264 0.487713 -0.148730
v 0.112655 0.491921 -0.145765
v -0.142768 -0.317022 -0.043445
v -0.137515 -0.327942 -0.042042
v -0.142718 -0.316890 -0.060642
v -0.134892 -0.318899 -0.065970
v -0.142718 -0.316890 -0.060642
v -0.134892 -0.318899 -0.065970
v -0.132340 -0.303074 -0.058679
v -0.144625 -0.305533 -0.060504
v -0.146173 -0.332876 -0.055176
v 0.040041 0.107870 -0.108691
v 0.071831 0.168838 -0.108654
v 0.085493 0.093011 -0.108487
v 0.071257 -0.020621 -0.108280
v 0.027901 0.185395 -0.107389
v 0.091269 0.024728 -0.107633
v 0.042541 0.224951 -0.110637
v 0.078735 0.230357 -0.108810
v 0.066814 0.251140 -0.109290
v 0.026331 0.082932 -0.106258
v 0.026216 -0.010050 -0.107870
v 0.030463 -0.071189 -0.108581
v 0.062950 -0.130481 -0.108349
v -0.013077 -0.146514 -0.108433
v 0.024195 -0.162953 -0.108664
v -0.065876 -0.163357 -0.109347
v -0.064748 -0.094462 -0.108240
v -0.005838 -0.030039 -0.102384
v 0.098925 -0.062324 -0.105869
v 0.105883 -0.115548 -0.105727
v 0.093103 -0.164266 -0.112088
v -0.105422 -0.113719 -0.105130
v -0.104598 -0.163164 -0.107941
v -0.102024 -0.031064 -0.107209
v -0.071271 0.033055 -0.108584
v -0.023161 -0.016899 -0.106436
v -0.066308 0.142596 -0.108659
v -0.028080 0.182569 -0.107497
v -0.029395 0.071973 -0.106819
v -0.054442 0.235008 -0.109852
v -0.084636 0.244759 -0.110782
v -0.081188 0.275411 -0.110797
v -0.106938 0.066752 -0.105223
v -0.104571 0.150440 -0.106539
v -0.104779 0.212252 -0.107226
v -0.026016 0.222644 -0.111080
v 0.083411 0.277734 -0.112755
v 0.091410 0.237226 -0.110306
v 0.014973 -0.020502 -0.102483
v 0.000842 0.026893 -0.097615
v 0.088534 -0.017703 -0.105976
v 0.106983 0.176516 -0.102649
v 0.098831 0.159705 -0.104825
v 0.107573 0.104616 -0.106269
v 0.108155 0.226699 -0.106830
v 0.103787 0.042847 -0.100861
v 0.015358 0.055748 -0.100843
v 0.007969 0.130676 -0.100914
v 0.020097 0.160984 -0.098770
v 0.011913 0.190503 -0.101840
v 0.022724 0.219493 -0.102017
v 0.002183 0.218710 -0.099692
v -0.019307 0.013938 -0.098853
v -0.009792 0.077487 -0.102167
v -0.019797 0.162466 -0.098758
v -0.010845 0.177100 -0.102986
v -0.021571 0.219512 -0.100817
v -0.001479 0.196556 -0.095686
v 0.106348 -0.008512 -0.097252
v -0.009753 0.217712 -0.106409
v 0.107106 -0.162169 -0.104066
v -0.096592 0.262501 -0.118908
v -0.098981 0.231543 -0.112195
v -0.085720 0.311492 -0.119317
v -0.097795 0.318826 -0.118681
v -0.108997 0.290943 -0.118225
v -0.115991 0.264811 -0.117744
v -0.084658 0.348813 -0.112875
v -0.107444 0.345652 -0.123312
v -0.119145 0.339030 -0.121989
v -0.089775 0.378437 -0.124131
v -0.118294 0.376558 -0.131017
v -0.089585 0.382859 -0.135685
v -0.081316 0.372231 -0.120148
v -0.073487 0.385205 -0.122905
v -0.129884 0.364248 -0.124683
v -0.113082 0.247376 -0.126078
v -0.096831 0.237594 -0.120559
v -0.107706 0.232500 -0.120386
v -0.139535 0.385136 -0.137140
v -0.000993 0.119626 -0.093976
v -0.110609 0.228744 -0.102672
v -0.117882 0.295637 -0.107777
v -0.001316 -0.168094 -0.116064
v 0.084561 -0.182796 -0.125650
v 0.015750 -0.178403 -0.119829
v -0.061398 -0.177808 -0.119218
v -0.086672 -0.167008 -0.116823
v -0.112287 -0.175597 -0.119807
v 0.122103 -0.188330 -0.125596
v 0.085928 -0.205105 -0.134407
v 0.023130 -0.187743 -0.129238
v 0.014766 -0.203989 -0.133144
v -0.055390 -0.204496 -0.135344
v -0.066732 -0.183408 -0.126923
v -0.122402 -0.199745 -0.131925
v -0.127813 -0.186454 -0.124560
v 0.020544 -0.218537 -0.140143
v 0.056120 -0.236744 -0.140304
v -0.001080 -0.284434 -0.139642
v 0.063522 -0.307066 -0.139325
v 0.116062 -0.283169 -0.140087
v 0.090879 -0.362037 -0.139551
v -0.108069 -0.229915 -0.140256
v -0.041295 -0.226416 -0.140306
v -0.091463 -0.285140 -0.139813
v -0.137517 -0.264350 -0.140059
v -0.139189 -0.341149 -0.139637
v -0.100783 -0.344576 -0.139579
v -0.130168 -0.374786 -0.139640
v -0.080054 -0.381254 -0.139941
v -0.040993 -0.350706 -0.139493
v 0.000059 -0.381248 -0.140100
v 0.022255 -0.354262 -0.139615
v 0.059618 -0.381071 -0.139817
v 0.113397 -0.381317 -0.139911
v 0.137695 -0.358329 -0.139160
v -0.125328 -0.214769 -0.139740
v 0.121347 -0.226214 -0.140200
v 0.145008 -0.303839 -0.136497
v 0.142716 -0.222587 -0.137565
v 0.146805 -0.381619 -0.137120
v 0.135259 -0.208757 -0.135750
v -0.145307 -0.380883 -0.138022
v -0.115130 -0.382016 -0.144243
v -0.141368 -0.212454 -0.135097
v 0.115617 -0.168036 -0.114942
v -0.145747 -0.233546 -0.134552
v -0.145933 -0.312087 -0.135804
v -0.116997 -0.167239 -0.112641
v -0.125508 -0.180709 -0.114386
v -0.131228 -0.201983 -0.125790
v 0.144649 -0.210794 -0.128984
v 0.061590 0.254019 -0.121609
v -0.007953 0.357027 -0.117660
v -0.044961 0.346785 -0.124411
v 0.006914 0.363246 -0.125572
v -0.035924 0.345621 -0.117179
v -0.054200 0.316452 -0.118992
v -0.070504 0.320392 -0.127491
v -0.045792 0.273696 -0.124911
v -0.023366 0.272743 -0.118827
v -0.003568 0.253001 -0.121814
v -0.022787 0.241671 -0.128271
v 0.020341 0.239107 -0.128509
v 0.029113 0.263766 -0.121114
v 0.052354 0.258892 -0.128106
v 0.000465 0.224464 -0.121608
v 0.053492 0.290580 -0.122175
v 0.027550 0.229674 -0.121653
v -0.045283 0.364094 -0.127746
v -0.038609 0.325755 -0.119799
v -0.059308 0.255814 -0.124061
v 0.016823 0.273808 -0.118943
v 0.078256 0.301465 -0.124204
v 0.067926 0.319236 -0.127489
v 0.055429 0.320208 -0.118219
v 0.044519 0.317891 -0.120607
v 0.028971 0.349232 -0.118410
v 0.049922 0.348404 -0.125658
v -0.019090 0.342883 -0.122139
v 0.065383 0.357423 -0.123949
v -0.042918 0.302032 -0.119200
v 0.086953 0.339363 -0.116217
v 0.083411 0.277734 -0.112755
v 0.100364 0.304018 -0.117373
v 0.099855 0.354769 -0.123056
v 0.118842 0.320768 -0.116908
v 0.126645 0.359324 -0.123162
v 0.101098 0.381112 -0.132735
v 0.079609 0.384792 -0.124771
v 0.134219 0.392130 -0.140459
v 0.141861 0.386863 -0.131922
v 0.142510 0.406286 -0.136227
v 0.097552 0.406851 -0.141869
v 0.131210 0.412582 -0.146731
v 0.146588 0.420001 -0.144515
v 0.060168 0.409366 -0.141639
v 0.105105 0.391959 -0.140736
v 0.122898 0.432114 -0.150018
v 0.115301 0.264680 -0.118196
v 0.082159 0.371781 -0.120553
v 0.095703 0.264384 -0.117443
v -0.022126 0.285369 -0.116342
v 0.035841 0.371312 -0.127654
v 0.061590 0.254019 -0.121609
v -0.077217 0.279849 -0.122787
v -0.085720 0.311492 -0.119317
v 0.029671 0.289832 -0.114529
v -0.037918 0.233478 -0.120679
v -0.074661 0.347369 -0.122864
v -0.084658 0.348813 -0.112875
v 0.074289 0.442546 -0.149509
v 0.035558 0.415869 -0.149156
v 0.027111 0.422525 -0.144520
v -0.014405 0.426982 -0.149425
v -0.004136 0.412923 -0.144439
v -0.002676 0.472188 -0.149727
v -0.088918 0.453182 -0.149378
v -0.068892 0.411843 -0.147702
v -0.116883 0.417095 -0.150246
v -0.129735 0.404643 -0.142781
v -0.095318 0.404891 -0.141853
v -0.119961 0.388753 -0.141067
v -0.089585 0.382859 -0.135685
v -0.118294 0.376558 -0.131017
v -0.146435 0.414763 -0.144449
v -0.063835 0.404417 -0.139624
v -0.064831 0.389664 -0.137884
v -0.074412 0.490963 -0.147430
v -0.139535 0.385136 -0.137140
v 0.044264 0.487713 -0.148730
v -0.033528 0.413669 -0.140840
v -0.133646 0.480414 -0.148024
v -0.147016 0.432018 -0.147790
v 0.089386 0.246402 -0.117063
v 0.100293 0.234671 -0.120029
v 0.112655 0.491921 -0.145765
v 0.142876 0.477756 -0.147085
v 0.134834 0.496248 -0.136243
v -0.005674 0.381368 -0.125142
v 0.042541 0.224951 -0.110637
v 0.114103 0.250190 -0.126747
v 0.143492 0.451072 -0.149035
v 0.150027 0.459092 -0.140879
v -0.149789 0.469666 -0.141669
v -0.034154 0.314879 -0.111583
v -0.013653 0.329980 -0.121805
v -0.026505 0.308023 -0.123292
v -0.006649 0.314147 -0.132323
v 0.008841 0.325852 -0.127383
v 0.022122 0.304312 -0.126411
v 0.008244 0.290284 -0.126822
v -0.032828 0.294970 -0.110352
v -0.007892 0.293997 -0.130143
v 0.035483 0.307562 -0.112679
v 0.005294 0.279555 -0.113450
v -0.141476 0.403328 -0.138006
v 0.125732 0.249896 -0.118956
v 0.072708 0.389375 -0.140283
v -0.005674 0.381368 -0.125142
v 0.035841 0.371312 -0.127654
v 0.006914 0.363246 -0.125572
v 0.049922 0.348404 -0.125658
v 0.028971 0.349232 -0.118410
v 0.055429 0.320208 -0.118219
v -0.007953 0.357027 -0.117660
v 0.028971 0.349232 -0.118410
v 0.022099 0.332950 -0.119692
v -0.019090 0.342883 -0.122139
v -0.013653 0.329980 -0.121805
v 0.008841 0.325852 -0.127383
v 0.044519 0.317891 -0.120607
v 0.022122 0.304312 -0.126411
v 0.035483 0.307562 -0.112679
v 0.029671 0.289832 -0.114529
v 0.008244 0.290284 -0.126822
v 0.005294 0.279555 -0.113450
v -0.022126 0.285369 -0.116342
v -0.007892 0.293997 -0.130143
v -0.026505 0.308023 -0.123292
v -0.032828 0.294970 -0.110352
v -0.142273 -0.323035 0.062108
v -0.144743 -0.303944 0.063163
v -0.134196 -0.313274 0.076933
v -0.136609 -0.331184 0.068664
v -0.142273 -0.323035 0.062108
v -0.136609 -0.331184 0.068664
v -0.134563 -0.314574 0.048176
v -0.144636 -0.313147 0.047710
v -0.142768 -0.317022 -0.043445
v -0.132340 -0.303074 -0.058679
v -0.132292 -0.311528 -0.044661
v -0.144625 -0.305533 -0.060504
v -0.137515 -0.327942 -0.042042
v -0.134196 -0.313274 0.076933
v -0.137235 -0.305840 0.057387
v -0.135573 -0.297847 0.062870
v -0.144743 -0.303944 0.063163
v -0.144636 -0.313147 0.047710
v -0.137235 -0.305840 0.057387
v -0.134563 -0.314574 0.048176
v -0.134196 -0.313274 0.076933
v -0.135573 -0.297847 0.062870
v -0.137235 -0.305840 0.057387
v -0.134563 -0.314574 0.048176
v -0.125545 0.395458 -0.061335
v -0.118117 0.380864 -0.073726
v -0.096374 0.385901 -0.064605
v -0.138499 0.390191 -0.066346
v -0.110581 0.376359 -0.080229
v -0.136105 0.408305 -0.058821
v -0.144619 0.407444 -0.062757
v -0.104794 0.404656 -0.060049
v -0.085496 0.393260 -0.058748
v -0.086816 0.405983 -0.054485
v -0.092395 0.373564 -0.066588
v -0.108762 0.350571 -0.083073
v -0.115846 0.292052 -0.087082
v -0.118650 0.337921 -0.091608
v -0.138966 0.384814 -0.090981
v -0.130810 0.366455 -0.097959
v -0.125831 0.384451 -0.085536
v -0.123750 0.370434 -0.094441
v -0.120984 0.332010 -0.104076
v -0.141826 0.387810 -0.076319
v -0.138499 0.390191 -0.066346
v -0.126489 0.289238 0.003896
v -0.130210 0.301712 -0.015102
v -0.120599 0.289950 -0.019484
v -0.114677 0.278625 -0.007752
v -0.115052 0.282029 0.019903
v -0.126473 0.298764 0.020558
v -0.133159 0.313070 0.002526
v -0.115217 0.298533 0.032903
v -0.110567 0.285693 -0.023444
v -0.121870 0.311259 -0.027532
v -0.111865 0.301368 -0.033270
v -0.086248 0.390580 0.047408
v -0.084502 0.405792 0.027892
v -0.084853 0.395575 -0.031348
v -0.084609 0.405819 -0.036221
v -0.085496 0.393260 -0.058748
v -0.086808 0.401527 0.058327
v -0.086816 0.405983 -0.054485
v -0.092395 0.373564 -0.066588
v -0.091702 0.378715 -0.048672
v -0.090131 0.388329 0.005164
v -0.093541 0.376796 0.052277
v -0.096896 0.379838 0.069108
v -0.096585 0.365011 0.073344
v -0.111959 0.361558 0.073392
v -0.105558 0.376490 0.055856
v -0.107233 0.388947 0.020357
v -0.107198 0.348773 0.083355
v -0.116580 0.332402 0.086157
v -0.121878 0.373688 0.049122
v -0.122287 0.384360 0.005146
v -0.105583 0.385295 -0.035540
v -0.127307 0.371377 -0.031198
v -0.117423 0.375399 -0.053129
v -0.125838 0.347589 0.067301
v -0.109809 0.363043 -0.071330
v -0.108762 0.350571 -0.083073
v -0.123224 0.356675 -0.066217
v -0.121386 0.343817 0.005931
v -0.117006 0.332764 -0.019777
v -0.117018 0.334451 0.008643
v -0.120825 0.336616 -0.031623
v -0.112396 0.318382 -0.032044
v -0.120347 0.334235 0.031349
v -0.112982 0.316854 0.032960
v -0.118600 0.308958 0.041558
v -0.117876 0.308626 -0.041172
v -0.123852 0.238614 -0.096581
v -0.114324 0.237083 -0.090592
v -0.118653 0.253927 -0.090243
v -0.109939 0.273287 -0.083674
v -0.115846 0.292052 -0.087082
v -0.117841 0.230610 -0.105919
v -0.107706 0.232500 -0.120386
v -0.098981 0.231543 -0.112195
v -0.110609 0.228744 -0.102672
v -0.114324 0.237083 -0.090592
v -0.123852 0.238614 -0.096581
v -0.109779 0.232007 0.078886
v -0.114058 0.251170 0.087706
v -0.111767 0.281386 0.084747
v -0.076533 0.380958 -0.106904
v -0.081316 0.372231 -0.120148
v -0.073487 0.385205 -0.122905
v -0.062753 0.392651 -0.100376
v -0.064831 0.389664 -0.137884
v -0.089585 0.382859 -0.135685
v -0.089775 0.378437 -0.124131
v -0.107444 0.345652 -0.123312
v -0.084658 0.348813 -0.112875
v -0.097795 0.318826 -0.118681
v -0.067083 0.371126 -0.093649
v -0.055983 0.405397 -0.086661
v -0.060911 0.403500 -0.120065
v -0.063835 0.404417 -0.139624
v -0.017448 0.412717 0.144097
v -0.000754 0.409469 0.119985
v 0.027158 0.413615 0.134990
v -0.056686 0.408324 0.119183
v -0.038246 0.406764 0.088959
v -0.057406 0.405801 0.086258
v 0.030632 0.406187 0.085384
v 0.057910 0.406599 0.093099
v 0.056782 0.408552 0.127406
v -0.063834 0.408190 0.140216
v 0.053829 0.411399 0.147850
v 0.068389 0.408462 0.141804
v 0.034722 0.413173 0.148782
v 0.118490 0.404632 0.144183
v 0.027081 0.427514 0.148797
v -0.081304 0.403144 0.142848
v -0.073617 0.384863 0.127413
v -0.075842 0.384775 0.109767
v -0.062796 0.394279 0.109196
v -0.060605 0.389948 0.088632
v -0.070494 0.391508 0.139651
v -0.063834 0.408190 0.140216
v -0.056686 0.408324 0.119183
v -0.057406 0.405801 0.086258
v -0.081145 0.368199 0.116981
v -0.076703 0.363673 0.100417
v -0.086723 0.336048 0.116302
v -0.086951 0.384280 0.126921
v -0.073617 0.384863 0.127413
v -0.070494 0.391508 0.139651
v -0.098996 0.391739 0.140734
v 0.079752 0.311068 0.125169
v 0.085023 0.342396 0.116807
v 0.066173 0.340179 0.126840
v 0.065018 0.366851 0.116397
v 0.038124 0.377121 0.124908
v 0.063744 0.278865 0.128330
v 0.069418 0.266484 0.121744
v -0.064575 0.290245 0.126566
v -0.015927 0.259444 0.121812
v -0.053098 0.310317 0.118010
v -0.044406 0.249103 0.127585
v -0.005474 0.239949 0.128542
v 0.031879 0.250111 0.127922
v 0.027458 0.271326 0.119504
v -0.004140 0.274307 0.118839
v -0.029681 0.288615 0.115975
v 0.023482 0.288285 0.116529
v 0.053085 0.316814 0.118928
v 0.032150 0.319616 0.114991
v 0.056092 0.293669 0.123027
v 0.023665 0.228827 0.122748
v -0.063921 0.331180 0.126353
v -0.043151 0.363449 0.127620
v -0.071815 0.357798 0.117012
v -0.081414 0.321466 0.123817
v -0.086723 0.336048 0.116302
v -0.028962 0.381144 0.123494
v 0.006075 0.373147 0.128134
v -0.071191 0.269789 0.121680
v -0.087681 0.292097 0.114748
v -0.000907 0.387742 0.119450
v -0.021247 0.336954 0.120411
v 0.029269 0.339819 0.121919
v -0.014568 0.358562 0.121362
v -0.042394 0.344060 0.120767
v -0.045234 0.315124 0.121081
v 0.003194 0.335363 0.118212
v -0.035668 0.310162 0.112753
v -0.019100 0.295261 0.124093
v 0.008092 0.291601 0.128268
v -0.005654 0.309465 0.133681
v 0.017496 0.321691 0.127189
v 0.026098 0.309126 0.123769
v -0.004893 0.327886 0.127143
v -0.025056 0.317593 0.123993
v -0.037918 0.233478 -0.120679
v -0.022787 0.241671 -0.128271
v 0.000465 0.224464 -0.121608
v -0.026016 0.222644 -0.111080
v -0.009753 0.217712 -0.106409
v -0.054442 0.235008 -0.109852
v -0.059308 0.255814 -0.124061
v -0.081188 0.275411 -0.110797
v -0.077217 0.279849 -0.122787
v -0.085720 0.311492 -0.119317
v -0.021571 0.219512 -0.100817
v 0.002183 0.218710 -0.099692
v 0.027550 0.229674 -0.121653
v 0.022724 0.219493 -0.102017
v 0.042541 0.224951 -0.110637
v -0.064476 0.249058 0.109690
v -0.071191 0.269789 0.121680
v -0.081792 0.276742 0.106378
v -0.087681 0.292097 0.114748
v -0.041691 0.232074 0.114912
v -0.044406 0.249103 0.127585
v -0.006403 0.223916 0.120270
v 0.023665 0.228827 0.122748
v -0.005474 0.239949 0.128542
v 0.008689 0.218180 0.105763
v -0.008737 0.216056 0.105569
v -0.020713 0.220555 0.103755
v -0.059126 0.224712 0.109744
v 0.026463 0.221294 0.105527
v -0.000578 0.214732 0.097348
v 0.054020 0.239967 0.111702
v 0.069418 0.266484 0.121744
v 0.031879 0.250111 0.127922
v 0.063744 0.278865 0.128330
v 0.086532 0.294860 0.114350
v 0.079752 0.311068 0.125169
v -0.084658 0.348813 -0.112875
v -0.057454 0.371270 -0.117073
v -0.074661 0.347369 -0.122864
v -0.045283 0.364094 -0.127746
v -0.005674 0.381368 -0.125142
v -0.002483 0.390697 -0.104865
v 0.034252 0.384808 -0.116335
v -0.042750 0.384163 -0.106627
v -0.026696 0.390368 -0.087912
v -0.067083 0.371126 -0.093649
v 0.035841 0.371312 -0.127654
v 0.065383 0.357423 -0.123949
v 0.042996 0.380914 -0.093555
v 0.062615 0.371123 -0.109528
v 0.086953 0.339363 -0.116217
v 0.077964 0.356367 -0.100559
v 0.037448 0.392560 -0.085904
v 0.060967 0.391440 -0.087909
v 0.010961 0.406127 -0.084098
v -0.055983 0.405397 -0.086661
v 0.056637 0.405931 -0.085422
v 0.042996 0.380914 -0.093555
v 0.077964 0.356367 -0.100559
v 0.062615 0.371123 -0.109528
v -0.000907 0.387742 0.119450
v 0.043719 0.382567 0.109615
v 0.004721 0.390662 0.103346
v 0.022454 0.389309 0.089057
v 0.038124 0.377121 0.124908
v 0.064060 0.373733 0.093836
v 0.065018 0.366851 0.116397
v -0.046685 0.380565 0.105459
v -0.040668 0.386091 0.089636
v -0.028962 0.381144 0.123494
v -0.006719 0.387708 0.090500
v -0.076703 0.363673 0.100417
v -0.071815 0.357798 0.117012
v 0.083038 0.349806 0.104919
v 0.085023 0.342396 0.116807
v -0.060605 0.389948 0.088632
v 0.050455 0.396681 0.084622
v -0.086723 0.336048 0.116302
v -0.036983 0.408807 -0.115388
v 0.022078 0.410778 -0.132051
v 0.035511 0.408111 -0.098546
v 0.010961 0.406127 -0.084098
v -0.055983 0.405397 -0.086661
v -0.004136 0.412923 -0.144439
v 0.056637 0.405931 -0.085422
v 0.060168 0.409366 -0.141639
v -0.033528 0.413669 -0.140840
v -0.060911 0.403500 -0.120065
v -0.063835 0.404417 -0.139624
v 0.061150 0.402719 -0.105671
v 0.035558 0.415869 -0.149156
v 0.027111 0.422525 -0.144520
v 0.073861 0.380285 -0.103770
v 0.061150 0.402719 -0.105671
v 0.062963 0.393085 -0.133230
v 0.060168 0.409366 -0.141639
v 0.060967 0.391440 -0.087909
v 0.056637 0.405931 -0.085422
v 0.077964 0.356367 -0.100559
v 0.086953 0.339363 -0.116217
v 0.082159 0.371781 -0.120553
v 0.079609 0.384792 -0.124771
v 0.072708 0.389375 -0.140283
v 0.101098 0.381112 -0.132735
v -0.038246 0.406764 0.088959
v 0.022454 0.389309 0.089057
v 0.030632 0.406187 0.085384
v 0.050455 0.396681 0.084622
v -0.038477 0.399204 0.085234
v -0.040668 0.386091 0.089636
v -0.060605 0.389948 0.088632
v -0.057406 0.405801 0.086258
v 0.057910 0.406599 0.093099
v 0.063180 0.393321 0.090584
v 0.064060 0.373733 0.093836
v 0.078725 0.388383 0.140982
v 0.088830 0.385884 0.135593
v 0.105792 0.392434 0.141410
v 0.073376 0.384809 0.126988
v 0.086873 0.378818 0.123092
v 0.065484 0.394415 0.138604
v 0.063750 0.392299 0.113762
v 0.077200 0.384323 0.113253
v 0.063180 0.393321 0.090584
v 0.097356 0.368593 0.130914
v 0.056782 0.408552 0.127406
v 0.057910 0.406599 0.093099
v 0.102775 0.332328 0.120427
v 0.068389 0.408462 0.141804
v 0.079600 0.369855 0.117505
v 0.083248 0.367256 0.108027
v 0.085023 0.342396 0.116807
v 0.083038 0.349806 0.104919
v 0.064060 0.373733 0.093836
v -0.032828 0.294970 -0.110352
v -0.042918 0.302032 -0.119200
v -0.034154 0.314879 -0.111583
v -0.038609 0.325755 -0.119799
v -0.022126 0.285369 -0.116342
v -0.042918 0.302032 -0.119200
v -0.032828 0.294970 -0.110352
v 0.079600 0.369855 0.117505
v 0.086873 0.378818 0.123092
v 0.073376 0.384809 0.126988
v 0.116155 0.309441 0.094002
v 0.124704 0.348566 0.066400
v 0.111196 0.344343 0.085303
v 0.111455 0.367206 0.081709
v 0.104570 0.388363 0.065757
v 0.122074 0.383837 0.081476
v 0.124917 0.348820 0.100045
v 0.141069 0.390081 0.087296
v 0.086789 0.389716 0.060322
v 0.116160 0.404886 0.060408
v 0.084471 0.405884 0.053943
v 0.135284 0.390212 0.065995
v 0.143024 0.408120 0.064210
v 0.116155 0.309441 0.094002
v 0.111196 0.344343 0.085303
v 0.094257 0.370482 0.065672
v 0.086789 0.389716 0.060322
v 0.084719 0.402481 0.022143
v 0.084471 0.405884 0.053943
v 0.121979 0.384408 -0.081263
v 0.124207 0.391084 -0.061674
v 0.091955 0.387372 -0.061535
v 0.139675 0.391782 -0.064218
v 0.140359 0.387158 -0.083247
v 0.127685 0.364765 -0.096213
v 0.098599 0.370028 -0.073603
v 0.113754 0.366915 -0.082668
v 0.113631 0.340825 -0.085198
v 0.113759 0.404437 -0.059602
v 0.084631 0.405001 -0.056260
v 0.140899 0.407188 -0.063303
v 0.122439 0.408527 0.048096
v 0.104991 0.408218 -0.013359
v 0.142985 0.412915 0.033210
v 0.084719 0.402481 0.022143
v 0.137206 0.410564 -0.029816
v 0.146580 0.413454 0.004323
v 0.084471 0.405884 0.053943
v 0.143024 0.408120 0.064210
v 0.116160 0.404886 0.060408
v 0.147721 0.419883 -0.029305
v 0.122113 0.379493 0.035437
v 0.123966 0.382273 -0.002314
v 0.107737 0.389794 0.019756
v 0.104423 0.386532 -0.027224
v 0.118656 0.370541 -0.054108
v 0.089413 0.383127 -0.038557
v 0.098599 0.370028 -0.073603
v 0.090350 0.387835 0.022988
v 0.104755 0.374561 0.057098
v 0.094257 0.370482 0.065672
v 0.119354 0.364100 0.064863
v 0.111196 0.344343 0.085303
v 0.113631 0.340825 -0.085198
v 0.084631 0.405001 -0.056260
v 0.084719 0.402481 0.022143
v 0.086789 0.389716 0.060322
v 0.091955 0.387372 -0.061535
v 0.116013 0.235259 -0.116466
v 0.125732 0.249896 -0.118956
v 0.125366 0.242791 -0.105600
v 0.115492 0.232516 -0.096454
v 0.108155 0.226699 -0.106830
v 0.114103 0.250190 -0.126747
v 0.100293 0.234671 -0.120029
v 0.091410 0.237226 -0.110306
v 0.089386 0.246402 -0.117063
v 0.100293 0.234671 -0.120029
v 0.108155 0.226699 -0.106830
v 0.083411 0.277734 -0.112755
v 0.116296 0.328426 0.023699
v 0.115927 0.336312 0.005706
v 0.121553 0.343259 -0.006388
v 0.127773 0.282376 0.065761
v 0.127070 0.251178 0.048780
v 0.121458 0.274671 0.042403
v 0.119183 0.313726 0.048159
v 0.127947 0.246580 0.015982
v 0.120185 0.228391 0.024663
v 0.126798 0.235479 -0.018112
v 0.120802 0.264861 -0.019325
v 0.127250 0.249789 -0.044099
v 0.120294 0.262673 0.068645
v 0.115294 0.286492 0.025623
v 0.124276 0.309680 0.080977
v 0.119574 0.265650 0.012254
v 0.121716 0.287775 -0.052609
v 0.117527 0.294996 -0.038541
v 0.118097 0.320544 -0.054052
v 0.120563 0.323231 -0.039628
v 0.112579 0.280863 -0.015887
v 0.127720 0.298853 -0.069614
v 0.124150 0.290961 -0.077934
v 0.125253 0.340768 -0.072149
v 0.115633 0.305808 -0.091441
v 0.113631 0.340825 -0.085198
v 0.118828 0.324624 -0.100617
v 0.113754 0.366915 -0.082668
v 0.127685 0.364765 -0.096213
v 0.128462 0.371919 -0.109353
v 0.118842 0.320768 -0.116908
v 0.140359 0.387158 -0.083247
v 0.142950 0.396079 -0.099811
v 0.141861 0.386863 -0.131922
v 0.142510 0.406286 -0.136227
v 0.148927 0.417183 -0.074969
v 0.146588 0.420001 -0.144515
v 0.148800 0.451314 -0.092143
v 0.150027 0.459092 -0.140879
v 0.147721 0.419883 -0.029305
v 0.149423 0.475101 -0.012645
v 0.147970 0.490234 -0.080328
v 0.137206 0.410564 -0.029816
v 0.147614 0.490808 0.014362
v 0.140899 0.407188 -0.063303
v 0.149419 0.486182 -0.130125
v 0.143492 0.451072 -0.149035
v 0.149135 0.429862 0.028124
v 0.126645 0.359324 -0.123162
v 0.116260 0.305926 0.031744
v 0.116296 0.328426 0.023699
v 0.122111 0.342889 0.021399
v 0.119203 0.353203 0.020015
v 0.125887 0.293282 0.018249
v 0.124646 0.284407 0.003667
v 0.131380 0.297500 -0.000945
v 0.123726 0.291361 -0.019005
v 0.128258 0.308155 -0.020353
v 0.130007 0.320012 -0.007941
v 0.122373 0.322589 -0.022581
v 0.126030 0.329811 0.001475
v 0.118400 0.333339 -0.012886
v 0.115927 0.336312 0.005706
v 0.113012 0.299962 -0.032229
v 0.127271 0.318371 0.017502
v 0.120346 0.262850 -0.105290
v 0.125864 0.328765 0.060109
v 0.121240 0.346504 -0.039271
v 0.124894 0.327610 -0.060144
v 0.118656 0.370541 -0.054108
v 0.148993 0.452227 0.096289
v 0.148446 0.489839 0.110732
v 0.144626 0.489048 0.136740
v 0.148908 0.446322 0.143896
v 0.136933 0.486496 0.146872
v 0.149227 0.414577 0.134641
v 0.143300 0.416782 0.147519
v 0.141925 0.408804 0.138884
v 0.146859 0.410307 0.095447
v 0.146580 0.413454 0.004323
v 0.139675 0.391782 -0.064218
v 0.142876 0.477756 -0.147085
v 0.115539 0.278366 -0.001640
v 0.127055 0.364151 0.019050
v 0.115301 0.264680 -0.118196
v 0.125732 0.249896 -0.118956
v 0.125366 0.242791 -0.105600
v 0.115151 0.249338 -0.085545
v 0.115492 0.232516 -0.096454
v 0.109692 0.208966 -0.065050
v 0.108155 0.226699 -0.106830
v 0.106983 0.176516 -0.102649
v 0.109428 0.101498 -0.057699
v 0.106099 0.171125 -0.027046
v 0.107573 0.104616 -0.106269
v 0.107929 0.047363 -0.029740
v 0.109320 0.063289 -0.084012
v 0.103787 0.042847 -0.100861
v 0.109496 0.002783 -0.069516
v 0.099559 0.074772 -0.019565
v 0.103933 -0.033781 -0.019053
v 0.102756 0.013071 -0.009011
v 0.104908 -0.067956 -0.000991
v 0.109087 -0.120361 -0.012057
v 0.109234 -0.140333 0.068609
v 0.108377 -0.064930 0.020963
v 0.100950 -0.015678 0.017803
v 0.106692 0.016916 0.026485
v 0.102888 0.012587 0.011678
v 0.098951 0.065520 0.017665
v 0.103037 0.127793 0.010916
v 0.098721 0.071293 0.000607
v 0.099390 0.163231 0.020222
v 0.097960 0.143945 0.001786
v 0.098587 0.004549 0.000047
v 0.110014 -0.163154 0.063134
v 0.110736 -0.163614 -0.055266
v 0.116819 -0.166098 -0.005775
v 0.109161 -0.122936 -0.064538
v 0.107106 -0.162169 -0.104066
v 0.105883 -0.115548 -0.105727
v 0.107644 -0.062182 -0.096461
v 0.098925 -0.062324 -0.105869
v 0.109250 -0.040758 0.062042
v 0.107166 -0.151666 0.106254
v 0.104423 -0.163434 0.108917
v 0.118396 -0.165898 0.101336
v 0.118440 -0.165898 0.058147
v 0.119559 -0.167950 -0.076844
v 0.114728 -0.167224 0.115836
v 0.118041 -0.176200 0.116041
v 0.102190 0.124664 -0.009456
v 0.106348 -0.008512 -0.097252
v 0.109130 -0.041868 -0.047687
v 0.111997 0.273711 -0.083394
v 0.128956 -0.183329 -0.074217
v 0.127418 -0.184457 -0.116857
v 0.135713 -0.199999 -0.079764
v 0.136947 -0.204167 -0.121237
v 0.145580 -0.211041 -0.072644
v 0.137668 -0.204556 -0.021600
v 0.144368 -0.209739 0.042463
v 0.135552 -0.203897 0.056850
v 0.133661 -0.190007 0.067280
v 0.146370 -0.275064 -0.003020
v 0.146595 -0.250401 0.077522
v 0.146752 -0.264216 -0.084183
v 0.146285 -0.309313 -0.039253
v 0.143686 -0.303634 -0.058017
v 0.145883 -0.326685 -0.090229
v 0.145008 -0.303839 -0.136497
v 0.147961 -0.380544 -0.088799
v 0.142812 -0.320076 -0.051876
v 0.146805 -0.381619 -0.137120
v 0.145794 -0.211824 0.102308
v 0.146139 -0.248791 0.134048
v 0.146722 -0.235134 -0.128748
v 0.146518 -0.339809 -0.003200
v 0.147499 -0.380510 0.020108
v 0.144813 -0.308048 0.014885
v 0.146758 -0.335712 0.116303
v 0.144406 -0.319906 0.137347
v 0.146010 -0.376891 0.135932
v 0.147811 -0.380759 0.095631
v 0.144268 -0.212566 0.132482
v 0.142483 -0.207005 0.124461
v 0.146371 -0.325583 0.057455
v 0.139795 -0.231462 0.139377
v 0.136930 -0.202675 0.108901
v 0.132837 -0.203641 0.126079
v 0.132355 -0.190626 0.120890
v 0.122103 -0.188330 -0.125596
v 0.135259 -0.208757 -0.135750
v 0.108896 -0.077851 0.095141
v 0.105351 -0.083002 0.105840
v 0.103937 -0.025115 0.101299
v 0.144437 -0.323230 -0.065207
v 0.142716 -0.222587 -0.137565
v 0.144649 -0.210794 -0.128984
v 0.137914 0.387137 0.138165
v 0.141362 0.388870 0.118040
v 0.141069 0.390081 0.087296
v 0.130325 0.376508 0.111795
v 0.124917 0.348820 0.100045
v 0.143024 0.408120 0.064210
v 0.127214 0.365104 0.126821
v 0.130372 -0.186547 0.002939
v 0.109477 0.038571 0.043485
v 0.106290 0.125144 0.026715
v 0.108840 0.086978 0.076994
v 0.109564 0.155076 0.061304
v 0.107136 0.149510 0.102919
v 0.108986 0.202927 0.103838
v 0.104380 0.104990 0.106835
v 0.107265 0.054970 0.102731
v 0.109515 0.042341 0.088703
v 0.142985 0.412915 0.033210
v 0.108852 -0.016785 0.082731
v 0.123864 -0.176549 0.084917
v 0.108278 -0.001431 0.096950
v 0.108807 0.023374 0.099478
v 0.100707 0.000971 0.107250
v 0.124704 0.348566 0.066400
v 0.122113 0.379493 0.035437
v 0.123966 0.382273 -0.002314
v 0.119354 0.364100 0.064863
v 0.111196 0.344343 0.085303
v 0.116155 0.309441 0.094002
v 0.112526 0.280433 0.084270
v 0.115617 -0.168036 -0.114942
v 0.099131 -0.012265 0.097573
v 0.098373 0.032994 0.103891
v 0.121969 -0.183033 0.124971
v 0.127232 0.363616 -0.027465
v 0.119359 0.331413 0.120348
v 0.115423 0.320868 -0.033354
v 0.118800 0.357602 -0.009240
v 0.121553 0.343259 -0.006388
v 0.120563 0.323231 -0.039628
v 0.121240 0.346504 -0.039271
v 0.121553 0.343259 -0.006388
v 0.118400 0.333339 -0.012886
v 0.115423 0.320868 -0.033354
v 0.115927 0.336312 0.005706
v 0.122373 0.322589 -0.022581
v 0.122111 0.342889 0.021399
v 0.121553 0.343259 -0.006388
v 0.119203 0.353203 0.020015
v 0.116296 0.328426 0.023699
v 0.127232 0.363616 -0.027465
v 0.118656 0.370541 -0.054108
v 0.123966 0.382273 -0.002314
v 0.123726 0.291361 -0.019005
v 0.112579 0.280863 -0.015887
v 0.113012 0.299962 -0.032229
v 0.115539 0.278366 -0.001640
v 0.127271 0.318371 0.017502
v 0.126030 0.329811 0.001475
v 0.116296 0.328426 0.023699
v 0.115927 0.336312 0.005706
v 0.147811 -0.380759 0.095631
v 0.147499 -0.380510 0.020108
v 0.146371 -0.325583 0.057455
v 0.109564 0.155076 0.061304
v 0.109616 0.217793 0.058883
v 0.108986 0.202927 0.103838
v 0.107633 0.200499 0.029310
v 0.106290 0.125144 0.026715
v 0.113632 0.234660 0.092307
v 0.110123 0.228283 0.109929
v 0.115155 0.260011 0.091216
v 0.122953 0.238602 0.102121
v 0.112526 0.280433 0.084270
v 0.113897 0.239365 0.051676
v 0.124816 0.253475 0.110523
v 0.116974 0.265448 0.115849
v 0.109045 0.223388 0.029090
v 0.121346 0.250067 0.124539
v 0.116155 0.309441 0.094002
v 0.124917 0.348820 0.100045
v 0.119359 0.331413 0.120348
v 0.109130 -0.041868 -0.047687
v 0.107644 -0.062182 -0.096461
v 0.109496 0.002783 -0.069516
v 0.106348 -0.008512 -0.097252
v 0.106099 0.171125 -0.027046
v 0.109692 0.208966 -0.065050
v 0.106631 0.221980 -0.022187
v 0.109901 0.239802 -0.053264
v 0.115151 0.249338 -0.085545
v 0.111997 0.273711 -0.083394
v 0.098706 0.192324 -0.020970
v 0.099106 0.219495 -0.018261
v 0.102385 0.203371 -0.011534
v 0.102957 0.218289 0.003761
v 0.099559 0.074772 -0.019565
v 0.099489 0.198418 0.003817
v 0.099869 0.217890 0.021834
v 0.099390 0.163231 0.020222
v 0.103037 0.127793 0.010916
v 0.097960 0.143945 0.001786
v 0.102190 0.124664 -0.009456
v 0.102756 0.013071 -0.009011
v 0.102190 0.124664 -0.009456
v 0.098721 0.071293 0.000607
v 0.098587 0.004549 0.000047
v 0.098951 0.065520 0.017665
v 0.099390 0.163231 0.020222
v 0.106290 0.125144 0.026715
v 0.107633 0.200499 0.029310
v 0.099869 0.217890 0.021834
v 0.106692 0.016916 0.026485
v 0.100950 -0.015678 0.017803
v 0.109045 0.223388 0.029090
v 0.117836 0.222368 -0.005181
v 0.106631 0.221980 -0.022187
v 0.119177 0.230327 -0.033535
v 0.102957 0.218289 0.003761
v 0.099106 0.219495 -0.018261
v 0.120185 0.228391 0.024663
v 0.099869 0.217890 0.021834
v 0.109045 0.223388 0.029090
v 0.113897 0.239365 0.051676
v 0.127070 0.251178 0.048780
v 0.120294 0.262673 0.068645
v 0.109901 0.239802 -0.053264
v 0.112526 0.280433 0.084270
v 0.124276 0.309680 0.080977
v 0.126798 0.235479 -0.018112
v 0.127250 0.249789 -0.044099
v 0.119274 0.255691 -0.062845
v 0.124150 0.290961 -0.077934
v 0.111997 0.273711 -0.083394
v 0.115633 0.305808 -0.091441
v 0.110123 0.228283 0.109929
v 0.122953 0.238602 0.102121
v 0.105098 0.237038 0.123637
v 0.121346 0.250067 0.124539
v 0.113632 0.234660 0.092307
v 0.095047 0.230212 0.111011
v 0.132477 -0.307606 -0.048208
v 0.143686 -0.303634 -0.058017
v 0.142812 -0.320076 -0.051876
v 0.137166 -0.328374 -0.044341
v 0.132248 -0.302944 -0.060441
v 0.144437 -0.323230 -0.065207
v 0.143686 -0.303634 -0.058017
v 0.132248 -0.302944 -0.060441
v 0.136323 -0.324054 -0.065620
v 0.136323 -0.324054 -0.065620
v 0.142812 -0.320076 -0.051876
v 0.144437 -0.323230 -0.065207
v 0.137166 -0.328374 -0.044341
v 0.137272 -0.308407 0.017498
v 0.144813 -0.308048 0.014885
v 0.136614 -0.314407 0.004816
v 0.136614 -0.314407 0.004816
v 0.144813 -0.308048 0.014885
v 0.137272 -0.308407 0.017498
v 0.292252 -0.446959 -0.021303
v 0.292384 -0.426731 0.053659
v 0.291185 -0.391948 -0.004566
v 0.290941 -0.390466 -0.079879
v 0.292307 -0.459229 0.035986
v 0.292318 -0.456543 0.037598
v 0.292329 -0.453857 0.039209
v 0.292632 -0.475434 0.062146
v 0.292997 -0.478308 -0.027278
v 0.292349 -0.432051 -0.092317
v 0.293172 -0.478172 -0.134022
v 0.292330 -0.434558 -0.178653
v 0.292669 -0.478236 -0.226923
v 0.292237 -0.457239 -0.262002
v 0.292070 -0.395064 -0.152826
v 0.292296 -0.401850 -0.255895
v 0.291854 -0.440038 -0.279499
v 0.290488 -0.389032 -0.179584
v 0.291560 -0.477965 -0.277649
v 0.290611 -0.389643 0.081512
v 0.292310 -0.432715 0.125356
v 0.292076 -0.476871 0.170204
v 0.292295 -0.447096 0.235007
v 0.291340 -0.391606 0.180157
v 0.291910 -0.406609 0.269945
v 0.290854 -0.389752 0.254426
v 0.290833 -0.451834 0.273177
v 0.290287 -0.478030 0.274239
v 0.291170 -0.389368 -0.265466
v 0.296720 -0.479882 0.241544
v 0.287619 -0.392477 -0.279435
v 0.287054 -0.389290 0.268748
v 0.314077 -0.428791 0.083259
v 0.314031 -0.449596 -0.041465
v 0.314137 -0.399790 0.011063
v 0.314125 -0.406336 -0.075093
v 0.314030 -0.450819 -0.145040
v 0.314132 -0.401202 -0.179111
v 0.314044 -0.448754 -0.234879
v 0.314157 -0.402966 -0.269896
v 0.314141 -0.447685 -0.281314
v 0.312631 -0.469699 0.028176
v 0.311908 -0.470917 0.197538
v 0.312577 -0.469607 0.115869
v 0.314110 -0.413098 0.164308
v 0.314070 -0.432345 0.238640
v 0.312144 -0.470980 0.256911
v 0.312738 -0.469688 -0.169611
v 0.314322 -0.444351 0.283822
v 0.312788 -0.467960 0.285090
v 0.313109 -0.383349 0.210052
v 0.312896 -0.387250 0.284564
v 0.312978 -0.383175 0.266843
v 0.312983 -0.383234 0.130333
v 0.312886 -0.383651 0.002672
v 0.312788 -0.409168 -0.291075
v 0.311870 -0.470961 -0.087179
v 0.311124 -0.384925 -0.289255
v 0.309978 -0.472658 -0.252768
v 0.311742 -0.464436 -0.290086
v 0.309879 -0.383011 -0.095853
v 0.313018 -0.383411 -0.180317
v 0.310414 -0.383354 -0.260653
v 0.310435 -0.476989 0.252554
v 0.307876 -0.475946 -0.292294
v 0.306764 -0.476163 0.285130
v 0.306424 -0.475962 0.168342
v 0.309690 -0.425579 0.288774
v 0.306444 -0.476398 -0.010520
v 0.305694 -0.476692 0.081033
v 0.305461 -0.476669 -0.114871
f 73 85 98
f 73 76 85
f 76 79 85
f 85 79 82
f 82 79 81
f 79 80 81
f 80 83 81
f 73 75 76
f 89 88 90
f 90 91 92
f 96 74 73
f 86 83 84
f 91 93 92
f 78 79 76
f 86 88 89
f 92 93 94
f 73 74 75
f 80 84 83
f 88 91 90
f 21 20 64
f 75 77 76
f 86 87 88
f 77 78 76
f 78 80 79
f 86 84 87
f 93 95 94
f 97 95 93
f 23 19 21
f 21 19 20
f 22 19 23
f 19 18 20
f 22 17 19
f 19 17 18
f 22 16 17
f 56 60 62
f 60 54 59
f 17 15 18
f 56 54 60
f 16 15 17
f 54 55 59
f 15 24 18
f 56 53 54
f 16 14 15
f 53 52 54
f 14 11 15
f 54 52 55
f 53 51 52
f 15 11 24
f 55 50 66
f 14 12 11
f 52 50 55
f 11 10 24
f 51 50 52
f 11 3 10
f 11 12 3
f 66 50 49
f 51 48 50
f 57 48 51
f 12 13 3
f 50 48 49
f 13 1 3
f 48 47 49
f 1 2 3
f 3 2 10
f 57 46 48
f 48 46 47
f 70 68 67
f 57 58 46
f 67 68 69
f 13 4 1
f 4 2 1
f 46 44 47
f 68 71 69
f 45 46 58
f 46 45 44
f 4 5 2
f 2 5 65
f 61 45 58
f 6 5 4
f 69 71 72
f 45 39 44
f 44 39 43
f 6 7 5
f 5 8 65
f 61 39 45
f 29 28 32
f 9 26 27
f 26 28 27
f 27 28 29
f 32 31 33
f 31 34 33
f 33 34 42
f 5 7 8
f 28 30 32
f 30 31 32
f 7 9 8
f 63 7 6
f 9 7 25
f 39 38 43
f 25 26 9
f 42 34 39
f 39 34 38
f 34 31 37
f 25 36 26
f 28 35 30
f 30 40 31
f 40 37 31
f 37 38 34
f 26 36 28
f 35 41 30
f 41 40 30
f 36 35 28
f 99 100 101
f 101 100 102
f 103 104 105
f 103 105 106
f 264 317 262
f 272 318 269
f 318 268 269
f 266 268 317
f 275 273 274
f 269 268 267
f 277 276 258
f 273 272 271
f 272 269 271
f 268 266 267
f 266 317 264
f 274 273 271
f 258 276 257
f 270 271 269
f 260 277 258
f 279 275 274
f 262 260 261
f 270 269 267
f 267 266 265
f 259 260 258
f 258 257 249
f 266 264 265
f 264 262 263
f 263 262 261
f 261 260 259
f 274 271 278
f 249 257 256
f 271 270 278
f 278 270 319
f 265 264 263
f 258 249 259
f 319 270 315
f 270 267 315
f 315 267 265
f 167 179 128
f 324 303 274
f 192 176 132
f 176 167 129
f 179 133 128
f 179 180 133
f 180 178 134
f 177 186 122
f 228 221 222
f 222 218 220
f 220 218 219
f 220 219 225
f 132 176 129
f 133 180 134
f 121 178 177
f 222 221 218
f 249 244 245
f 134 178 121
f 186 187 175
f 225 219 227
f 122 186 175
f 177 122 121
f 249 256 244
f 129 167 128
f 132 129 131
f 133 134 123
f 134 121 123
f 227 219 224
f 129 128 127
f 121 122 120
f 279 274 280
f 244 256 243
f 175 174 122
f 218 221 217
f 280 274 281
f 128 133 125
f 133 123 125
f 281 274 303
f 218 217 219
f 303 304 281
f 120 122 174
f 123 121 118
f 245 244 242
f 219 216 224
f 219 217 216
f 128 125 127
f 121 120 119
f 242 244 243
f 242 255 245
f 221 200 217
f 120 174 136
f 131 129 130
f 125 123 124
f 124 123 118
f 121 119 118
f 282 280 281
f 131 130 182
f 119 120 116
f 130 129 127
f 217 198 216
f 118 119 116
f 217 200 198
f 136 174 172
f 281 304 283
f 125 124 126
f 127 125 126
f 224 216 203
f 216 198 203
f 242 243 237
f 130 127 144
f 282 281 283
f 144 127 126
f 200 199 198
f 255 242 241
f 120 115 116
f 243 312 237
f 124 118 117
f 241 242 237
f 130 144 146
f 146 144 126
f 117 118 116
f 182 130 165
f 124 117 135
f 120 136 115
f 124 135 126
f 283 304 292
f 282 283 284
f 136 172 115
f 198 199 195
f 237 312 238
f 165 130 145
f 145 130 146
f 284 283 285
f 115 172 112
f 203 198 201
f 146 126 147
f 199 213 195
f 241 237 236
f 172 193 112
f 148 126 135
f 116 115 108
f 198 195 197
f 198 197 201
f 117 116 108
f 115 112 108
f 236 237 238
f 285 283 286
f 283 292 286
f 195 213 196
f 286 292 291
f 195 196 197
f 135 138 148
f 147 126 148
f 135 117 138
f 117 108 137
f 112 193 184
f 145 146 147
f 236 238 239
f 117 137 138
f 108 112 113
f 285 286 287
f 108 113 109
f 109 113 114
f 113 112 114
f 114 112 109
f 138 137 143
f 197 202 201
f 165 145 164
f 112 111 109
f 197 196 202
f 112 184 111
f 164 145 150
f 145 147 150
f 239 238 314
f 137 108 107
f 148 138 140
f 143 137 107
f 289 286 291
f 147 148 149
f 140 138 143
f 149 148 140
f 107 108 109
f 196 204 202
f 287 286 288
f 288 286 289
f 147 149 151
f 213 206 196
f 155 143 107
f 150 147 151
f 109 111 110
f 236 239 240
f 239 314 247
f 204 214 202
f 239 247 246
f 164 150 152
f 205 204 196
f 289 291 290
f 141 140 143
f 184 173 111
f 166 164 152
f 107 109 110
f 110 111 173
f 240 239 246
f 143 155 141
f 150 151 152
f 196 206 205
f 149 140 139
f 155 107 156
f 288 289 290
f 149 139 151
f 141 155 154
f 246 247 248
f 156 107 110
f 204 205 214
f 151 139 153
f 142 139 141
f 139 140 141
f 288 290 293
f 110 173 158
f 153 139 142
f 152 151 153
f 214 205 211
f 206 207 205
f 154 155 156
f 254 240 246
f 294 288 293
f 205 209 211
f 173 189 158
f 142 141 154
f 156 110 157
f 166 152 163
f 205 207 208
f 152 153 163
f 142 154 160
f 157 110 158
f 209 205 208
f 166 163 169
f 153 142 161
f 154 156 159
f 246 248 250
f 254 246 251
f 154 159 160
f 211 209 215
f 142 160 161
f 207 226 208
f 163 153 162
f 251 246 250
f 250 248 253
f 153 161 162
f 159 156 157
f 189 190 158
f 322 294 296
f 169 163 168
f 294 293 295
f 215 209 212
f 251 250 252
f 294 295 296
f 160 159 183
f 295 293 305
f 168 163 162
f 252 250 253
f 158 190 191
f 226 223 208
f 251 252 311
f 168 162 188
f 188 162 194
f 194 162 181
f 162 161 181
f 181 161 185
f 161 160 185
f 185 160 183
f 183 159 171
f 159 157 171
f 171 157 170
f 157 158 170
f 158 191 170
f 223 210 208
f 209 210 212
f 320 313 300
f 208 210 209
f 320 300 298
f 309 316 308
f 300 313 302
f 313 310 306
f 310 309 307
f 307 309 308
f 316 311 308
f 305 298 295
f 313 306 302
f 308 311 252
f 298 300 299
f 307 306 310
f 307 308 234
f 252 253 235
f 296 295 297
f 298 299 297
f 295 298 297
f 234 308 252
f 296 297 323
f 306 307 232
f 300 302 301
f 233 306 232
f 302 306 233
f 234 252 235
f 299 300 301
f 301 302 233
f 232 307 229
f 307 234 229
f 297 299 321
f 229 234 230
f 230 234 235
f 299 301 321
f 232 231 233
f 232 229 231
f 229 230 231
f 391 384 383
f 381 384 382
f 384 387 382
f 383 384 381
f 383 381 372
f 381 382 380
f 372 381 379
f 381 380 379
f 379 380 378
f 372 379 373
f 373 379 378
f 372 373 371
f 372 371 396
f 373 378 360
f 371 373 360
f 360 378 377
f 371 360 362
f 360 377 361
f 377 376 361
f 360 361 362
f 362 361 363
f 361 376 374
f 364 361 374
f 363 361 364
f 364 374 375
f 363 364 365
f 364 375 366
f 364 366 365
f 363 365 368
f 365 366 367
f 368 365 367
f 366 375 369
f 368 367 385
f 366 369 367
f 370 367 369
f 385 367 386
f 370 369 389
f 386 367 388
f 367 370 388
f 370 389 388
f 392 391 383
f 392 383 393
f 393 383 372
f 390 371 362
f 390 362 363
f 390 363 398
f 397 363 368
f 397 368 399
f 399 368 385
f 394 391 392
f 372 396 393
f 396 371 390
f 363 397 398
f 385 386 395
f 353 333 336
f 335 334 337
f 335 336 334
f 353 354 333
f 334 336 333
f 333 354 352
f 334 333 332
f 333 352 329
f 332 333 329
f 352 351 329
f 359 332 331
f 329 351 330
f 329 331 332
f 329 330 331
f 330 325 331
f 351 350 330
f 359 331 340
f 340 331 325
f 330 326 325
f 330 350 348
f 340 325 339
f 330 348 326
f 325 326 327
f 325 327 339
f 327 326 328
f 339 327 338
f 348 328 326
f 348 347 328
f 327 328 338
f 328 341 338
f 347 346 328
f 328 346 342
f 328 342 341
f 349 342 346
f 341 343 338
f 341 342 343
f 343 342 344
f 349 345 342
f 342 345 344
f 343 344 357
f 349 355 345
f 343 357 358
f 344 345 357
f 345 356 357
f 345 355 356
f 409 412 407
f 409 410 413
f 412 425 407
f 409 407 410
f 425 406 407
f 410 407 408
f 406 403 407
f 407 403 408
f 406 405 403
f 403 400 408
f 408 400 411
f 403 405 401
f 403 401 400
f 405 424 401
f 411 400 404
f 400 401 402
f 400 402 404
f 424 402 401
f 404 402 414
f 402 424 419
f 402 415 414
f 419 415 402
f 414 415 416
f 415 417 416
f 415 420 417
f 419 420 415
f 416 417 418
f 420 421 417
f 417 422 418
f 417 421 422
f 422 421 423
f 421 420 427
f 421 426 423
f 422 423 428
f 422 428 418
f 421 427 426
f 423 426 429
f 519 527 457
f 519 457 485
f 485 460 486
f 506 486 462
f 506 462 505
f 505 462 464
f 483 466 468
f 483 468 495
f 509 457 527
f 505 464 483
f 495 468 494
f 464 466 483
f 509 508 457
f 456 460 485
f 460 462 486
f 457 456 485
f 468 493 494
f 494 493 534
f 508 455 457
f 460 461 462
f 455 456 457
f 456 459 460
f 460 459 461
f 462 463 464
f 469 493 468
f 464 465 466
f 462 461 463
f 466 467 468
f 463 465 464
f 467 469 468
f 466 465 467
f 508 510 455
f 469 496 493
f 455 458 456
f 458 459 456
f 510 480 455
f 470 469 467
f 458 501 459
f 501 492 459
f 463 484 465
f 484 467 465
f 455 480 458
f 469 470 496
f 484 507 467
f 492 490 459
f 459 490 461
f 490 491 461
f 461 491 463
f 491 484 463
f 507 479 467
f 458 481 501
f 481 511 501
f 479 471 467
f 467 471 470
f 510 502 480
f 470 473 496
f 454 458 480
f 481 512 511
f 471 472 470
f 479 478 471
f 472 473 470
f 502 454 480
f 523 478 479
f 432 481 458
f 473 529 496
f 454 432 458
f 481 432 512
f 478 472 471
f 454 430 432
f 523 524 478
f 502 515 454
f 472 474 473
f 478 475 472
f 473 526 529
f 454 434 430
f 474 526 473
f 515 434 454
f 432 513 512
f 515 489 434
f 472 475 474
f 430 434 433
f 430 431 432
f 524 525 478
f 474 476 526
f 478 477 475
f 433 431 430
f 475 447 474
f 432 431 513
f 525 477 478
f 474 447 476
f 431 532 513
f 477 447 475
f 434 489 433
f 525 528 477
f 476 497 526
f 476 447 497
f 433 435 431
f 489 451 433
f 477 448 447
f 447 446 497
f 451 435 433
f 431 533 532
f 528 448 477
f 448 442 447
f 431 436 533
f 533 436 530
f 435 436 431
f 530 436 517
f 436 438 517
f 517 438 518
f 518 438 514
f 438 440 514
f 447 444 446
f 446 498 497
f 440 448 514
f 489 504 451
f 447 442 444
f 438 439 440
f 436 437 438
f 444 445 446
f 451 450 435
f 448 440 442
f 504 450 451
f 446 445 498
f 438 437 439
f 440 441 442
f 435 437 436
f 439 441 440
f 445 522 498
f 444 442 443
f 504 503 450
f 444 443 445
f 450 437 435
f 437 449 439
f 439 449 441
f 503 453 450
f 442 441 443
f 450 452 437
f 441 482 443
f 443 487 445
f 441 449 482
f 453 452 450
f 445 516 522
f 503 531 453
f 531 520 453
f 453 520 452
f 452 499 437
f 437 500 449
f 500 482 449
f 482 488 443
f 445 487 516
f 520 521 452
f 521 499 452
f 499 500 437
f 443 488 487
f 572 595 568
f 572 570 586
f 586 570 591
f 570 590 591
f 568 569 570
f 570 589 590
f 570 571 589
f 569 571 570
f 571 588 589
f 569 566 571
f 571 566 588
f 567 566 569
f 566 573 588
f 565 566 567
f 566 565 573
f 565 574 573
f 565 575 574
f 565 579 575
f 579 581 575
f 577 579 565
f 577 578 579
f 579 578 581
f 578 582 581
f 583 584 578
f 578 584 582
f 558 541 539
f 559 542 541
f 568 570 572
f 585 569 568
f 585 567 569
f 585 592 567
f 592 576 567
f 576 565 567
f 594 577 576
f 576 577 565
f 594 593 577
f 593 580 577
f 580 578 577
f 587 583 580
f 580 583 578
f 558 539 548
f 541 542 539
f 542 543 539
f 539 538 548
f 538 539 540
f 540 539 544
f 539 543 544
f 544 536 540
f 540 535 538
f 538 535 545
f 540 536 535
f 545 535 546
f 535 537 546
f 535 536 537
f 536 549 537
f 537 549 547
f 537 547 546
f 549 557 547
f 546 547 550
f 547 557 554
f 547 551 550
f 557 556 554
f 550 551 562
f 547 554 552
f 547 552 551
f 552 554 555
f 554 553 555
f 552 553 551
f 553 554 551
f 554 556 551
f 551 561 562
f 562 561 563
f 556 560 551
f 556 564 560
f 551 560 561
f 600 596 599
f 599 596 598
f 596 597 598
f 598 597 601
f 597 602 601
f 601 602 603
f 602 604 603
f 603 604 605
f 603 605 606
f 605 607 606
f 606 607 608
f 608 607 609
f 608 609 610
f 684 681 682
f 681 680 673
f 682 681 673
f 673 680 679
f 673 679 678
f 682 673 683
f 683 674 687
f 683 673 674
f 674 673 672
f 672 673 670
f 673 678 677
f 673 677 670
f 671 670 666
f 666 675 671
f 675 667 660
f 675 666 667
f 670 677 669
f 666 670 669
f 661 667 666
f 661 666 665
f 666 669 668
f 661 665 664
f 665 666 668
f 665 685 664
f 665 668 685
f 711 712 713
f 687 682 683
f 671 672 670
f 672 671 676
f 660 667 661
f 669 704 668
f 691 688 689
f 688 687 689
f 659 686 660
f 659 660 658
f 661 664 662
f 690 682 688
f 682 687 688
f 689 687 701
f 675 710 671
f 660 661 658
f 659 658 655
f 663 658 662
f 658 661 662
f 690 688 693
f 692 688 691
f 655 658 651
f 652 651 658
f 652 658 663
f 690 703 682
f 692 693 688
f 650 655 651
f 694 690 693
f 650 651 649
f 628 626 629
f 628 629 630
f 649 651 652
f 698 709 612
f 695 693 692
f 695 692 699
f 612 709 615
f 622 625 623
f 686 640 657
f 709 697 615
f 615 697 618
f 619 622 623
f 619 623 626
f 626 628 627
f 654 647 653
f 654 653 656
f 650 649 642
f 648 649 652
f 612 615 614
f 695 699 631
f 699 708 702
f 699 702 700
f 639 657 640
f 639 640 641
f 639 641 642
f 647 645 653
f 642 649 648
f 653 646 707
f 709 698 697
f 696 694 695
f 695 694 693
f 714 715 716
f 631 699 700
f 625 622 624
f 619 626 627
f 628 630 634
f 643 639 642
f 653 645 646
f 643 642 648
f 698 696 697
f 697 696 695
f 695 631 697
f 618 697 624
f 619 627 620
f 645 647 644
f 644 639 643
f 643 645 644
f 645 643 646
f 697 631 624
f 624 631 625
f 628 634 636
f 643 648 705
f 656 653 706
f 612 614 613
f 619 621 622
f 627 628 636
f 706 653 707
f 616 613 614
f 616 614 617
f 617 614 618
f 621 624 622
f 619 620 621
f 634 630 635
f 617 624 621
f 620 627 632
f 636 634 637
f 634 638 637
f 611 612 613
f 633 632 627
f 633 627 636
f 734 717 729
f 731 729 728
f 724 717 734
f 718 733 730
f 728 729 717
f 743 749 746
f 718 730 725
f 746 745 743
f 724 735 718
f 724 718 717
f 751 749 750
f 745 741 743
f 751 750 752
f 728 717 726
f 717 718 719
f 718 725 720
f 725 732 720
f 726 717 719
f 749 737 750
f 749 743 737
f 737 743 738
f 743 741 738
f 719 718 720
f 748 744 747
f 744 739 747
f 739 744 737
f 739 737 736
f 736 737 738
f 747 739 740
f 739 736 740
f 736 738 741
f 736 741 742
f 726 719 727
f 720 732 721
f 719 720 721
f 727 719 723
f 723 719 722
f 719 721 722
f 773 766 772
f 776 772 767
f 776 767 775
f 928 936 937
f 938 922 909
f 922 936 921
f 922 921 909
f 938 909 911
f 793 778 766
f 767 768 775
f 936 928 925
f 936 925 921
f 772 766 767
f 909 910 911
f 909 921 908
f 782 778 793
f 778 781 779
f 951 910 940
f 767 766 759
f 909 906 910
f 778 782 781
f 766 778 754
f 753 766 754
f 767 759 768
f 910 914 940
f 908 906 909
f 788 797 794
f 766 753 759
f 778 779 754
f 910 906 914
f 914 913 940
f 788 785 784
f 940 913 941
f 784 783 782
f 788 794 789
f 788 789 785
f 783 781 782
f 784 785 783
f 783 787 781
f 941 830 865
f 850 810 893
f 941 913 830
f 828 852 829
f 928 927 925
f 828 829 823
f 828 823 827
f 852 810 829
f 865 830 840
f 840 808 839
f 783 786 787
f 794 800 799
f 800 827 799
f 839 805 850
f 783 785 786
f 850 805 810
f 840 830 808
f 785 790 791
f 785 791 786
f 810 805 807
f 781 787 779
f 839 808 805
f 787 786 795
f 785 789 790
f 787 795 779
f 794 799 789
f 829 810 823
f 830 812 808
f 779 780 754
f 906 913 914
f 786 792 795
f 791 792 786
f 827 823 826
f 827 826 799
f 789 801 790
f 799 847 789
f 753 754 755
f 792 796 795
f 789 847 801
f 810 807 823
f 759 753 756
f 927 926 925
f 799 826 847
f 805 808 806
f 913 942 830
f 753 755 756
f 955 956 957
f 805 806 807
f 921 925 920
f 921 920 908
f 908 907 906
f 908 920 907
f 830 942 943
f 759 769 768
f 826 853 847
f 943 812 830
f 913 912 942
f 759 758 769
f 925 926 920
f 807 821 822
f 823 825 826
f 906 912 913
f 807 806 821
f 807 822 823
f 824 825 823
f 823 822 824
f 826 825 863
f 806 809 821
f 824 880 825
f 825 880 863
f 759 756 758
f 822 879 824
f 879 880 824
f 756 755 757
f 808 809 806
f 877 822 821
f 878 879 822
f 879 802 880
f 880 802 863
f 821 809 877
f 822 877 878
f 758 756 757
f 803 802 879
f 867 878 877
f 867 803 878
f 878 803 879
f 877 809 867
f 881 863 802
f 809 866 867
f 802 803 804
f 802 804 881
f 808 811 809
f 881 804 875
f 866 890 867
f 890 876 867
f 867 876 803
f 803 876 804
f 912 906 904
f 808 812 811
f 866 869 890
f 890 869 876
f 869 871 876
f 871 804 876
f 871 872 804
f 872 875 804
f 926 927 932
f 942 944 943
f 866 809 813
f 872 874 875
f 809 811 813
f 927 934 932
f 943 944 945
f 869 866 868
f 866 813 868
f 869 870 871
f 943 945 812
f 870 872 871
f 869 868 870
f 870 873 872
f 872 873 874
f 874 873 838
f 945 818 812
f 812 818 811
f 926 932 933
f 926 933 920
f 912 944 942
f 813 811 814
f 870 831 873
f 813 815 868
f 873 831 838
f 907 920 905
f 907 905 906
f 912 904 915
f 813 814 815
f 815 831 868
f 831 870 868
f 815 820 831
f 906 905 904
f 815 814 820
f 820 832 831
f 952 953 954
f 758 771 769
f 832 835 831
f 831 835 838
f 838 835 849
f 920 933 924
f 762 757 764
f 757 760 758
f 771 758 760
f 811 818 817
f 920 917 905
f 920 924 917
f 811 816 814
f 932 934 930
f 912 915 944
f 945 819 818
f 811 817 816
f 832 820 833
f 887 885 886
f 849 835 848
f 887 888 885
f 814 842 820
f 848 835 841
f 886 885 774
f 915 946 944
f 944 946 945
f 762 761 757
f 945 946 819
f 835 832 834
f 816 862 814
f 835 836 841
f 892 843 814
f 814 862 892
f 762 774 761
f 932 929 933
f 898 848 859
f 818 819 817
f 832 833 834
f 841 851 848
f 933 923 924
f 889 860 885
f 859 854 861
f 848 854 859
f 848 851 854
f 842 844 820
f 757 761 760
f 860 857 885
f 841 836 883
f 924 923 917
f 814 843 842
f 820 844 833
f 930 929 932
f 841 883 882
f 882 851 841
f 834 833 895
f 835 834 836
f 843 892 897
f 933 929 923
f 946 948 819
f 819 846 817
f 817 846 845
f 817 845 816
f 836 834 837
f 860 854 857
f 851 882 856
f 834 894 837
f 816 845 862
f 834 895 894
f 891 896 842
f 843 891 842
f 915 947 946
f 947 948 946
f 904 903 915
f 915 919 947
f 851 855 854
f 851 856 855
f 883 884 882
f 854 855 857
f 905 899 904
f 899 903 904
f 915 903 918
f 917 916 905
f 855 858 857
f 882 884 856
f 905 916 899
f 915 918 919
f 760 761 763
f 929 930 931
f 760 765 771
f 929 935 923
f 899 902 903
f 903 902 918
f 918 902 950
f 918 950 919
f 761 774 770
f 760 763 765
f 774 885 864
f 929 931 935
f 858 864 857
f 857 864 885
f 761 770 763
f 763 777 765
f 770 774 798
f 917 923 916
f 774 864 798
f 899 901 902
f 931 939 935
f 923 935 916
f 916 935 949
f 899 916 900
f 899 900 901
f 770 777 763
f 1112 1107 1109
f 1095 1114 1092
f 1092 1114 1111
f 1109 1107 1096
f 1111 1093 1092
f 1096 1107 1095
f 1096 1095 1094
f 1092 1093 1084
f 1093 1127 1084
f 1095 1092 1094
f 1092 1084 1088
f 1096 1094 1105
f 1094 1092 1088
f 1094 1088 1116
f 1109 1096 1108
f 1105 1116 1110
f 1105 1110 1119
f 1116 1088 1110
f 1088 1084 1083
f 1110 1088 1089
f 1105 1119 1106
f 1088 1083 1089
f 1096 1105 1106
f 1106 1110 1089
f 1096 1106 1089
f 1108 1096 1102
f 1102 1096 1089
f 1083 1084 1085
f 1108 1102 1104
f 1083 1085 1086
f 1089 1083 1090
f 1083 1086 1090
f 1102 1089 1101
f 960 961 958
f 1113 1089 1090
f 1090 1086 1097
f 1104 1102 1098
f 1098 1102 1101
f 1098 1101 1097
f 1091 1097 1086
f 1098 1097 1091
f 1086 1087 1091
f 1086 1085 1087
f 1104 1098 1103
f 1087 1085 1115
f 1098 1091 1099
f 1087 1115 1117
f 1091 1087 1100
f 1087 1117 1100
f 1103 1098 1099
f 1099 1091 1100
f 1111 1120 1093
f 1093 1120 1127
f 1094 1116 1105
f 958 959 960
f 1113 1090 1097
f 1103 1099 1118
f 1095 1107 1114
f 1084 1125 1085
f 1121 1115 1085
f 1121 1122 1115
f 1127 1120 1132
f 1127 1125 1084
f 1125 1121 1085
f 1115 1131 1117
f 1127 1128 1126
f 1127 1126 1125
f 1128 1133 1126
f 1125 1126 1124
f 1121 1125 1124
f 1121 1124 1123
f 967 968 966
f 1121 1123 1122
f 1122 1130 1131
f 1122 1131 1115
f 1117 1131 1140
f 1132 1128 1127
f 1126 1133 1124
f 972 971 968
f 971 969 968
f 968 969 966
f 1122 1123 1129
f 1122 1129 1130
f 1128 1139 1133
f 1124 1136 1123
f 966 962 967
f 990 989 985
f 1124 1133 1136
f 985 989 988
f 985 988 983
f 990 985 991
f 988 987 983
f 988 1002 987
f 983 987 981
f 987 1002 1003
f 992 990 991
f 981 987 1004
f 987 1003 1004
f 992 991 994
f 992 994 996
f 1004 1003 1005
f 992 996 997
f 977 1004 1005
f 1006 977 1005
f 1000 997 998
f 997 996 998
f 1006 1005 1007
f 996 999 998
f 1006 1007 1008
f 979 1006 999
f 999 1006 1008
f 981 1004 977
f 996 980 999
f 980 979 999
f 998 999 1008
f 989 1009 988
f 972 986 971
f 976 977 978
f 1007 1005 1011
f 1000 998 1013
f 998 1010 1013
f 998 1008 1010
f 1133 1139 1138
f 1133 1138 1135
f 1133 1135 1136
f 985 983 984
f 983 982 984
f 976 982 981
f 971 970 969
f 1136 1135 1123
f 1123 1135 1134
f 969 970 966
f 966 965 962
f 977 1006 979
f 1008 1007 1012
f 1123 1134 1129
f 1129 1134 1137
f 1129 1141 1130
f 991 985 994
f 985 984 986
f 982 983 981
f 985 986 993
f 994 985 993
f 994 993 995
f 993 1001 995
f 976 981 977
f 995 996 994
f 995 1001 980
f 995 980 996
f 978 979 974
f 1034 1035 1135
f 1134 1135 1035
f 970 965 966
f 962 965 963
f 1035 1027 1134
f 978 977 979
f 980 974 979
f 1008 1012 1010
f 1138 1036 1135
f 973 970 971
f 980 975 974
f 1010 1039 1013
f 984 973 986
f 986 973 971
f 1001 975 980
f 974 975 964
f 962 963 964
f 974 964 963
f 1134 1057 1137
f 1051 1050 1043
f 1043 1050 1046
f 1041 1051 1043
f 1046 1062 1047
f 1036 1034 1135
f 1043 1046 1044
f 1046 1047 1044
f 1044 1047 1048
f 1015 1017 1016
f 1017 1039 1052
f 1016 1017 1018
f 1014 1016 1019
f 1018 1017 1052
f 1134 1027 1057
f 1018 1052 1061
f 1018 1061 1066
f 1059 1016 1060
f 1016 1018 1060
f 1065 1037 1033
f 1037 1040 1030
f 1033 1037 1032
f 1032 1037 1030
f 1040 1041 1030
f 1036 1033 1034
f 1041 1043 1042
f 1034 1033 1024
f 1030 1041 1042
f 1024 1033 1032
f 1028 1032 1030
f 1032 1028 1024
f 1042 1043 1044
f 1044 1048 1049
f 1030 1042 1031
f 1028 1030 1029
f 1029 1030 1031
f 1042 1044 1045
f 1042 1045 1031
f 1045 1044 1049
f 1045 1049 1074
f 1024 1028 1023
f 1023 1028 1029
f 1029 1056 1023
f 1034 1024 1035
f 1015 1054 1021
f 1021 1038 1017
f 1035 1024 1025
f 1053 1054 1014
f 1017 1038 1013
f 1022 1053 1014
f 1015 1021 1017
f 1014 1054 1015
f 1035 1025 1027
f 1024 1023 1020
f 1023 1022 1020
f 1025 1024 1020
f 1022 1014 1020
f 1014 1015 1016
f 1013 1039 1017
f 1020 1014 1019
f 1025 1020 1026
f 1026 1020 1055
f 1027 1025 1026
f 1019 1016 1059
f 1027 1026 1057
f 1057 1026 1055
f 1055 1020 1019
f 1081 1019 1059
f 1018 1066 1060
f 1050 1062 1046
f 1065 1033 1036
f 1041 1082 1051
f 1029 1031 1063
f 1053 1080 1054
f 1054 1078 1021
f 1021 1078 1077
f 1055 1019 1081
f 1029 1063 1056
f 1023 1056 1022
f 1075 1076 1077
f 1045 1074 1073
f 1067 1056 1063
f 1067 1063 1068
f 1068 1070 1071
f 1069 1071 1072
f 1022 1064 1080
f 1080 1064 1079
f 1075 1077 1078
f 1075 1078 1064
f 1031 1070 1063
f 1031 1045 1070
f 1045 1073 1070
f 1063 1070 1068
f 1070 1072 1071
f 1056 1067 1058
f 1067 1068 1058
f 1068 1069 1058
f 1068 1071 1069
f 1072 1076 1069
f 1022 1056 1058
f 1022 1058 1064
f 1064 1058 1069
f 1064 1069 1075
f 1064 1078 1079
f 1022 1080 1053
f 1080 1079 1054
f 1054 1079 1078
f 1070 1073 1072
f 1072 1073 1074
f 1069 1076 1075
f 1165 1157 1174
f 1174 1157 1173
f 1173 1157 1160
f 1173 1160 1175
f 1175 1160 1161
f 1176 1159 1165
f 1178 1179 1180
f 1159 1157 1165
f 1157 1154 1160
f 1152 1161 1160
f 1160 1154 1152
f 1159 1153 1157
f 1179 1181 1180
f 1157 1153 1154
f 1152 1156 1161
f 1179 1182 1181
f 1159 1164 1153
f 1154 1142 1152
f 1142 1144 1152
f 1164 1155 1153
f 1152 1144 1156
f 1153 1142 1154
f 1164 1167 1155
f 1155 1142 1153
f 1144 1158 1156
f 1182 1183 1181
f 1181 1183 1184
f 1155 1146 1142
f 1142 1143 1144
f 1144 1145 1158
f 1167 1162 1155
f 1143 1145 1144
f 1142 1146 1143
f 1162 1146 1155
f 1183 1185 1184
f 1145 1163 1158
f 1150 1146 1162
f 1146 1148 1143
f 1145 1151 1163
f 1143 1147 1145
f 1148 1146 1149
f 1150 1162 1171
f 1171 1166 1150
f 1145 1147 1151
f 1150 1149 1146
f 1148 1147 1143
f 1150 1166 1149
f 1166 1168 1149
f 1148 1170 1147
f 1149 1169 1148
f 1169 1170 1148
f 1147 1170 1151
f 1168 1169 1149
f 1170 1172 1151
f 1177 1151 1172
f 1194 1190 1193
f 1186 1187 1188
f 1190 1191 1192
f 1190 1192 1193
f 1189 1188 1187
f 1318 1323 1302
f 1323 1322 1301
f 1409 1420 1408
f 1302 1323 1301
f 1322 1320 1301
f 1409 1395 1401
f 1270 1274 1266
f 1318 1304 1319
f 1318 1302 1304
f 1320 1312 1301
f 1395 1409 1393
f 1409 1408 1393
f 1405 1432 1396
f 1432 1401 1396
f 1401 1395 1396
f 1320 1290 1312
f 1405 1398 1400
f 1405 1396 1398
f 1319 1304 1305
f 1302 1303 1304
f 1301 1300 1302
f 1326 1291 1290
f 1301 1298 1300
f 1270 1266 1264
f 1303 1302 1300
f 1301 1312 1298
f 1396 1397 1398
f 1290 1291 1289
f 1408 1404 1393
f 1325 1324 1283
f 1263 1264 1266
f 1291 1283 1289
f 1304 1303 1305
f 1290 1288 1312
f 1261 1277 1260
f 1312 1288 1298
f 1264 1263 1260
f 1261 1256 1271
f 1263 1266 1267
f 1276 1257 1229
f 1324 1217 1282
f 1283 1324 1282
f 1283 1281 1289
f 1260 1263 1259
f 1217 1216 1210
f 1227 1219 1218
f 1227 1228 1221
f 1261 1260 1256
f 1260 1259 1256
f 1273 1271 1272
f 1271 1256 1272
f 1290 1289 1288
f 1397 1396 1394
f 1396 1395 1394
f 1216 1218 1211
f 1398 1397 1399
f 1257 1273 1272
f 1400 1398 1399
f 1216 1211 1210
f 1229 1221 1228
f 1259 1263 1265
f 1227 1221 1219
f 1259 1258 1256
f 1283 1282 1281
f 1218 1219 1211
f 1229 1225 1221
f 1257 1272 1225
f 1229 1257 1225
f 1272 1256 1225
f 1282 1217 1210
f 1256 1258 1226
f 1225 1256 1226
f 1259 1262 1258
f 1259 1265 1268
f 1382 1386 1385
f 1268 1265 1269
f 1382 1334 1381
f 1382 1385 1334
f 1303 1306 1305
f 1395 1393 1394
f 1221 1225 1224
f 1381 1334 1347
f 1282 1278 1281
f 1334 1335 1347
f 1334 1333 1335
f 1298 1288 1299
f 1399 1397 1402
f 1397 1394 1402
f 1225 1226 1224
f 1385 1345 1334
f 1298 1299 1300
f 1403 1399 1402
f 1334 1330 1333
f 1402 1394 1407
f 1282 1210 1278
f 1334 1345 1330
f 1303 1300 1306
f 1219 1221 1223
f 1336 1335 1333
f 1333 1346 1357
f 1211 1208 1210
f 1333 1330 1332
f 1336 1333 1357
f 1393 1390 1394
f 1333 1332 1346
f 1336 1357 1378
f 1394 1390 1407
f 1219 1220 1211
f 1384 1347 1338
f 1347 1335 1338
f 1305 1306 1307
f 1428 1421 1423
f 1332 1355 1346
f 1300 1294 1306
f 1219 1223 1220
f 1221 1224 1222
f 1224 1230 1222
f 1330 1345 1331
f 1221 1222 1223
f 1421 1422 1423
f 1346 1355 1421
f 1288 1289 1286
f 1390 1391 1407
f 1404 1392 1393
f 1456 1455 1453
f 1281 1280 1289
f 1281 1278 1280
f 1421 1355 1422
f 1222 1230 1251
f 1222 1251 1249
f 1210 1209 1278
f 1223 1222 1249
f 1210 1208 1209
f 1332 1329 1355
f 1332 1330 1329
f 1336 1337 1335
f 1220 1223 1247
f 1338 1335 1337
f 1300 1299 1294
f 1247 1223 1249
f 1247 1212 1220
f 1453 1455 1454
f 1423 1424 1429
f 1423 1422 1424
f 1393 1392 1390
f 1247 1249 1248
f 1249 1251 1250
f 1211 1220 1212
f 1378 1431 1336
f 1247 1248 1212
f 1329 1330 1331
f 1299 1292 1294
f 1404 1406 1392
f 1249 1250 1248
f 1280 1286 1289
f 1345 1415 1331
f 1250 1251 1254
f 1211 1212 1208
f 1451 1453 1454
f 1288 1286 1287
f 1307 1306 1308
f 1248 1250 1275
f 1250 1254 1252
f 1254 1246 1252
f 1212 1248 1234
f 1453 1451 1452
f 1299 1288 1292
f 1250 1252 1275
f 1306 1294 1308
f 1337 1336 1348
f 1445 1444 1443
f 1234 1248 1275
f 1429 1424 1427
f 1275 1252 1242
f 1234 1275 1242
f 1431 1348 1336
f 1444 1441 1443
f 1338 1339 1342
f 1338 1337 1339
f 1242 1252 1244
f 1252 1246 1244
f 1443 1446 1445
f 1424 1422 1425
f 1424 1426 1427
f 1242 1241 1234
f 1212 1206 1208
f 1337 1348 1340
f 1424 1425 1426
f 1288 1287 1292
f 1212 1234 1233
f 1234 1241 1233
f 1212 1233 1206
f 1435 1436 1437
f 1294 1292 1293
f 1242 1243 1241
f 1244 1246 1245
f 1208 1207 1209
f 1337 1340 1339
f 1391 1390 1389
f 1392 1387 1390
f 1243 1244 1245
f 1242 1244 1243
f 1441 1442 1443
f 1329 1331 1353
f 1208 1206 1207
f 1233 1205 1206
f 1452 1451 1450
f 1446 1443 1448
f 1431 1383 1348
f 1451 1448 1450
f 1241 1243 1204
f 1233 1241 1204
f 1342 1339 1344
f 1243 1245 1199
f 1205 1233 1204
f 1204 1243 1199
f 1390 1387 1389
f 1205 1198 1206
f 1205 1204 1198
f 1204 1195 1198
f 1204 1199 1195
f 1199 1196 1195
f 1449 1448 1443
f 1294 1293 1295
f 1392 1406 1387
f 1199 1201 1196
f 1199 1245 1201
f 1449 1450 1448
f 1307 1308 1309
f 1308 1294 1295
f 1348 1383 1343
f 1439 1437 1438
f 1339 1341 1344
f 1339 1340 1341
f 1437 1436 1438
f 1388 1389 1387
f 1449 1443 1447
f 1209 1215 1278
f 1416 1344 1380
f 1340 1348 1343
f 1383 1430 1352
f 1443 1442 1447
f 1344 1341 1380
f 1383 1352 1343
f 1280 1279 1286
f 1439 1438 1440
f 1292 1287 1285
f 1388 1387 1372
f 1196 1201 1202
f 1353 1351 1352
f 1343 1352 1351
f 1340 1343 1341
f 1287 1286 1285
f 1195 1196 1197
f 1201 1328 1203
f 1354 1379 1356
f 1207 1206 1198
f 1292 1285 1293
f 1280 1278 1279
f 1278 1215 1279
f 1341 1349 1380
f 1351 1350 1343
f 1341 1343 1349
f 1351 1354 1350
f 1308 1297 1309
f 1308 1295 1297
f 1195 1197 1198
f 1201 1203 1202
f 1354 1356 1350
f 1286 1279 1285
f 1343 1350 1349
f 1203 1328 1231
f 1434 1372 1369
f 1196 1237 1197
f 1380 1349 1359
f 1350 1356 1349
f 1207 1198 1213
f 1203 1231 1202
f 1198 1200 1235
f 1295 1293 1296
f 1434 1369 1373
f 1358 1349 1356
f 1198 1197 1200
f 1376 1365 1361
f 1309 1297 1310
f 1434 1373 1364
f 1202 1231 1232
f 1359 1377 1410
f 1349 1358 1359
f 1209 1207 1215
f 1377 1359 1360
f 1376 1361 1358
f 1361 1365 1364
f 1200 1197 1240
f 1293 1313 1296
f 1198 1235 1213
f 1202 1232 1236
f 1359 1358 1360
f 1410 1377 1411
f 1358 1361 1360
f 1406 1412 1387
f 1235 1200 1253
f 1213 1235 1253
f 1196 1202 1236
f 1236 1232 1239
f 1285 1313 1293
f 1215 1214 1255
f 1215 1207 1214
f 1207 1213 1214
f 1196 1236 1237
f 1200 1240 1253
f 1197 1238 1240
f 1197 1237 1238
f 1237 1236 1238
f 1377 1360 1375
f 1411 1377 1417
f 1387 1374 1372
f 1215 1284 1279
f 1255 1321 1215
f 1215 1321 1284
f 1372 1374 1370
f 1375 1360 1362
f 1295 1296 1297
f 1369 1372 1370
f 1360 1361 1362
f 1361 1363 1362
f 1361 1364 1363
f 1285 1279 1284
f 1375 1417 1377
f 1375 1433 1417
f 1297 1311 1310
f 1297 1296 1311
f 1284 1317 1285
f 1364 1373 1366
f 1313 1285 1317
f 1369 1366 1373
f 1364 1366 1363
f 1387 1412 1413
f 1363 1366 1367
f 1374 1387 1418
f 1296 1313 1314
f 1313 1317 1315
f 1366 1369 1368
f 1369 1370 1368
f 1370 1374 1371
f 1310 1311 1316
f 1366 1368 1367
f 1313 1315 1314
f 1368 1370 1371
f 1374 1418 1371
f 1387 1413 1418
f 1315 1317 1327
f 1296 1314 1311
f 1413 1412 1414
f 1311 1314 1316
f 1419 1418 1413
f 1461 1463 1464
f 1457 1458 1459
f 1461 1462 1463
f 1460 1457 1459
f 1465 1468 1466
f 1469 1465 1467
f 1465 1466 1467
f 1473 1474 1475
f 1475 1474 1476
f 1473 1475 1477
f 1470 1471 1472
f 1478 1479 1480
f 1484 1486 1487
f 1486 1484 1481
f 1481 1488 1486
f 1481 1484 1482
f 1492 1482 1494
f 1493 1492 1494
f 1481 1482 1483
f 1492 1485 1482
f 1482 1485 1483
f 1481 1483 1488
f 1485 1492 1491
f 1485 1491 1483
f 1489 1483 1491
f 1483 1489 1488
f 1489 1490 1488
f 1501 1500 1497
f 1500 1495 1497
f 1495 1496 1497
f 1496 1498 1497
f 1496 1499 1498
f 1502 1508 1503
f 1502 1507 1508
f 1502 1503 1504
f 1502 1504 1505
f 1503 1511 1504
f 1507 1502 1506
f 1507 1506 1509
f 1511 1512 1504
f 1502 1505 1506
f 1505 1504 1510
f 1510 1504 1512
f 1531 1528 1532
f 1534 1533 1535
f 1536 1530 1526
f 1526 1531 1536
f 1534 1532 1533
f 1539 1535 1537
f 1530 1529 1526
f 1526 1527 1531
f 1539 1537 1538
f 1527 1528 1531
f 1528 1533 1532
f 1535 1533 1537
f 1526 1523 1527
f 1529 1525 1526
f 1526 1525 1523
f 1528 1522 1533
f 1533 1521 1537
f 1538 1537 1520
f 1520 1537 1521
f 1527 1523 1528
f 1523 1522 1528
f 1522 1521 1533
f 1525 1524 1523
f 1524 1518 1513
f 1524 1513 1523
f 1523 1513 1522
f 1522 1515 1521
f 1520 1521 1515
f 1520 1515 1517
f 1513 1514 1515
f 1522 1513 1515
f 1515 1514 1516
f 1515 1516 1517
f 1517 1516 1519
f 1518 1514 1513
f 1540 1541 1542
f 1541 1540 1543
f 1547 1545 1546
f 1542 1545 1540
f 1544 1541 1543
f 1543 1548 1544
f 1546 1545 1542
f 1554 1558 1559
f 1549 1550 1551
f 1554 1557 1558
f 1551 1552 1553
f 1551 1550 1552
f 1554 1556 1557
f 1554 1555 1556
f 1560 1561 1562
f 1569 1570 1568
f 1571 1563 1573
f 1572 1564 1571
f 1571 1564 1563
f 1569 1568 1565
f 1563 1564 1565
f 1565 1568 1567
f 1563 1565 1566
f 1565 1567 1566
f 1573 1563 1566
f 1566 1575 1574
f 1566 1567 1575
f 1567 1576 1575
f 1566 1574 1573
f 1607 1604 1606
f 1603 1602 1601
f 1604 1605 1606
f 1601 1602 1594
f 1601 1594 1593
f 1577 1592 1586
f 1602 1596 1594
f 1594 1596 1595
f 1593 1594 1595
f 1577 1586 1580
f 1593 1595 1597
f 1597 1595 1598
f 1595 1599 1598
f 1595 1600 1599
f 1580 1582 1581
f 1596 1600 1595
f 1580 1581 1578
f 1577 1580 1578
f 1581 1583 1578
f 1591 1577 1579
f 1577 1578 1579
f 1589 1579 1587
f 1579 1578 1585
f 1587 1579 1585
f 1578 1583 1584
f 1585 1578 1584
f 1587 1585 1588
f 1587 1588 1590
f 1636 1632 1637
f 1637 1632 1633
f 1632 1631 1633
f 1636 1615 1632
f 1632 1615 1629
f 1632 1629 1631
f 1636 1618 1615
f 1629 1642 1630
f 1629 1630 1631
f 1629 1617 1642
f 1615 1617 1629
f 1631 1630 1634
f 1617 1623 1643
f 1618 1616 1615
f 1615 1616 1617
f 1623 1645 1643
f 1643 1642 1617
f 1617 1616 1623
f 1643 1639 1642
f 1643 1645 1639
f 1618 1619 1616
f 1639 1641 1642
f 1623 1646 1645
f 1623 1616 1622
f 1646 1652 1645
f 1630 1635 1634
f 1642 1641 1630
f 1645 1652 1639
f 1646 1648 1652
f 1652 1651 1639
f 1648 1651 1652
f 1630 1641 1635
f 1634 1635 1638
f 1639 1651 1644
f 1639 1644 1640
f 1646 1647 1648
f 1623 1622 1646
f 1646 1622 1647
f 1639 1640 1641
f 1619 1620 1616
f 1641 1640 1635
f 1622 1616 1621
f 1647 1622 1624
f 1648 1649 1651
f 1647 1649 1648
f 1647 1650 1649
f 1651 1649 1644
f 1628 1620 1619
f 1635 1612 1638
f 1622 1621 1624
f 1616 1620 1621
f 1647 1624 1650
f 1626 1640 1644
f 1650 1626 1649
f 1649 1626 1644
f 1635 1640 1610
f 1624 1626 1650
f 1620 1627 1621
f 1621 1625 1624
f 1624 1625 1626
f 1620 1613 1627
f 1626 1625 1640
f 1635 1610 1612
f 1621 1627 1625
f 1612 1610 1611
f 1625 1627 1610
f 1625 1610 1640
f 1613 1610 1627
f 1613 1614 1608
f 1613 1608 1610
f 1610 1609 1611
f 1608 1609 1610
f 1661 1660 1662
f 1659 1660 1661
f 1658 1660 1659
f 1658 1659 1653
f 1658 1653 1656
f 1663 1656 1657
f 1653 1654 1655
f 1656 1653 1655
f 1657 1656 1655
f 1657 1655 1664
f 1664 1655 1665
f 1664 1665 1666
f 1666 1665 1667
f 1670 1669 1671
f 1668 1669 1670
f 1669 1672 1673
f 1672 1669 1668
f 1674 1673 1672
f 1680 1679 1672
f 1673 1674 1676
f 1674 1672 1679
f 1674 1679 1678
f 1678 1682 1677
f 1674 1675 1676
f 1674 1678 1677
f 1675 1674 1677
f 1675 1677 1681
f 1675 1681 1683
f 1685 1675 1684
f 1675 1683 1684
f 1685 1684 1686
f 1683 1687 1684
f 1684 1687 1688
f 1689 1690 1691
f 1698 1690 1689
f 1691 1690 1692
f 1698 1708 1697
f 1698 1696 1690
f 1698 1697 1696
f 1708 1707 1697
f 1696 1693 1690
f 1697 1694 1696
f 1690 1693 1692
f 1694 1693 1696
f 1697 1707 1705
f 1697 1701 1694
f 1694 1695 1693
f 1701 1697 1705
f 1693 1695 1699
f 1694 1701 1695
f 1701 1702 1695
f 1699 1695 1700
f 1705 1707 1709
f 1695 1702 1700
f 1705 1709 1706
f 1701 1705 1704
f 1705 1706 1704
f 1710 1711 1712
f 1704 1703 1702
f 1703 1700 1702
f 1730 1725 1724
f 1724 1725 1720
f 1728 1724 1721
f 1724 1720 1721
f 1725 1722 1720
f 1720 1715 1721
f 1715 1723 1721
f 1721 1723 1716
f 1722 1713 1720
f 1720 1713 1715
f 1713 1714 1715
f 1715 1716 1723
f 1717 1714 1713
f 1715 1714 1716
f 1714 1718 1716
f 1717 1719 1714
f 1716 1718 1729
f 1714 1719 1718
f 1726 1718 1719
f 1727 1726 1719
f 1740 1741 1731
f 1731 1741 1739
f 1735 1740 1731
f 1735 1731 1734
f 1739 1736 1731
f 1732 1731 1736
f 1734 1731 1733
f 1731 1732 1733
f 1732 1736 1744
f 1732 1744 1743
f 1733 1732 1738
f 1732 1743 1738
f 1734 1733 1737
f 1733 1742 1737
f 1749 1750 1746
f 1733 1738 1742
f 1745 1746 1747
f 1747 1746 1748
f 1749 1746 1745
f 1745 1747 1754
f 1747 1755 1754
f 1747 1748 1755
f 1749 1745 1751
f 1745 1754 1753
f 1751 1745 1752
f 1745 1753 1752
f 1755 1756 1754
f 1763 1761 1764
f 1764 1761 1757
f 1763 1762 1761
f 1762 1758 1761
f 1761 1758 1757
f 1757 1758 1759
f 1758 1760 1759
f 1759 1760 1765
f 1767 1766 1760
f 1760 1766 1765
f 1773 1778 1774
f 1774 1778 1779
f 1774 1779 1776
f 1773 1781 1778
f 1773 1774 1771
f 1771 1774 1775
f 1773 1771 1768
f 1774 1776 1775
f 1783 1776 1786
f 1782 1771 1775
f 1768 1771 1769
f 1769 1771 1772
f 1783 1775 1776
f 1782 1775 1783
f 1785 1783 1786
f 1782 1783 1784
f 1784 1772 1782
f 1784 1783 1785
f 1768 1769 1770
f 1777 1769 1772
f 1780 1777 1772
f 1788 1790 1789
f 1787 1788 1789
f 1791 1792 1793
f 1794 1795 1796
f 1813 1814 1815
f 1807 1806 1805
f 1805 1806 1801
f 1805 1800 1812
f 1805 1801 1800
f 1811 1812 1800
f 1800 1801 1802
f 1800 1810 1811
f 1797 1798 1799
f 1810 1800 1803
f 1800 1802 1803
f 1802 1801 1808
f 1801 1806 1808
f 1802 1808 1804
f 1803 1802 1804
f 1806 1809 1808
f 1804 1808 1809
f 1831 1826 1829
f 1829 1826 1825
f 1834 1831 1828
f 1826 1818 1825
f 1836 1834 1828
f 1828 1831 1829
f 1818 1822 1816
f 1822 1824 1823
f 1822 1823 1816
f 1816 1817 1818
f 1818 1817 1825
f 1829 1825 1832
f 1821 1816 1823
f 1828 1829 1830
f 1817 1816 1819
f 1817 1819 1825
f 1819 1816 1820
f 1830 1829 1832
f 1819 1827 1825
f 1821 1820 1816
f 1832 1825 1827
f 1836 1828 1835
f 1830 1832 1833
f 1828 1830 1835
f 1832 1837 1833
f 1843 1851 1852
f 1843 1854 1851
f 1845 1843 1852
f 1847 1852 1853
f 1852 1847 1845
f 1843 1844 1854
f 1847 1846 1845
f 1845 1841 1843
f 1846 1840 1845
f 1841 1842 1843
f 1843 1842 1844
f 1844 1842 1850
f 1847 1848 1846
f 1840 1841 1845
f 1849 1848 1847
f 1846 1848 1838
f 1846 1838 1840
f 1840 1839 1841
f 1838 1839 1840
f 1839 1842 1841
f 1866 1863 1862
f 1862 1863 1864
f 1862 1864 1865
f 1861 1860 1855
f 1859 1861 1855
f 1859 1855 1858
f 1855 1860 1856
f 1858 1855 1857
f 1855 1856 1857
f 1978 1998 1980
f 2147 2148 2143
f 2145 2143 2144
f 1973 1975 1976
f 2145 2146 2143
f 1967 1966 1968
f 2142 2138 2148
f 2138 2140 2148
f 2138 2139 2140
f 2142 2132 2138
f 2138 2134 2139
f 1975 1977 1976
f 1976 1977 1979
f 1981 1978 1975
f 1975 1978 1977
f 1978 1980 1977
f 2147 2143 2146
f 1981 1969 1968
f 2152 2149 2151
f 2149 2150 2151
f 2143 2148 2140
f 2143 2140 2141
f 1969 1967 1968
f 2140 2139 2141
f 1989 1988 1987
f 2143 2141 2144
f 1969 1973 1972
f 1973 1969 1975
f 1975 1969 1981
f 1968 1966 1998
f 1967 1962 1966
f 2138 2132 2134
f 2078 2062 2061
f 2077 2064 2066
f 1972 1973 1974
f 1966 1962 1960
f 1989 1999 1988
f 1991 2040 2041
f 2068 2066 2067
f 1992 1982 1991
f 1982 1971 1991
f 1991 1971 2040
f 2060 2056 2058
f 2058 2057 2059
f 2041 2040 2042
f 2040 2064 2042
f 2042 2064 2077
f 2064 2062 2066
f 2040 1990 2064
f 2117 2111 2119
f 2111 2120 2119
f 1971 1990 2040
f 1971 1972 1990
f 2054 2055 2056
f 2111 2123 2120
f 1974 2054 1990
f 1974 2055 2054
f 2056 2055 2057
f 2110 2113 2111
f 2111 2113 2123
f 1972 1974 1990
f 2114 2113 2110
f 1982 1970 1971
f 1971 1969 1972
f 1971 1970 1969
f 1982 1983 1970
f 1982 1984 1983
f 1970 1967 1969
f 1970 2000 1967
f 1962 1959 1960
f 2132 2133 2134
f 1970 1983 1985
f 1967 2000 1962
f 1960 1959 1956
f 2133 2135 2134
f 2000 1965 1962
f 1965 1959 1962
f 1970 1985 2000
f 1959 1965 1963
f 2133 2136 2135
f 2135 2136 2137
f 1985 1988 2000
f 2128 2129 2130
f 1983 1986 1985
f 2130 2129 2131
f 1965 1964 1963
f 1985 1987 1988
f 1986 1987 1985
f 1961 1958 1959
f 2060 2061 2056
f 2116 2112 2115
f 2110 2111 2112
f 2066 2062 2067
f 2062 2056 2061
f 2112 2111 2115
f 2056 2057 2058
f 2111 2117 2115
f 2064 1990 2062
f 2062 2054 2056
f 1990 2054 2062
f 2099 2100 2101
f 1959 1958 1956
f 1955 1954 1956
f 1999 1964 1965
f 1964 1961 1963
f 1963 1961 1959
f 1958 1957 1956
f 1956 1957 1955
f 1916 1873 1880
f 1916 1917 1873
f 1930 1887 1884
f 2088 2091 2089
f 1930 1884 1886
f 1983 1995 1986
f 1986 1995 2076
f 1996 1993 1992
f 1992 1993 1982
f 2117 2119 2125
f 1993 1994 1982
f 2073 2069 2072
f 1982 1994 1984
f 1880 1949 1921
f 1949 1877 1887
f 2102 2100 2099
f 1930 2082 1926
f 1930 1886 2082
f 1984 1995 1983
f 1892 1890 1891
f 1892 1891 1893
f 1932 1893 1891
f 2122 2126 2127
f 2074 2075 1881
f 2074 1881 2069
f 1933 1873 1919
f 1867 1868 1869
f 2105 2104 2106
f 1929 1927 1928
f 2087 2090 2088
f 1877 1884 1887
f 2083 2084 1934
f 1884 1883 1885
f 1885 1883 1935
f 1892 1936 1890
f 1892 1893 1894
f 1891 1890 1889
f 1932 1891 2001
f 1951 1897 1932
f 1932 1897 1893
f 2038 2076 2003
f 1997 1993 1996
f 2122 2117 2125
f 2122 2125 2126
f 2065 1994 1993
f 1872 1880 1873
f 1872 1882 1880
f 1873 1918 1919
f 1880 1920 1916
f 1882 1949 1880
f 2084 2083 1919
f 1882 1877 1949
f 2089 2085 2088
f 1877 1883 1884
f 1886 1885 1934
f 1954 1932 2001
f 1893 1896 1895
f 1893 1897 1896
f 2081 2050 2052
f 2052 2050 2049
f 1997 2065 1993
f 2121 2117 2122
f 2121 2118 2117
f 2115 2117 2118
f 2065 2053 1994
f 2053 1984 1994
f 1916 1920 1931
f 1917 1916 1931
f 1873 1917 1918
f 2095 2093 2092
f 1880 1921 1920
f 1919 2083 2080
f 2080 2083 1934
f 2053 2002 1984
f 2088 2085 2087
f 2085 2086 2087
f 1930 1924 1923
f 2002 1995 1984
f 1884 1885 1886
f 1885 1935 1934
f 1893 1895 1894
f 2002 2003 1995
f 1995 2003 2076
f 1897 1915 1896
f 2124 2121 2122
f 2069 2070 2072
f 1919 1950 1933
f 2103 2104 2105
f 2092 2093 2094
f 1949 1923 1921
f 1926 1924 1930
f 1954 1953 1932
f 1951 1932 1952
f 1997 2079 2065
f 1879 1870 1881
f 1879 1871 1870
f 1870 1872 1873
f 1874 1882 1872
f 1874 1877 1882
f 1919 2080 1950
f 1926 1928 1927
f 1888 1889 1890
f 1955 1953 1954
f 2124 2118 2121
f 1881 1933 2069
f 1870 1933 1881
f 1870 1873 1933
f 1870 1871 1872
f 1871 1874 1872
f 1933 1950 2069
f 1875 1874 1871
f 2069 1950 2070
f 1950 2071 2070
f 1875 1876 1874
f 1921 1922 1920
f 1925 1927 1931
f 1921 1923 1922
f 1925 1926 1927
f 1950 2080 2071
f 1922 1923 1924
f 1925 1924 1926
f 1876 1877 1874
f 1876 1878 1877
f 1877 1878 1883
f 2096 2097 2098
f 1934 1935 2080
f 1878 1888 1883
f 1935 1890 2080
f 1890 1936 2080
f 1878 1889 1888
f 1883 1888 1935
f 1888 1890 1935
f 1953 1952 1932
f 2079 2037 2065
f 2065 2010 2053
f 2036 2035 2037
f 2037 2010 2065
f 1920 1922 1931
f 1922 1924 1925
f 2003 2005 2038
f 2005 2039 2038
f 2035 2010 2037
f 2035 2008 2009
f 2035 2009 2010
f 2009 2007 2010
f 2009 2008 2007
f 2007 2053 2010
f 1922 1925 1931
f 2053 2007 2004
f 2004 2002 2053
f 2004 2003 2002
f 2004 2005 2003
f 2032 2035 2036
f 2052 2049 2047
f 2047 2049 2048
f 2050 2048 2049
f 2046 2052 2047
f 1898 1895 1896
f 1896 1915 1900
f 1896 1900 1899
f 1940 1939 1941
f 2032 2021 2035
f 2004 2006 2005
f 2005 2045 2039
f 2046 1945 1944
f 1944 1945 1942
f 2047 1945 2046
f 2047 2048 1945
f 2035 2021 2008
f 2048 2051 1945
f 2006 2004 2007
f 1909 1911 1902
f 1947 1899 1911
f 1899 1902 1911
f 1898 1896 1899
f 2005 2006 2045
f 1899 1901 1902
f 1900 1901 1899
f 2031 2021 2032
f 1945 2051 2063
f 2024 2011 2026
f 2006 2007 2008
f 2024 2014 2011
f 2019 2015 2014
f 2016 2013 2015
f 1898 1899 1947
f 2017 2044 2023
f 1944 1942 1943
f 2029 2030 2027
f 2029 2027 2028
f 2028 2027 2022
f 2034 2022 2031
f 2027 2012 2022
f 2022 2021 2031
f 2012 2021 2022
f 2033 2012 2027
f 2012 2008 2021
f 2030 2033 2027
f 2107 2108 2109
f 2025 2024 2033
f 2026 2011 2033
f 2033 2011 2012
f 2033 2024 2026
f 2063 1946 1914
f 2012 2011 2008
f 2011 2006 2008
f 2025 2018 2024
f 2011 2014 2013
f 2011 2013 2006
f 2024 2019 2014
f 2014 2015 2013
f 1906 1902 1904
f 2043 2019 2024
f 1909 1902 1906
f 2018 2016 2024
f 2043 2016 2015
f 2024 2016 2043
f 2013 2023 2006
f 2023 2045 2006
f 2018 2017 2016
f 2018 2020 2017
f 2016 2017 2013
f 2013 2017 2023
f 2023 2044 2045
f 1903 1913 1905
f 1942 1940 1943
f 1940 1937 1939
f 1939 1937 1938
f 1937 1910 1938
f 1914 1910 1937
f 1914 1907 1910
f 1946 1906 1914
f 1914 1906 1907
f 1907 1908 1910
f 1906 1904 1907
f 1907 1904 1908
f 1908 1904 1912
f 1901 1903 1902
f 1905 1948 1912
f 1903 1905 1904
f 1942 1937 1940
f 1942 1945 1937
f 1945 1914 1937
f 1945 2063 1914
f 1902 1903 1904
f 1904 1905 1912
f 2159 2153 2158
f 2154 2157 2156
f 2158 2153 2155
f 2153 2154 2155
f 2164 2165 2162
f 2155 2154 2156
f 2157 2160 2156
f 2167 2164 2166
f 2161 2164 2162
f 2169 2171 2173
f 2168 2167 2166
f 2179 2177 2172
f 2164 2161 2166
f 2162 2172 2163
f 2161 2162 2163
f 2169 2168 2166
f 2163 2172 2177
f 2179 2178 2177
f 2179 2180 2178
f 2161 2163 2175
f 2169 2170 2171
f 2173 2171 2174
f 2169 2166 2170
f 2161 2175 2166
f 2163 2177 2176
f 2163 2176 2175
f 2176 2177 2178
f 2183 2186 2181
f 2181 2182 2183
f 2181 2185 2182
f 2183 2182 2184
f 2187 2191 2188
f 2187 2189 2190
f 2187 2188 2189
f 2195 2192 2194
f 2192 2193 2194
f 2196 2199 2197
f 2196 2197 2198
f 2200 2201 2202
f 2203 2204 2205
f 2235 2233 2228
f 2233 2232 2228
f 2235 2228 2227
f 2227 2226 2213
f 2214 2213 2206
f 2214 2206 2215
f 2214 2215 2216
f 2216 2215 2217
f 2220 2209 2223
f 2216 2217 2218
f 2218 2217 2219
f 2221 2223 2234
f 2218 2219 2224
f 2224 2219 2222
f 2230 2237 2231
f 2232 2230 2228
f 2228 2230 2229
f 2230 2231 2229
f 2227 2228 2226
f 2226 2228 2229
f 2226 2229 2225
f 2213 2226 2207
f 2207 2226 2225
f 2213 2207 2212
f 2213 2212 2210
f 2211 2212 2207
f 2210 2211 2207
f 2213 2210 2206
f 2210 2207 2206
f 2225 2208 2207
f 2206 2207 2208
f 2206 2208 2209
f 2206 2209 2215
f 2215 2209 2220
f 2215 2220 2217
f 2217 2220 2223
f 2217 2223 2221
f 2217 2221 2219
f 2221 2234 2236
f 2219 2221 2222
f 2221 2236 2222
f 2269 2272 2248
f 2252 2269 2248
f 2272 2275 2249
f 2247 2275 2274
f 2274 2276 2262
f 2276 2264 2253
f 2271 2269 2252
f 2247 2274 2262
f 2271 2252 2255
f 2249 2275 2247
f 2262 2276 2253
f 2252 2248 2251
f 2272 2249 2248
f 2247 2262 2239
f 2262 2253 2242
f 2264 2265 2246
f 2264 2270 2265
f 2254 2257 2273
f 2252 2254 2255
f 2254 2251 2257
f 2252 2251 2254
f 2257 2251 2258
f 2251 2256 2258
f 2251 2250 2256
f 2248 2250 2251
f 2250 2259 2256
f 2248 2249 2250
f 2238 2250 2249
f 2250 2238 2259
f 2238 2260 2259
f 2247 2238 2249
f 2238 2240 2260
f 2247 2239 2238
f 2238 2239 2240
f 2239 2241 2240
f 2240 2241 2260
f 2241 2266 2260
f 2262 2242 2239
f 2239 2242 2241
f 2241 2243 2266
f 2243 2267 2266
f 2242 2243 2241
f 2244 2243 2242
f 2242 2253 2244
f 2264 2244 2253
f 2243 2268 2267
f 2244 2245 2243
f 2245 2268 2243
f 2264 2246 2244
f 2246 2245 2244
f 2245 2263 2268
f 2265 2261 2246
f 2246 2261 2245
f 2261 2263 2245
