# normalized by imagery/landmark3d.py: Z-up -> Y-up, geometry only
v -0.220888 -0.430754 0.032848
v -0.221131 -0.372008 0.053543
v -0.221123 -0.373944 -0.036148
v -0.220884 -0.434507 -0.045947
v -0.220967 -0.410893 -0.121795
v -0.220240 -0.462391 0.118743
v -0.221004 -0.397109 0.128487
v -0.219634 -0.425255 0.168078
v -0.219715 -0.356068 -0.118174
v -0.219932 -0.383717 -0.169407
v -0.218701 -0.447624 -0.171492
v -0.218508 -0.465805 -0.144149
v -0.217567 -0.466716 -0.037028
v -0.217132 -0.464207 0.169121
v -0.217357 -0.369364 0.171303
v -0.216898 -0.355482 0.130347
v -0.217523 -0.355520 0.167306
v -0.219810 -0.356123 0.012121
v -0.217621 -0.357690 -0.171692
v -0.216188 -0.468041 0.070009
v -0.213354 -0.467708 -0.169750
v -0.215716 -0.468735 0.154110
v -0.066408 -0.391640 0.174035
v -0.026011 -0.426113 0.174043
v 0.052797 -0.377457 0.174039
v 0.043783 -0.455685 0.174060
v 0.160344 -0.403474 0.174039
v -0.074121 -0.415723 0.174039
v -0.074121 -0.420691 0.174039
v -0.094751 -0.441351 0.174051
v -0.074121 -0.417871 0.174039
v 0.127824 -0.355859 0.172927
v 0.014493 -0.355913 0.173033
v -0.100527 -0.360069 0.173149
v -0.170642 -0.388741 0.174035
v -0.169253 -0.450501 0.174069
v 0.197045 -0.359235 0.173378
v -0.197910 -0.355857 0.172831
v 0.218377 -0.374068 0.172339
v 0.218669 -0.431038 0.172411
v -0.217357 -0.369364 0.171303
v 0.146786 -0.467558 0.170301
v 0.210753 -0.468537 0.169530
v -0.095637 -0.467602 0.171933
v 0.020177 -0.468259 0.170556
v -0.219634 -0.425255 0.168078
v -0.217132 -0.464207 0.169121
v -0.180838 -0.468336 0.170771
v 0.219231 -0.460775 0.171147
v 0.218756 -0.355541 0.168459
v -0.217523 -0.355520 0.167306
v -0.017366 -0.467021 -0.081781
v 0.055069 -0.467022 -0.043695
v 0.002584 -0.467022 0.041725
v -0.184376 -0.467161 0.082933
v -0.190554 -0.467311 -0.020532
v -0.083575 -0.467022 0.022819
v -0.090116 -0.467430 -0.135668
v -0.068036 -0.467243 0.135075
v 0.065959 -0.467356 0.144409
v 0.103602 -0.467021 0.052059
v 0.175648 -0.468052 0.140584
v 0.199454 -0.467576 0.044231
v 0.143029 -0.467021 -0.032133
v 0.090230 -0.467018 -0.114870
v 0.176874 -0.468194 -0.147689
v -0.164111 -0.468171 0.147546
v -0.095637 -0.467602 0.171933
v -0.180838 -0.468336 0.170771
v 0.207829 -0.468892 -0.044867
v 0.007145 -0.468287 -0.163043
v 0.108510 -0.466672 -0.170341
v -0.216188 -0.468041 0.070009
v -0.215716 -0.468735 0.154110
v -0.217567 -0.466716 -0.037028
v -0.205417 -0.468730 -0.116900
v -0.199452 -0.469435 -0.161961
v -0.146330 -0.468954 -0.165466
v 0.217268 -0.467429 0.025570
v 0.146786 -0.467558 0.170301
v 0.210753 -0.468537 0.169530
v 0.020177 -0.468259 0.170556
v -0.056347 -0.466970 -0.172671
v 0.035395 -0.468052 -0.171140
v 0.210162 -0.469501 0.110252
v 0.181410 -0.467281 -0.172714
v 0.215197 -0.466210 -0.169194
v 0.218345 -0.465833 -0.102629
v -0.217132 -0.464207 0.169121
v -0.218508 -0.465805 -0.144149
v -0.213354 -0.467708 -0.169750
v -0.160795 -0.466622 -0.172928
v 0.218947 -0.465631 0.119447
v 0.219231 -0.460775 0.171147
v -0.220240 -0.462391 0.118743
v -0.192011 -0.354582 0.036147
v -0.172657 -0.353032 0.115290
v -0.171431 -0.351901 0.069452
v -0.167671 -0.353266 0.002369
v -0.191093 -0.354607 -0.068072
v -0.216898 -0.355482 0.130347
v -0.219810 -0.356123 0.012121
v -0.219715 -0.356068 -0.118174
v -0.200113 -0.354642 -0.141548
v -0.130975 -0.354483 -0.142511
v -0.189593 -0.355875 -0.172322
v -0.096955 -0.355681 -0.171897
v -0.002407 -0.354448 -0.143061
v -0.037965 -0.353181 -0.125418
v -0.126719 -0.353753 -0.124778
v -0.001607 -0.356699 -0.172670
v -0.217621 -0.357690 -0.171692
v -0.156523 -0.348210 -0.109888
v -0.164976 -0.347500 -0.069697
v 0.020237 -0.345281 -0.122828
v -0.191093 -0.354607 -0.068072
v -0.156523 -0.348210 -0.109888
v -0.130975 -0.354483 -0.142511
v -0.160377 -0.354646 0.151119
v -0.158627 -0.353924 0.127847
v -0.172657 -0.353032 0.115290
v -0.099202 -0.353970 0.133230
v -0.042816 -0.354567 0.151747
v -0.004715 -0.351255 0.130761
v 0.049450 -0.347460 0.133914
v -0.100527 -0.360069 0.173149
v 0.014493 -0.355913 0.173033
v -0.197910 -0.355857 0.172831
v -0.217523 -0.355520 0.167306
v 0.170975 -0.354112 0.116772
v 0.202387 -0.354642 0.107444
v 0.175513 -0.353574 0.046088
v 0.169104 -0.354637 0.156092
v 0.220365 -0.355989 0.117520
v 0.218756 -0.355541 0.168459
v 0.146960 -0.352873 0.130661
v 0.198631 -0.354679 -0.006020
v 0.220409 -0.356036 0.006968
v 0.220264 -0.355870 -0.117363
v 0.187298 -0.354622 -0.126196
v 0.218308 -0.356894 -0.169890
v 0.179911 -0.355799 -0.172319
v 0.111231 -0.354517 -0.153669
v 0.140196 -0.353891 -0.120302
v 0.067709 -0.352869 -0.122235
v 0.170777 -0.354333 -0.097449
v -0.002407 -0.354448 -0.143061
v 0.090281 -0.355762 -0.172275
v 0.037295 -0.353122 -0.116676
v -0.001607 -0.356699 -0.172670
v 0.088402 -0.353449 0.134851
v 0.077200 -0.354593 0.153541
v 0.127824 -0.355859 0.172927
v 0.173311 -0.350963 -0.066767
v 0.197045 -0.359235 0.173378
v -0.160377 -0.354646 0.151119
v -0.192011 -0.354582 0.036147
v -0.216898 -0.355482 0.130347
v -0.217523 -0.355520 0.167306
v -0.024452 -0.442061 -0.174082
v -0.075912 -0.371886 -0.174071
v 0.017123 -0.382022 -0.174065
v 0.090659 -0.430065 -0.174080
v 0.139623 -0.368086 -0.174067
v 0.187020 -0.427212 -0.174079
v -0.153673 -0.416778 -0.174079
v -0.160795 -0.466622 -0.172928
v -0.206809 -0.451971 -0.174087
v -0.200833 -0.387664 -0.174036
v -0.056347 -0.466970 -0.172671
v -0.189593 -0.355875 -0.172322
v -0.096955 -0.355681 -0.171897
v -0.217621 -0.357690 -0.171692
v 0.218278 -0.407110 -0.171631
v 0.218308 -0.356894 -0.169890
v -0.001607 -0.356699 -0.172670
v 0.090281 -0.355762 -0.172275
v 0.179911 -0.355799 -0.172319
v 0.035395 -0.468052 -0.171140
v 0.108510 -0.466672 -0.170341
v 0.181410 -0.467281 -0.172714
v 0.215197 -0.466210 -0.169194
v -0.218701 -0.447624 -0.171492
v -0.219932 -0.383717 -0.169407
v -0.213354 -0.467708 -0.169750
v 0.220906 -0.446421 0.021425
v 0.221169 -0.383414 -0.080726
v 0.221076 -0.395651 0.071557
v 0.218345 -0.465833 -0.102629
v 0.218947 -0.465631 0.119447
v 0.220917 -0.433725 0.145777
v 0.221265 -0.364126 0.159339
v 0.219231 -0.460775 0.171147
v 0.220365 -0.355989 0.117520
v 0.220409 -0.356036 0.006968
v 0.220264 -0.355870 -0.117363
v 0.218308 -0.356894 -0.169890
v 0.218278 -0.407110 -0.171631
v 0.215197 -0.466210 -0.169194
v 0.218669 -0.431038 0.172411
v 0.218377 -0.374068 0.172339
v 0.217268 -0.467429 0.025570
v 0.218756 -0.355541 0.168459
v -0.190570 0.387940 -0.047532
v -0.185715 0.416597 -0.057724
v -0.165531 0.407553 -0.112904
v -0.196686 0.405809 0.015835
v -0.172896 0.386408 -0.121942
v -0.210578 0.393754 0.047368
v -0.205606 0.407902 0.053659
v -0.143875 0.404554 -0.146205
v -0.140613 0.395837 -0.157552
v -0.156359 0.374744 -0.143806
v -0.189158 0.369430 -0.027095
v -0.204119 0.371612 0.056465
v -0.160825 0.365917 -0.116275
v -0.206088 0.386268 0.100361
v -0.203891 0.399132 0.091263
v -0.177479 0.426919 -0.113241
v -0.163051 0.419467 -0.131966
v -0.137984 0.372204 -0.157106
v -0.185798 0.365570 0.122737
v -0.193883 0.389276 0.124198
v -0.180692 0.370898 0.136615
v -0.119203 0.441572 -0.144025
v -0.131782 0.423866 -0.155177
v -0.153620 0.434010 -0.135483
v -0.135674 0.447622 -0.132140
v -0.122543 0.446614 -0.005173
v -0.138072 0.475395 0.010427
v -0.110347 0.478344 -0.002481
v -0.144098 0.445659 0.005068
v -0.156964 0.459130 0.039265
v -0.151640 0.442222 0.026219
v -0.167404 0.439010 0.066888
v -0.156063 0.460615 0.084431
v -0.142283 0.483962 0.046100
v -0.135140 0.480699 0.082129
v -0.129403 0.470531 0.116347
v -0.138208 0.456232 0.117875
v -0.121874 0.488817 0.020471
v -0.142270 0.440073 0.112677
v -0.174290 0.433175 0.026815
v -0.158061 0.435453 -0.004883
v -0.187191 0.412819 0.067106
v -0.165308 0.411153 0.104289
v -0.203891 0.399132 0.091263
v -0.205606 0.407902 0.053659
v -0.193883 0.389276 0.124198
v -0.196686 0.405809 0.015835
v -0.183916 0.410838 0.033963
v -0.164692 0.412856 -0.007742
v -0.173914 0.409365 -0.026222
v -0.206088 0.386268 0.100361
v -0.210578 0.393754 0.047368
v -0.185715 0.416597 -0.057724
v -0.167728 0.428573 -0.025878
v -0.141131 0.441381 -0.019091
v -0.147600 0.444096 -0.039958
v -0.176205 0.432243 -0.083600
v -0.149505 0.445491 -0.099301
v -0.153620 0.434010 -0.135483
v -0.135674 0.447622 -0.132140
v -0.177479 0.426919 -0.113241
v -0.155233 0.457328 -0.070577
v -0.158023 0.478897 -0.069834
v -0.150667 0.466178 -0.113913
v -0.153855 0.466261 -0.030648
v -0.123056 0.466629 -0.147682
v -0.148111 0.482908 -0.095063
v -0.121857 0.482914 -0.131776
v -0.100085 0.480329 -0.153592
v -0.135823 0.459278 -0.014079
v -0.120740 0.483834 -0.020225
v -0.149212 0.483574 -0.042262
v -0.138892 0.433500 -0.006960
v -0.182847 0.273484 -0.015490
v -0.177054 0.294546 -0.008714
v -0.166190 0.282220 -0.071460
v -0.163551 0.300417 -0.045938
v -0.187856 0.280567 0.065281
v -0.180017 0.246778 -0.041045
v -0.185951 0.257363 0.037858
v -0.196137 0.262028 0.090716
v -0.201399 0.257707 0.120143
v -0.167018 0.248390 -0.067723
v -0.164302 0.251210 -0.127015
v -0.168252 0.229011 -0.100288
v -0.147402 0.286677 -0.130877
v -0.148918 0.270664 -0.153439
v -0.149032 0.245150 -0.156875
v -0.179494 0.214681 -0.090215
v -0.188387 0.219521 -0.018274
v -0.187897 0.205711 -0.042899
v -0.190170 0.229823 0.017808
v -0.179934 0.249696 0.008597
v -0.187349 0.238887 0.036862
v -0.197308 0.213209 0.096765
v -0.164273 0.222266 -0.142019
v -0.172376 0.207101 -0.142044
v -0.196357 0.265568 0.132099
v -0.150507 0.229232 -0.148605
v -0.158043 0.217419 -0.156271
v -0.145213 0.303728 -0.082176
v -0.132808 0.308633 -0.119936
v -0.116161 0.303767 -0.146728
v -0.123600 0.293505 -0.152492
v -0.169997 0.293592 0.090339
v -0.158436 0.309240 -0.007118
v -0.151278 0.292694 -0.063115
v -0.138447 0.307558 0.093217
v -0.144420 0.288472 0.140386
v -0.108273 0.308087 0.137210
v -0.132339 0.304647 -0.068636
v -0.144047 0.305942 -0.044162
v -0.138852 0.312198 0.013250
v -0.122990 0.298378 -0.054457
v -0.133658 0.306783 -0.047416
v -0.191525 0.201250 0.052940
v -0.027620 0.247864 0.145915
v -0.027250 0.277491 0.158793
v -0.035035 0.273360 0.132974
v -0.019755 0.259566 0.167233
v -0.039381 0.257328 0.126150
v -0.038556 0.243926 0.127382
v -0.014220 0.303563 0.145257
v -0.033150 0.290534 0.111830
v -0.008832 0.291548 0.163420
v 0.036610 0.310102 0.151894
v 0.022008 0.299890 0.160115
v -0.175391 0.229751 0.086895
v -0.161888 0.226367 0.144222
v -0.118866 0.240073 0.109386
v -0.086877 0.247420 0.083099
v -0.095143 0.233908 0.156935
v -0.060721 0.241490 0.134876
v -0.141675 0.249287 0.037201
v -0.155540 0.221909 0.160542
v -0.055207 0.246439 0.124371
v -0.198851 0.210359 0.138662
v -0.189761 0.208210 0.156022
v -0.167967 0.250216 0.037941
v -0.043404 0.233939 0.144874
v -0.179934 0.249696 0.008597
v -0.187349 0.238887 0.036862
v -0.197308 0.213209 0.096765
v -0.204724 0.201781 0.132602
v -0.199700 0.198933 0.149111
v -0.187297 0.032498 0.047018
v -0.184783 0.064632 -0.017282
v -0.182510 0.041019 -0.032982
v -0.182221 -0.024780 -0.041276
v -0.182363 0.016559 -0.077230
v -0.179450 -0.013042 -0.101876
v -0.184697 -0.009678 0.058261
v -0.182901 -0.046087 0.014000
v -0.180245 -0.057663 -0.067443
v -0.186303 0.023588 0.087074
v -0.175021 -0.053424 -0.116155
v -0.189914 0.050945 0.112407
v -0.191161 0.067043 0.041151
v -0.192557 0.065833 0.083239
v -0.178755 -0.045584 0.097856
v -0.178384 -0.000415 0.103806
v -0.197963 0.082619 0.079980
v -0.195293 0.098361 0.045435
v -0.195573 0.103401 0.096064
v -0.200669 0.122605 0.056021
v -0.200952 0.122385 0.094288
v -0.193162 0.090406 0.120959
v -0.191886 0.070219 0.120133
v -0.195387 0.114514 0.114102
v -0.174352 -0.069536 0.014046
v -0.199275 0.131297 0.070193
v -0.167872 -0.069152 0.112187
v -0.189411 0.075591 -0.017833
v -0.170039 -0.072716 -0.095299
v -0.181099 0.036568 0.130174
v -0.172774 -0.017138 0.120912
v -0.177533 0.059418 -0.044669
v -0.180683 0.072800 -0.041429
v -0.170395 -0.022731 -0.126206
v -0.170241 -0.001618 -0.124195
v -0.173749 0.012233 -0.106152
v -0.176103 0.041706 -0.048166
v -0.177521 0.035821 -0.073798
v -0.188717 0.089360 -0.039227
v -0.193506 0.128245 0.040669
v -0.165685 -0.054056 0.121572
v -0.174234 0.024264 0.111731
v -0.180709 0.049901 0.131034
v -0.184382 0.050976 -0.055184
v -0.182223 0.046229 -0.094901
v -0.180063 0.061860 -0.079804
v -0.176171 0.035936 -0.102029
v -0.173786 0.038582 -0.125466
v -0.175873 0.053170 -0.120480
v -0.156692 -0.073337 -0.125980
v -0.167862 0.048690 -0.132106
v -0.183138 0.104952 0.122065
v -0.170354 0.122050 0.016925
v -0.156964 0.013067 0.128510
v -0.180380 0.062698 0.114131
v -0.179962 0.088261 0.032411
v -0.184698 0.104354 0.034807
v -0.164178 0.107177 0.010235
v -0.130002 0.114594 -0.026472
v -0.127959 0.130858 -0.028231
v -0.120359 0.124015 -0.040366
v -0.121139 0.147548 -0.038441
v -0.138587 0.148942 -0.019734
v -0.163379 0.148587 0.013932
v -0.174872 0.135254 0.026895
v -0.152826 -0.076510 0.041363
v -0.152189 -0.077631 -0.072105
v -0.133203 -0.079525 0.046158
v -0.155655 -0.075003 0.107125
v -0.133113 -0.079418 -0.084162
v -0.131624 -0.078647 -0.131086
v -0.131243 -0.076048 0.111439
v -0.156692 -0.073337 -0.125980
v -0.170039 -0.072716 -0.095299
v -0.174352 -0.069536 0.014046
v -0.167872 -0.069152 0.112187
v -0.148446 -0.067464 0.127160
v -0.170083 0.155736 -0.011879
v -0.182469 0.187532 -0.003428
v -0.168086 0.173816 -0.078230
v -0.168229 0.183324 -0.097116
v -0.156558 0.171121 -0.142108
v -0.182643 0.158813 0.105540
v -0.191545 0.187382 0.114875
v -0.191525 0.201250 0.052940
v -0.188459 0.174221 0.132855
v -0.188387 0.219521 -0.018274
v -0.182689 0.159936 0.137245
v -0.191382 0.188278 0.140267
v -0.187897 0.205711 -0.042899
v -0.180162 0.189318 -0.059683
v -0.179494 0.214681 -0.090215
v -0.157857 0.158777 -0.082495
v -0.204724 0.201781 0.132602
v -0.176361 0.196099 -0.106768
v -0.167530 0.189539 -0.138219
v -0.172376 0.207101 -0.142044
v -0.190170 0.229823 0.017808
v -0.143474 0.157533 -0.144465
v -0.146366 0.151956 -0.106281
v -0.199700 0.198933 0.149111
v -0.171198 0.152566 0.048805
v -0.158027 0.196835 -0.155131
v -0.197308 0.213209 0.096765
v -0.144311 0.174529 -0.159207
v -0.152228 0.182429 -0.143816
v -0.180636 0.173842 0.142822
v -0.185188 0.190821 0.153395
v -0.138587 0.148942 -0.019734
v -0.152152 0.149710 -0.050468
v -0.140497 0.148904 -0.049742
v -0.121139 0.147548 -0.038441
v -0.163379 0.148587 0.013932
v -0.128034 0.153889 0.130830
v -0.172258 0.155511 0.122390
v -0.147647 0.152569 0.118038
v -0.141164 0.158293 0.141892
v -0.168706 0.151803 0.097631
v -0.125558 -0.124271 -0.038940
v -0.130111 -0.104665 0.036003
v -0.131996 -0.093480 -0.063229
v -0.133203 -0.079525 0.046158
v -0.127239 -0.125779 0.026163
v -0.127961 -0.126259 -0.091475
v -0.130464 -0.108207 -0.114016
v -0.133113 -0.079418 -0.084162
v -0.129251 -0.094315 0.103929
v -0.131243 -0.076048 0.111439
v -0.126297 -0.119101 0.103888
v -0.131624 -0.078647 -0.131086
v -0.122560 -0.126686 -0.126576
v -0.124103 -0.108936 -0.133151
v -0.118981 -0.133842 -0.014659
v -0.121060 -0.110424 0.112458
v -0.157590 0.031768 -0.120041
v -0.176171 0.035936 -0.102029
v -0.173786 0.038582 -0.125466
v -0.177521 0.035821 -0.073798
v -0.096397 0.327985 0.140366
v -0.052104 0.324681 0.140803
v -0.062712 0.344352 0.139622
v -0.108273 0.308087 0.137210
v -0.002662 0.360419 0.151284
v -0.014220 0.303563 0.145257
v 0.036610 0.310102 0.151894
v 0.081779 0.353593 0.155387
v 0.091750 0.305239 0.158942
v 0.096895 0.388243 0.163300
v 0.034728 0.400093 0.154150
v 0.058906 0.415343 0.159369
v -0.022375 0.390630 0.146305
v 0.096860 0.432695 0.159155
v 0.130208 0.412186 0.162859
v -0.056193 0.375302 0.135041
v 0.031084 0.422975 0.151097
v -0.078665 0.391938 0.130409
v 0.144430 0.294031 0.153728
v 0.128182 0.370115 0.156822
v 0.096115 0.270459 0.155715
v 0.156668 0.264634 0.152433
v 0.011828 0.279141 0.161120
v 0.022008 0.299890 0.160115
v -0.008832 0.291548 0.163420
v -0.019755 0.259566 0.167233
v 0.144538 0.247221 0.148706
v 0.131589 0.221903 0.142562
v 0.074550 0.216586 0.144432
v 0.111383 0.204151 0.142123
v -0.003867 0.237835 0.150158
v -0.011780 0.252908 0.154826
v 0.009163 0.206664 0.140308
v -0.046937 0.211187 0.146134
v -0.043404 0.233939 0.144874
v -0.027620 0.247864 0.145915
v -0.041270 0.301887 0.137623
v -0.089136 0.372093 0.122106
v -0.121139 0.326492 0.145491
v -0.098549 0.349037 0.145003
v -0.115090 0.353068 0.146448
v -0.065442 0.299937 0.127244
v -0.142555 0.330007 0.133846
v -0.139491 0.350991 0.136133
v -0.027250 0.277491 0.158793
v -0.136225 0.308851 0.134276
v -0.076479 0.221513 0.160469
v -0.087721 0.200312 0.161138
v -0.119524 0.215272 0.164463
v -0.133211 0.191408 0.156244
v -0.095143 0.233908 0.156935
v -0.169386 0.204085 0.161031
v -0.155540 0.221909 0.160542
v -0.189761 0.208210 0.156022
v -0.185188 0.190821 0.153395
v -0.199700 0.198933 0.149111
v 0.055760 0.199720 0.131815
v 0.007389 0.410164 0.132795
v 0.012777 0.397818 0.134729
v -0.077335 0.367496 0.118285
v -0.081212 0.342453 0.124968
v -0.094395 0.286758 0.150456
v -0.144420 0.288472 0.140386
v -0.146397 0.262554 0.143455
v -0.091794 0.259706 0.150643
v -0.193257 0.254637 0.133240
v -0.196357 0.265568 0.132099
v -0.063738 0.276459 0.140264
v -0.064021 0.253900 0.136076
v -0.039381 0.257328 0.126150
v -0.035035 0.273360 0.132974
v -0.137361 0.251889 0.136707
v -0.033150 0.290534 0.111830
v 0.153301 0.330748 0.140958
v -0.055207 0.246439 0.124371
v -0.038556 0.243926 0.127382
v -0.122418 0.364858 0.124811
v -0.020358 0.399450 0.088192
v -0.201399 0.257707 0.120143
v -0.085367 0.248938 0.133681
v -0.137361 0.251889 0.136707
v -0.190448 0.250597 0.106107
v -0.150471 0.251459 0.086053
v -0.097839 0.250927 0.115936
v -0.086877 0.247420 0.083099
v -0.141675 0.249287 0.037201
v -0.167967 0.250216 0.037941
v -0.085367 0.248938 0.133681
v -0.055207 0.246439 0.124371
v -0.193257 0.254637 0.133240
v -0.185951 0.257363 0.037858
v -0.179934 0.249696 0.008597
v -0.201399 0.257707 0.120143
v -0.091794 0.259706 0.150643
v -0.064021 0.253900 0.136076
v -0.180017 0.246778 -0.041045
v -0.196137 0.262028 0.090716
v -0.194375 0.131753 0.107223
v -0.183365 0.144692 0.079914
v -0.199275 0.131297 0.070193
v -0.177527 0.142856 0.114332
v -0.168706 0.151803 0.097631
v -0.171198 0.152566 0.048805
v -0.182757 0.140888 0.045392
v -0.147647 0.152569 0.118038
v -0.168325 0.134528 0.132556
v -0.123430 0.146871 0.135180
v -0.174872 0.135254 0.026895
v -0.193506 0.128245 0.040669
v -0.200669 0.122605 0.056021
v -0.200952 0.122385 0.094288
v -0.163379 0.148587 0.013932
v -0.183065 0.117606 0.129902
v -0.195387 0.114514 0.114102
v -0.170354 0.122050 0.016925
v -0.153436 0.367354 0.052513
v -0.173219 0.367170 0.052173
v -0.146791 0.369930 -0.049119
v -0.155592 0.367586 0.112179
v -0.185798 0.365570 0.122737
v -0.144339 0.367487 0.141158
v -0.163290 0.367721 -0.062593
v -0.143826 0.364297 -0.121421
v -0.189158 0.369430 -0.027095
v -0.160825 0.365917 -0.116275
v -0.122418 0.364858 0.124811
v -0.140007 0.365487 -0.148219
v -0.204119 0.371612 0.056465
v -0.180692 0.370898 0.136615
v -0.100720 0.379487 0.142864
v -0.089136 0.372093 0.122106
v -0.146720 0.357610 0.102482
v -0.156359 0.374744 -0.143806
v -0.078665 0.391938 0.130409
v -0.180692 0.370898 0.136615
v -0.144339 0.367487 0.141158
v -0.144615 0.383341 0.147080
v -0.100720 0.379487 0.142864
v 0.064465 0.068389 0.129823
v 0.051896 0.063666 0.110014
v 0.105928 0.062070 0.112129
v 0.021424 0.062637 0.103386
v 0.032714 0.060003 0.089209
v 0.014638 0.063438 0.119110
v 0.148856 0.061976 0.106110
v 0.140346 0.070991 0.135197
v 0.159712 0.067754 0.114296
v 0.017942 -0.021581 0.124825
v 0.004307 -0.014556 0.111981
v 0.009730 -0.024152 0.088814
v 0.008060 0.000809 0.123473
v 0.004307 -0.014556 0.111981
v -0.003265 -0.030680 0.106739
v 0.009730 -0.024152 0.088814
v -0.017796 -0.023936 0.123832
v 0.008060 0.000809 0.123473
v 0.147814 0.122811 0.138056
v 0.163502 0.127668 0.113294
v 0.148049 0.135594 0.122506
v 0.104535 0.132631 0.138686
v 0.002119 0.090969 0.120043
v 0.008504 0.080771 0.127073
v -0.005583 0.113733 0.126089
v -0.026300 0.019556 0.131618
v -0.070283 0.036420 0.134834
v -0.120021 0.017646 0.134442
v -0.138961 0.047671 0.138328
v -0.072420 -0.013992 0.132213
v -0.143449 -0.034930 0.135239
v -0.017796 -0.023936 0.123832
v -0.012869 -0.048479 0.121740
v 0.006367 0.034780 0.134573
v 0.013176 0.022104 0.124331
v -0.016927 0.041043 0.138607
v 0.005224 0.052585 0.134307
v 0.008060 0.000809 0.123473
v -0.056840 -0.061733 0.124583
v 0.005305 -0.063860 0.111226
v 0.006975 -0.053607 0.129782
v 0.011343 -0.036717 0.128951
v -0.046205 -0.067960 0.112937
v -0.047633 -0.098380 0.113366
v 0.078585 -0.099831 0.118134
v 0.031984 -0.118319 0.117149
v 0.116676 -0.120892 0.119832
v 0.084799 -0.141567 0.130932
v 0.030522 -0.061394 0.125523
v -0.049402 0.061088 0.137239
v -0.113167 -0.077840 0.113896
v 0.107303 -0.068832 0.118209
v -0.063130 -0.119083 0.114797
v -0.156964 0.013067 0.128510
v 0.079584 -0.035481 0.134155
v -0.108237 -0.125963 0.115816
v -0.000904 -0.034369 0.119868
v -0.110373 -0.066840 0.130399
v -0.148446 -0.067464 0.127160
v -0.165685 -0.054056 0.121572
v -0.167872 -0.069152 0.112187
v -0.121060 -0.110424 0.112458
v -0.129251 -0.094315 0.103929
v -0.126297 -0.119101 0.103888
v -0.130093 0.069169 0.135650
v -0.158619 0.064241 0.129612
v -0.180709 0.049901 0.131034
v -0.180380 0.062698 0.114131
v -0.191886 0.070219 0.120133
v -0.174911 0.072683 0.136294
v -0.172774 -0.017138 0.120912
v -0.181099 0.036568 0.130174
v 0.139441 -0.090872 0.119129
v 0.152811 -0.070794 0.111806
v 0.154026 -0.106200 0.113398
v 0.139725 -0.063910 0.125462
v 0.159359 -0.056164 0.118393
v 0.148265 -0.034716 0.132053
v -0.131243 -0.076048 0.111439
v 0.142761 -0.113804 0.116286
v 0.046317 -0.023869 0.134064
v 0.101831 -0.007756 0.138881
v 0.160931 -0.116714 0.101508
v 0.021930 0.008378 0.128307
v 0.020288 -0.006159 0.133976
v 0.093115 -0.055795 0.132153
v -0.144433 0.090584 0.139835
v -0.089013 0.091410 0.132124
v -0.076432 0.113812 0.135310
v -0.156880 0.104409 0.130853
v -0.148880 0.117294 0.138154
v -0.183138 0.104952 0.122065
v -0.097501 0.136042 0.142873
v -0.168325 0.134528 0.132556
v -0.123430 0.146871 0.135180
v -0.069631 0.154992 0.133136
v -0.035428 0.146122 0.137174
v -0.027714 0.164399 0.123891
v -0.007523 0.154947 0.124922
v -0.004170 0.173968 0.115849
v -0.033398 0.172089 0.135283
v -0.072355 0.162970 0.137012
v -0.128034 0.153889 0.130830
v -0.147647 0.152569 0.118038
v -0.183065 0.117606 0.129902
v -0.195387 0.114514 0.114102
v -0.022669 0.126047 0.137941
v 0.001842 0.135657 0.125264
v 0.020192 0.148101 0.138026
v 0.002315 0.172113 0.131163
v 0.037654 0.183156 0.138299
v 0.094374 0.160436 0.142878
v 0.106814 0.183916 0.132517
v 0.149608 0.163372 0.138115
v 0.138216 0.142551 0.139349
v 0.141282 0.199841 0.118544
v 0.157051 0.179501 0.122338
v 0.158838 0.149758 0.128655
v 0.148049 0.135594 0.122506
v 0.104535 0.132631 0.138686
v -0.005583 0.113733 0.126089
v 0.010315 0.116743 0.135185
v 0.008504 0.080771 0.127073
v 0.074055 0.105484 0.138921
v 0.064465 0.068389 0.129823
v 0.140346 0.070991 0.135197
v 0.145156 0.089117 0.137435
v 0.147814 0.122811 0.138056
v 0.164695 0.109585 0.122436
v 0.014638 0.063438 0.119110
v 0.094336 0.198936 0.123677
v 0.055760 0.199720 0.131815
v 0.019478 0.193853 0.120634
v -0.018523 0.111064 0.128566
v 0.032897 0.132687 0.132837
v -0.092600 0.175084 0.144071
v -0.033376 0.192145 0.137374
v -0.039945 0.203565 0.135888
v -0.009359 0.197450 0.130585
v -0.098338 0.190722 0.144767
v -0.009814 0.182346 0.130584
v -0.178164 0.088425 0.135077
v -0.193162 0.090406 0.120959
v 0.017942 -0.021581 0.124825
v -0.089013 0.091410 0.132124
v -0.030820 0.085094 0.123471
v -0.076432 0.113812 0.135310
v -0.018523 0.111064 0.128566
v -0.047442 0.071022 0.118380
v 0.001749 0.072621 0.108463
v -0.130093 0.069169 0.135650
v 0.002119 0.090969 0.120043
v 0.008504 0.080771 0.127073
v 0.014638 0.063438 0.119110
v -0.005583 0.113733 0.126089
v 0.074055 0.105484 0.138921
v 0.104535 0.132631 0.138686
v 0.032897 0.132687 0.132837
v 0.147814 0.122811 0.138056
v -0.072355 0.162970 0.137012
v -0.128034 0.153889 0.130830
v -0.069631 0.154992 0.133136
v -0.141164 0.158293 0.141892
v -0.092600 0.175084 0.144071
v -0.140625 0.173888 0.147283
v -0.098338 0.190722 0.144767
v -0.171538 0.185994 0.144707
v -0.180636 0.173842 0.142822
v -0.182689 0.159936 0.137245
v -0.191382 0.188278 0.140267
v 0.021930 0.008378 0.128307
v 0.020288 -0.006159 0.133976
v 0.067842 0.005737 0.134949
v 0.101831 -0.007756 0.138881
v 0.046317 -0.023869 0.134064
v 0.017942 -0.021581 0.124825
v 0.126440 0.006356 0.137411
v 0.160718 0.012998 0.139713
v 0.148265 -0.034716 0.132053
v 0.079584 -0.035481 0.134155
v 0.093115 -0.055795 0.132153
v 0.172004 0.003482 0.130581
v 0.130205 0.016151 0.143072
v 0.104028 0.026373 0.139325
v 0.173495 0.031912 0.133288
v 0.074838 0.010182 0.123172
v 0.126440 0.006356 0.137411
v 0.104028 0.026373 0.139325
v 0.065179 0.034194 0.114333
v 0.038197 0.013486 0.095055
v 0.087487 0.050216 0.124901
v 0.051896 0.063666 0.110014
v 0.026232 0.022515 0.084775
v 0.032714 0.060003 0.089209
v 0.051604 0.437578 0.132806
v 0.003550 0.437241 0.087139
v 0.000498 0.423764 0.102806
v -0.020962 0.426251 0.064157
v -0.021711 0.431032 0.045564
v 0.031084 0.422975 0.151097
v 0.096860 0.432695 0.159155
v 0.112372 0.446956 0.140264
v 0.146362 0.444964 0.138290
v 0.007389 0.410164 0.132795
v -0.020358 0.399450 0.088192
v 0.130208 0.412186 0.162859
v 0.058906 0.415343 0.159369
v -0.029498 0.403728 0.061360
v -0.035657 0.394403 0.125249
v 0.012777 0.397818 0.134729
v -0.055560 0.395248 0.097624
v -0.078665 0.391938 0.130409
v -0.022375 0.390630 0.146305
v 0.034728 0.400093 0.154150
v -0.171593 0.393323 0.138278
v -0.144615 0.383341 0.147080
v -0.115478 0.399281 0.134878
v -0.100720 0.379487 0.142864
v -0.078665 0.391938 0.130409
v -0.098646 0.411540 0.118261
v -0.055246 0.419240 0.086826
v -0.141054 0.411831 0.110755
v -0.165308 0.411153 0.104289
v -0.193883 0.389276 0.124198
v -0.180692 0.370898 0.136615
v -0.055560 0.395248 0.097624
v -0.029498 0.403728 0.061360
v -0.055246 0.419240 0.086826
v -0.078665 0.391938 0.130409
v -0.021711 0.431032 0.045564
v -0.146956 0.108124 -0.072338
v -0.150632 0.135119 -0.081750
v -0.157977 0.121616 -0.109411
v -0.137332 0.124158 -0.049623
v -0.135655 0.108732 -0.047131
v -0.140497 0.148904 -0.049742
v -0.152608 0.140242 -0.122148
v -0.146366 0.151956 -0.106281
v -0.153222 0.111235 -0.141614
v -0.148908 0.136160 -0.146057
v -0.143474 0.157533 -0.144465
v -0.121139 0.147548 -0.038441
v -0.120359 0.124015 -0.040366
v -0.185268 0.092598 -0.015570
v -0.170357 0.103060 -0.004028
v -0.177624 0.105528 -0.039411
v -0.184210 0.079692 0.011519
v -0.188717 0.089360 -0.039227
v -0.179962 0.088261 0.032411
v -0.164178 0.107177 0.010235
v -0.191161 0.067043 0.041151
v -0.189411 0.075591 -0.017833
v -0.146771 0.112051 -0.025306
v -0.162348 0.108056 -0.048281
v -0.130002 0.114594 -0.026472
v -0.177294 0.087674 -0.053517
v -0.192011 -0.354582 0.036147
v -0.160377 -0.354646 0.151119
v -0.172657 -0.353032 0.115290
v -0.182350 -0.303179 0.070107
v -0.183915 -0.272651 0.044788
v -0.182675 -0.301094 -0.031997
v -0.181340 -0.270210 -0.014386
v -0.182841 -0.242585 0.000478
v -0.184147 -0.260763 -0.065629
v -0.181390 -0.239636 -0.016137
v -0.181057 -0.304986 -0.091988
v -0.180257 -0.243061 0.061841
v -0.184224 -0.216176 0.030528
v -0.181768 -0.210196 0.004447
v -0.179993 -0.232864 0.106872
v -0.183556 -0.236574 -0.036803
v -0.180682 -0.237188 -0.093112
v -0.180682 -0.246412 -0.117994
v -0.174820 -0.262157 0.117453
v -0.177261 -0.299660 0.122566
v -0.178374 -0.274920 -0.112338
v -0.178191 -0.218288 0.099231
v -0.168356 -0.242132 0.116435
v -0.177749 -0.221206 -0.007576
v -0.169517 -0.326497 0.074735
v -0.168812 -0.319246 0.120072
v -0.173879 -0.337681 0.108656
v -0.171431 -0.351901 0.069452
v -0.172657 -0.353032 0.115290
v -0.161879 -0.344547 0.026855
v -0.167335 -0.321566 0.016203
v -0.166237 -0.340050 -0.008744
v -0.168324 -0.322024 -0.058818
v -0.164976 -0.347500 -0.069697
v -0.167671 -0.353266 0.002369
v -0.160288 -0.327761 -0.101860
v -0.156523 -0.348210 -0.109888
v -0.167228 -0.338136 0.126386
v -0.172714 -0.312505 -0.106294
v -0.175205 -0.243686 -0.006296
v -0.166910 -0.294693 -0.120483
v -0.144500 -0.324353 -0.119025
v -0.162980 -0.251300 -0.133309
v -0.126208 0.096467 -0.092364
v -0.143603 0.098846 -0.089315
v -0.132802 0.093337 -0.128096
v -0.131906 0.101027 -0.053458
v -0.111017 0.090083 -0.139676
v -0.140388 0.097013 -0.145483
v -0.118970 0.094617 -0.074840
v -0.114364 0.088465 -0.122274
v -0.152247 0.102756 -0.121312
v -0.146956 0.108124 -0.072338
v -0.124667 0.094046 -0.053450
v -0.135655 0.108732 -0.047131
v -0.107694 0.100706 -0.152092
v -0.060341 0.092904 -0.147616
v -0.143469 0.110517 -0.154157
v -0.163175 0.070087 -0.049111
v -0.177294 0.087674 -0.053517
v -0.153988 0.090462 -0.056745
v -0.134292 0.073569 -0.057150
v -0.180683 0.072800 -0.041429
v -0.177533 0.059418 -0.044669
v -0.124667 0.094046 -0.053450
v -0.131906 0.101027 -0.053458
v -0.162348 0.108056 -0.048281
v -0.135655 0.108732 -0.047131
v -0.188717 0.089360 -0.039227
v -0.153222 0.111235 -0.141614
v -0.148908 0.136160 -0.146057
v -0.143469 0.110517 -0.154157
v -0.140388 0.097013 -0.145483
v -0.152247 0.102756 -0.121312
v -0.157977 0.121616 -0.109411
v -0.146956 0.108124 -0.072338
v -0.181938 -0.143579 0.053718
v -0.167811 -0.129191 0.104910
v -0.179506 -0.130537 0.070273
v -0.176635 -0.129207 0.018827
v -0.173358 -0.144561 0.123080
v -0.178027 -0.147941 0.006643
v -0.167370 -0.143047 -0.008421
v -0.164654 -0.119836 0.042311
v -0.157142 -0.136493 0.134713
v -0.161629 -0.147749 0.136348
v -0.175160 -0.155333 -0.020999
v -0.157636 -0.163216 -0.014839
v -0.152771 -0.144916 -0.017460
v -0.163345 -0.132254 -0.031427
v -0.136841 -0.130508 -0.026048
v -0.118981 -0.133842 -0.014659
v -0.178580 -0.139052 -0.049848
v -0.152617 -0.128174 -0.060707
v -0.125558 -0.124271 -0.038940
v -0.127961 -0.126259 -0.091475
v -0.141750 -0.127337 -0.114482
v -0.167270 -0.131916 -0.111944
v -0.122560 -0.126686 -0.126576
v -0.137824 -0.134743 -0.136881
v -0.173568 -0.140791 -0.129591
v -0.075957 -0.127676 -0.136198
v -0.167370 -0.143047 -0.008421
v -0.150145 -0.127454 -0.001704
v -0.176635 -0.129207 0.018827
v -0.164654 -0.119836 0.042311
v -0.181244 -0.145477 -0.099695
v -0.174918 -0.157764 -0.129770
v -0.144661 0.072841 -0.090094
v -0.142115 0.068794 -0.105293
v -0.159313 0.068895 -0.082313
v -0.159849 0.067260 -0.111120
v -0.122995 0.065892 -0.132445
v -0.180063 0.061860 -0.079804
v -0.163175 0.070087 -0.049111
v -0.136127 0.070693 -0.068061
v -0.134292 0.073569 -0.057150
v -0.130866 0.073556 -0.105221
v -0.148754 0.059881 -0.131535
v -0.175873 0.053170 -0.120480
v -0.177533 0.059418 -0.044669
v -0.167862 0.048690 -0.132106
v -0.184382 0.050976 -0.055184
v -0.182223 0.046229 -0.094901
v -0.131871 0.073939 -0.124425
v -0.114364 0.088465 -0.122274
v -0.125181 0.076375 -0.138998
v -0.111017 0.090083 -0.139676
v -0.130866 0.073556 -0.105221
v -0.132761 0.080088 -0.095248
v -0.118970 0.094617 -0.074840
v -0.136354 0.077504 -0.077676
v -0.124667 0.094046 -0.053450
v -0.144661 0.072841 -0.090094
v -0.138284 0.076274 -0.105618
v -0.142115 0.068794 -0.105293
v -0.134292 0.073569 -0.057150
v -0.136127 0.070693 -0.068061
v -0.142115 0.068794 -0.105293
v -0.138284 0.076274 -0.105618
v -0.130866 0.073556 -0.105221
v 0.075954 -0.195354 0.123035
v 0.122980 -0.213265 0.126057
v 0.113972 -0.173130 0.123935
v 0.157389 -0.188076 0.122487
v 0.167653 -0.215132 0.118504
v 0.155996 -0.157614 0.128540
v 0.065049 -0.208830 0.114435
v 0.060080 -0.231808 0.119763
v 0.055184 -0.208254 0.081356
v 0.048949 -0.208274 0.123436
v 0.058244 -0.188005 0.110771
v 0.049973 -0.178495 0.121292
v -0.159855 -0.322050 0.128292
v -0.114357 -0.325760 0.128682
v -0.141048 -0.314563 0.122125
v -0.168812 -0.319246 0.120072
v -0.115134 -0.316474 0.111897
v -0.101095 -0.316752 0.124324
v -0.165598 -0.306250 0.128270
v -0.168812 -0.319246 0.120072
v -0.141048 -0.314563 0.122125
v -0.135235 -0.296538 0.132550
v -0.112495 -0.301388 0.121949
v -0.115134 -0.316474 0.111897
v 0.074013 -0.235944 0.130371
v 0.121744 -0.237178 0.131891
v 0.075807 -0.221301 0.129012
v 0.122980 -0.213265 0.126057
v 0.165965 -0.228032 0.131435
v 0.173285 -0.234332 0.123430
v 0.167653 -0.215132 0.118504
v 0.150691 -0.248327 0.131550
v 0.088501 -0.254690 0.137554
v 0.126937 -0.284213 0.131528
v 0.049028 -0.274022 0.131100
v 0.039488 -0.290938 0.136278
v 0.103415 -0.323557 0.131126
v 0.163224 -0.307317 0.122457
v 0.174222 -0.293026 0.116338
v 0.159761 -0.279255 0.122091
v 0.164354 -0.259605 0.127938
v 0.161337 -0.335657 0.126502
v 0.008145 -0.261331 0.135180
v 0.050017 -0.317941 0.127620
v 0.049450 -0.347460 0.133914
v 0.088402 -0.353449 0.134851
v -0.008301 -0.323969 0.130632
v 0.017768 -0.281481 0.129614
v -0.004715 -0.351255 0.130761
v -0.077404 -0.321902 0.131202
v -0.099202 -0.353970 0.133230
v -0.055671 -0.291186 0.127523
v -0.097386 -0.293949 0.127692
v -0.100166 -0.282784 0.108474
v -0.101095 -0.316752 0.124324
v -0.114357 -0.325760 0.128682
v -0.126883 -0.341469 0.132659
v -0.112495 -0.301388 0.121949
v 0.146960 -0.352873 0.130661
v -0.013793 -0.300853 0.121915
v -0.047975 -0.275521 0.120136
v -0.097087 -0.275270 0.115695
v -0.091383 -0.261816 0.130261
v -0.106376 -0.258263 0.123588
v -0.041208 -0.246709 0.130616
v 0.016096 -0.312749 0.121120
v -0.106871 -0.236143 0.133101
v 0.000704 -0.220483 0.133612
v -0.136105 -0.260839 0.130411
v -0.117097 -0.268457 0.128796
v -0.135235 -0.296538 0.132550
v -0.152316 -0.244527 0.124751
v -0.167381 -0.229371 0.130209
v -0.168356 -0.242132 0.116435
v -0.174820 -0.262157 0.117453
v -0.179993 -0.232864 0.106872
v -0.141228 -0.219736 0.133604
v 0.045407 -0.235026 0.130873
v -0.061159 -0.213293 0.131514
v 0.037681 -0.198808 0.132400
v 0.048949 -0.208274 0.123436
v -0.163749 -0.265395 0.128940
v 0.060080 -0.231808 0.119763
v 0.049973 -0.178495 0.121292
v -0.108090 -0.207915 0.124033
v -0.105043 -0.190150 0.124327
v -0.055348 -0.182188 0.129218
v -0.105233 -0.171735 0.115177
v -0.054183 -0.162407 0.122158
v -0.129768 -0.159810 0.129555
v -0.098343 -0.149407 0.136130
v -0.135632 -0.137777 0.138061
v -0.161629 -0.147749 0.136348
v -0.157142 -0.136493 0.134713
v -0.020215 -0.130033 0.128178
v -0.005170 -0.154456 0.126112
v -0.117708 -0.191172 0.113571
v 0.011785 -0.183974 0.134853
v 0.017043 -0.301837 0.128917
v -0.002576 -0.280193 0.123745
v -0.158627 -0.353924 0.127847
v -0.167228 -0.338136 0.126386
v -0.172657 -0.353032 0.115290
v -0.159855 -0.322050 0.128292
v -0.168812 -0.319246 0.120072
v 0.170975 -0.354112 0.116772
v -0.165598 -0.306250 0.128270
v -0.177261 -0.299660 0.122566
v -0.110064 -0.277433 0.113985
v 0.007577 -0.294676 0.115122
v -0.115134 -0.316474 0.111897
v 0.008145 -0.261331 0.135180
v 0.045407 -0.235026 0.130873
v -0.041208 -0.246709 0.130616
v -0.047975 -0.275521 0.120136
v 0.088501 -0.254690 0.137554
v 0.121744 -0.237178 0.131891
v -0.002576 -0.280193 0.123745
v 0.011785 -0.183974 0.134853
v 0.049973 -0.178495 0.121292
v -0.005170 -0.154456 0.126112
v 0.063194 -0.164087 0.125715
v -0.020215 -0.130033 0.128178
v 0.084799 -0.141567 0.130932
v 0.113972 -0.173130 0.123935
v 0.146486 -0.147084 0.136499
v 0.150737 -0.131581 0.135366
v 0.058244 -0.188005 0.110771
v 0.168524 -0.142206 0.134662
v 0.155996 -0.157614 0.128540
v -0.135235 -0.296538 0.132550
v -0.112495 -0.301388 0.121949
v -0.117097 -0.268457 0.128796
v -0.110064 -0.277433 0.113985
v -0.165598 -0.306250 0.128270
v -0.177261 -0.299660 0.122566
v -0.168812 -0.319246 0.120072
v -0.177261 -0.299660 0.122566
v -0.163749 -0.265395 0.128940
v -0.174820 -0.262157 0.117453
v -0.167751 -0.159191 0.022363
v -0.157636 -0.163216 -0.014839
v -0.143865 -0.171223 -0.021477
v -0.123650 -0.177230 0.041801
v -0.140775 -0.162390 0.087846
v -0.116233 -0.173269 0.094075
v -0.171566 -0.153211 0.089572
v -0.161616 -0.154866 0.124408
v -0.172852 -0.161676 -0.035425
v -0.149791 -0.168681 -0.093607
v -0.171740 -0.161801 -0.094754
v -0.150641 -0.166436 -0.129822
v -0.174918 -0.157764 -0.129770
v -0.129768 -0.159810 0.129555
v -0.105233 -0.171735 0.115177
v -0.175160 -0.155333 -0.020999
v -0.123881 -0.184375 -0.006336
v -0.135216 -0.179071 -0.126209
v -0.173358 -0.144561 0.123080
v -0.178027 -0.147941 0.006643
v -0.181938 -0.143579 0.053718
v -0.161629 -0.147749 0.136348
v -0.144478 -0.180101 -0.034912
v -0.181244 -0.145477 -0.099695
v -0.178580 -0.139052 -0.049848
v -0.145964 -0.178857 -0.091159
v -0.178027 -0.147941 0.006643
v -0.167370 -0.143047 -0.008421
v -0.157636 -0.163216 -0.014839
v -0.126673 -0.205974 0.102996
v -0.123427 -0.190032 0.069378
v -0.122779 -0.203606 0.044362
v -0.124396 -0.198861 -0.001188
v -0.123881 -0.184375 -0.006336
v -0.123650 -0.177230 0.041801
v -0.116233 -0.173269 0.094075
v -0.117708 -0.191172 0.113571
v -0.105233 -0.171735 0.115177
v -0.108090 -0.207915 0.124033
v -0.105043 -0.190150 0.124327
v -0.164316 -0.204732 -0.023358
v -0.150082 -0.221696 -0.016089
v -0.140410 -0.208382 -0.009486
v -0.140786 -0.195056 -0.015480
v -0.165104 -0.188543 -0.030837
v -0.124396 -0.198861 -0.001188
v -0.123881 -0.184375 -0.006336
v -0.144478 -0.180101 -0.034912
v -0.163825 -0.184374 -0.068112
v -0.172891 -0.196312 -0.058141
v -0.167771 -0.190126 -0.111544
v -0.145964 -0.178857 -0.091159
v -0.135216 -0.179071 -0.126209
v -0.148913 -0.194500 -0.133933
v -0.167192 -0.202002 -0.124883
v -0.137442 -0.203613 0.031752
v -0.162100 -0.205515 -0.003082
v -0.169013 -0.205529 0.034091
v -0.126673 -0.205974 0.102996
v -0.122779 -0.203606 0.044362
v -0.161423 -0.214369 0.117532
v -0.108090 -0.207915 0.124033
v -0.181768 -0.210196 0.004447
v -0.178191 -0.218288 0.099231
v -0.141228 -0.219736 0.133604
v -0.184224 -0.216176 0.030528
v -0.167381 -0.229371 0.130209
v -0.179993 -0.232864 0.106872
v -0.162100 -0.205515 -0.003082
v -0.150082 -0.221696 -0.016089
v -0.177749 -0.221206 -0.007576
v -0.140410 -0.208382 -0.009486
v -0.166785 -0.231070 -0.014859
v -0.181768 -0.210196 0.004447
v -0.137442 -0.203613 0.031752
v -0.183556 -0.236574 -0.036803
v -0.168941 -0.229432 -0.047658
v -0.180682 -0.237188 -0.093112
v -0.160994 -0.225855 -0.107391
v -0.181390 -0.239636 -0.016137
v -0.165083 -0.236477 -0.129448
v -0.143911 -0.224919 -0.125806
v -0.161604 -0.221479 -0.044204
v -0.180682 -0.246412 -0.117994
v -0.175205 -0.243686 -0.006296
v -0.162980 -0.251300 -0.133309
v -0.180682 -0.246412 -0.117994
v -0.165083 -0.236477 -0.129448
v -0.175205 -0.243686 -0.006296
v -0.177749 -0.221206 -0.007576
v -0.166785 -0.231070 -0.014859
v -0.182841 -0.242585 0.000478
v -0.175205 -0.243686 -0.006296
v -0.181340 -0.270210 -0.014386
v -0.087721 0.200312 0.161138
v -0.098338 0.190722 0.144767
v -0.039945 0.203565 0.135888
v -0.133211 0.191408 0.156244
v -0.171538 0.185994 0.144707
v -0.185188 0.190821 0.153395
v -0.191382 0.188278 0.140267
v -0.046937 0.211187 0.146134
v 0.009163 0.206664 0.140308
v -0.009359 0.197450 0.130585
v 0.019478 0.193853 0.120634
v 0.055760 0.199720 0.131815
v 0.000854 0.192837 0.069136
v 0.021785 0.195703 0.078180
v 0.074550 0.216586 0.144432
v -0.009814 0.182346 0.130584
v 0.001459 0.177970 0.086819
v 0.000854 0.192837 0.069136
v -0.004170 0.173968 0.115849
v -0.009359 0.197450 0.130585
v -0.033398 0.172089 0.135283
v -0.004170 0.173968 0.115849
v -0.009814 0.182346 0.130584
v -0.042326 -0.196949 -0.134203
v 0.024976 -0.210201 -0.130921
v -0.010824 -0.240679 -0.129478
v -0.081780 -0.243103 -0.128487
v -0.115547 -0.227181 -0.129948
v -0.148913 -0.194500 -0.133933
v -0.056171 -0.263895 -0.127710
v 0.091844 -0.212731 -0.131293
v -0.158097 -0.213958 -0.129833
v -0.006270 -0.281914 -0.121356
v 0.058744 -0.268210 -0.126854
v 0.031986 -0.295123 -0.122010
v 0.115716 -0.282879 -0.123072
v 0.065855 -0.188076 -0.137044
v 0.120446 -0.182019 -0.134468
v 0.082135 -0.250194 -0.122700
v 0.108449 -0.167146 -0.134022
v 0.150247 -0.172762 -0.131675
v 0.133134 -0.280213 -0.108299
v 0.149929 -0.258426 -0.110867
v 0.149962 -0.224812 -0.117057
v 0.131237 -0.215283 -0.118942
v 0.153572 -0.190780 -0.124388
v -0.107397 -0.184755 -0.132541
v -0.041906 -0.177649 -0.131160
v -0.107239 -0.161532 -0.138073
v -0.150641 -0.166436 -0.129822
v 0.037609 -0.167866 -0.132343
v -0.056681 -0.152028 -0.143067
v -0.137824 -0.134743 -0.136881
v -0.162013 -0.152549 -0.137721
v 0.043163 -0.159093 -0.139128
v 0.052600 -0.142120 -0.141940
v 0.122736 -0.141707 -0.135380
v 0.144512 -0.158019 -0.139151
v 0.167558 -0.156970 -0.135288
v 0.082021 -0.304395 -0.126452
v 0.052460 -0.334388 -0.121887
v 0.121377 -0.330430 -0.121303
v 0.135763 -0.300671 -0.128786
v 0.067709 -0.352869 -0.122235
v 0.140196 -0.353891 -0.120302
v 0.037295 -0.353122 -0.116676
v -0.130923 -0.241507 -0.135312
v -0.090867 -0.267349 -0.129375
v -0.118291 -0.268012 -0.130430
v -0.162980 -0.251300 -0.133309
v -0.149047 -0.285755 -0.121466
v -0.120061 -0.289179 -0.121857
v -0.114691 -0.318140 -0.121284
v -0.144500 -0.324353 -0.119025
v -0.050853 -0.338755 -0.123611
v -0.166910 -0.294693 -0.120483
v -0.126719 -0.353753 -0.124778
v -0.037965 -0.353181 -0.125418
v 0.020237 -0.345281 -0.122828
v 0.007401 -0.318631 -0.118126
v -0.033802 -0.304613 -0.119512
v -0.069000 -0.318876 -0.117460
v -0.094788 -0.305776 -0.121818
v -0.094805 -0.289414 -0.120300
v -0.063808 -0.286466 -0.121680
v -0.072867 -0.263209 -0.122983
v 0.021428 -0.114602 -0.134171
v -0.075957 -0.127676 -0.136198
v -0.012878 -0.068139 -0.134637
v -0.082036 -0.091462 -0.135881
v 0.006644 -0.062824 -0.135177
v 0.068473 -0.070876 -0.135139
v 0.082528 -0.098197 -0.131445
v 0.076885 -0.125874 -0.131716
v -0.124103 -0.108936 -0.133151
v -0.094951 -0.073011 -0.135325
v -0.131624 -0.078647 -0.131086
v 0.123041 -0.124279 -0.119306
v 0.127578 -0.072150 -0.119569
v 0.133465 -0.087623 -0.117577
v -0.165083 -0.236477 -0.129448
v -0.143911 -0.224919 -0.125806
v 0.159511 -0.340096 -0.112281
v 0.155563 -0.315540 -0.115254
v 0.167549 -0.308980 -0.114173
v -0.122560 -0.126686 -0.126576
v 0.033283 -0.334365 -0.114900
v -0.049043 -0.280451 -0.116525
v 0.011620 -0.296572 -0.110475
v 0.156673 -0.287694 -0.120056
v -0.178374 -0.274920 -0.112338
v 0.166397 -0.233828 -0.108114
v 0.143577 -0.122269 -0.109708
v 0.146946 -0.101436 -0.109924
v 0.170276 -0.280883 -0.093259
v 0.012583 -0.048787 -0.144098
v 0.067347 -0.049749 -0.145821
v 0.030701 -0.033561 -0.144000
v 0.078249 -0.026445 -0.144312
v 0.125542 -0.025460 -0.142809
v 0.093126 0.000987 -0.142362
v 0.107246 -0.068021 -0.139094
v 0.133668 -0.057866 -0.141966
v 0.055006 -0.006974 -0.147101
v 0.026656 -0.010641 -0.141895
v 0.152767 -0.035523 -0.135710
v 0.146267 -0.014692 -0.134039
v 0.009876 -0.031980 -0.135039
v 0.172667 -0.022669 -0.124333
v -0.167192 -0.202002 -0.124883
v -0.156523 -0.348210 -0.109888
v 0.166238 -0.172110 -0.123156
v -0.131153 -0.060734 -0.142864
v -0.061650 -0.063547 -0.142308
v -0.110282 -0.020007 -0.143646
v -0.054788 -0.032756 -0.142991
v -0.016525 -0.024704 -0.139332
v -0.034503 0.002796 -0.144038
v 0.003210 0.012967 -0.143665
v -0.049123 0.019869 -0.143787
v -0.105190 0.007730 -0.144513
v -0.105644 0.023134 -0.142010
v -0.157650 -0.049162 -0.136254
v -0.155640 -0.017334 -0.137169
v -0.131895 -0.001327 -0.138444
v -0.054385 0.029486 -0.139654
v -0.098613 0.044841 -0.146597
v -0.173568 -0.140791 -0.129591
v 0.009197 0.025370 -0.132105
v 0.151524 -0.070207 -0.108698
v 0.162136 -0.214861 -0.106560
v 0.170832 -0.191719 -0.110223
v -0.156692 -0.073337 -0.125980
v -0.174918 -0.157764 -0.129770
v 0.014273 -0.313693 -0.103196
v 0.151808 -0.057537 -0.129367
v -0.107553 -0.307029 -0.113752
v -0.135216 -0.179071 -0.126209
v 0.172931 -0.292842 -0.108316
v 0.174421 -0.253196 -0.091860
v -0.012298 0.034533 -0.141416
v 0.163487 -0.250475 -0.101221
v 0.170777 -0.354333 -0.097449
v -0.172714 -0.312505 -0.106294
v -0.104169 -0.290364 -0.107683
v -0.002407 -0.354448 -0.143061
v 0.174300 -0.209542 -0.091847
v 0.111916 -0.129824 -0.113670
v 0.141565 -0.130643 -0.095937
v -0.161604 -0.221479 -0.044204
v -0.170955 -0.212075 -0.085563
v -0.160994 -0.225855 -0.107391
v -0.172891 -0.196312 -0.058141
v -0.164316 -0.204732 -0.023358
v -0.167192 -0.202002 -0.124883
v -0.150082 -0.221696 -0.016089
v -0.158097 -0.213958 -0.129833
v -0.167771 -0.190126 -0.111544
v -0.165104 -0.188543 -0.030837
v -0.143911 -0.224919 -0.125806
v -0.170241 -0.001618 -0.124195
v -0.131895 -0.001327 -0.138444
v -0.155640 -0.017334 -0.137169
v -0.149246 0.007059 -0.129780
v -0.105190 0.007730 -0.144513
v -0.105644 0.023134 -0.142010
v -0.124255 0.026218 -0.134481
v -0.170395 -0.022731 -0.126206
v -0.157650 -0.049162 -0.136254
v -0.154937 0.026825 -0.110742
v -0.173749 0.012233 -0.106152
v -0.177521 0.035821 -0.073798
v -0.175021 -0.053424 -0.116155
v -0.156692 -0.073337 -0.125980
v -0.131153 -0.060734 -0.142864
v -0.154937 0.026825 -0.110742
v -0.157590 0.031768 -0.120041
v -0.124255 0.026218 -0.134481
v -0.138775 0.033412 -0.135397
v -0.173786 0.038582 -0.125466
v -0.105644 0.023134 -0.142010
v -0.177521 0.035821 -0.073798
v -0.167862 0.048690 -0.132106
v -0.136024 -0.125996 0.124419
v -0.126297 -0.119101 0.103888
v -0.144001 -0.117747 0.068293
v -0.167811 -0.129191 0.104910
v -0.164654 -0.119836 0.042311
v -0.147280 -0.117218 0.020728
v -0.157142 -0.136493 0.134713
v -0.108237 -0.125963 0.115816
v -0.093767 -0.127961 0.127947
v -0.063130 -0.119083 0.114797
v -0.127239 -0.125779 0.026163
v -0.020215 -0.130033 0.128178
v -0.135632 -0.137777 0.138061
v 0.031984 -0.118319 0.117149
v -0.150145 -0.127454 -0.001704
v -0.118981 -0.133842 -0.014659
v 0.084799 -0.141567 0.130932
v -0.080961 0.136053 -0.153678
v -0.093861 0.186896 -0.158120
v -0.011387 0.150495 -0.147945
v -0.130359 0.163365 -0.159658
v -0.060341 0.092904 -0.147616
v 0.001753 0.102656 -0.142906
v -0.013740 0.064516 -0.141772
v -0.107694 0.100706 -0.152092
v -0.078509 0.066403 -0.146306
v -0.098613 0.044841 -0.146597
v -0.112022 0.075256 -0.147342
v 0.020810 0.118895 -0.140563
v -0.032118 0.200414 -0.149704
v -0.063893 0.240227 -0.153262
v -0.135800 0.210870 -0.162731
v -0.133254 0.193212 -0.160003
v -0.144311 0.174529 -0.159207
v -0.128737 0.142584 -0.153104
v -0.143469 0.110517 -0.154157
v 0.010578 0.187824 -0.143308
v 0.008957 0.168240 -0.144253
v -0.070485 0.040509 -0.146014
v -0.012298 0.034533 -0.141416
v 0.028140 0.146425 -0.137016
v 0.019197 0.067772 -0.133196
v 0.019487 0.033186 -0.135341
v -0.021292 0.216263 -0.144785
v -0.109075 0.062466 -0.143421
v -0.158027 0.196835 -0.155131
v -0.034051 0.232599 -0.145308
v -0.019971 0.252303 -0.141005
v -0.027997 0.276169 -0.145157
v -0.057912 0.292117 -0.146222
v -0.103965 0.287074 -0.153887
v -0.121320 0.253819 -0.158946
v -0.133748 0.225291 -0.158321
v -0.149032 0.245150 -0.156875
v -0.123600 0.293505 -0.152492
v -0.148918 0.270664 -0.153439
v -0.125169 0.048157 -0.139258
v -0.138775 0.033412 -0.135397
v -0.167862 0.048690 -0.132106
v -0.105644 0.023134 -0.142010
v -0.158043 0.217419 -0.156271
v -0.007944 0.276902 -0.134597
v -0.148754 0.059881 -0.131535
v -0.054385 0.029486 -0.139654
v 0.048922 0.128120 -0.147856
v -0.122995 0.065892 -0.132445
v -0.116161 0.303767 -0.146728
v 0.009197 0.025370 -0.132105
v -0.016712 0.284143 -0.136917
v -0.148908 0.136160 -0.146057
v -0.143474 0.157533 -0.144465
v -0.111017 0.090083 -0.139676
v -0.150507 0.229232 -0.148605
v 0.024572 0.168019 -0.127718
v -0.125181 0.076375 -0.138998
v -0.152228 0.182429 -0.143816
v -0.172376 0.207101 -0.142044
v -0.131871 0.073939 -0.124425
v -0.125181 0.076375 -0.138998
v -0.122995 0.065892 -0.132445
v -0.109075 0.062466 -0.143421
v -0.112022 0.075256 -0.147342
v -0.130866 0.073556 -0.105221
v -0.156558 0.171121 -0.142108
v -0.152228 0.182429 -0.143816
v -0.144311 0.174529 -0.159207
v -0.133254 0.193212 -0.160003
v -0.143739 0.338140 0.023986
v -0.144167 0.350711 -0.076548
v -0.140895 0.331851 -0.043364
v -0.146791 0.369930 -0.049119
v -0.153436 0.367354 0.052513
v -0.140512 0.341790 -0.122257
v -0.143826 0.364297 -0.121421
v -0.140007 0.365487 -0.148219
v -0.134309 0.341152 -0.154878
v -0.134700 0.312994 -0.150057
v -0.132808 0.308633 -0.119936
v -0.141335 0.322067 -0.064899
v -0.146720 0.357610 0.102482
v -0.142555 0.330007 0.133846
v -0.132339 0.304647 -0.068636
v -0.133658 0.306783 -0.047416
v -0.138852 0.312198 0.013250
v -0.145322 0.316716 0.107049
v -0.136225 0.308851 0.134276
v -0.150881 0.329795 -0.055220
v -0.139491 0.350991 0.136133
v -0.138447 0.307558 0.093217
v -0.155592 0.367586 0.112179
v -0.122990 0.298378 -0.054457
v -0.116161 0.303767 -0.146728
v -0.136225 0.308851 0.134276
v -0.138447 0.307558 0.093217
v -0.108273 0.308087 0.137210
v -0.139491 0.350991 0.136133
v -0.122418 0.364858 0.124811
v -0.146720 0.357610 0.102482
v -0.083795 0.485665 -0.003328
v -0.042013 0.483277 0.034998
v -0.043188 0.486466 -0.055539
v -0.121874 0.488817 0.020471
v -0.111948 0.482750 0.078951
v -0.031685 0.481224 0.101150
v -0.120740 0.483834 -0.020225
v -0.130585 0.485958 -0.054224
v -0.148111 0.482908 -0.095063
v -0.121857 0.482914 -0.131776
v -0.051474 0.485737 -0.145096
v -0.149212 0.483574 -0.042262
v 0.058972 0.493125 0.094152
v 0.050156 0.490253 0.132294
v 0.049804 0.491709 0.031103
v 0.123957 0.492867 0.108771
v 0.111132 0.489588 0.049314
v 0.019493 0.486102 0.000418
v 0.002667 0.491972 -0.026723
v -0.010069 0.492114 -0.093376
v -0.142283 0.483962 0.046100
v -0.135140 0.480699 0.082129
v 0.111551 0.487612 0.145199
v 0.156740 0.487237 0.075554
v 0.033414 0.500424 -0.080385
v 0.059929 0.490247 -0.016327
v 0.015195 0.493224 -0.128374
v -0.056626 0.474597 0.117619
v 0.106375 0.492066 -0.073449
v 0.140905 0.484201 -0.028466
v 0.088077 0.491138 -0.127381
v 0.175382 0.482168 -0.091818
v 0.173820 0.480679 -0.131332
v 0.179668 0.478212 -0.039413
v 0.148928 0.487295 0.126028
v -0.100085 0.480329 -0.153592
v -0.019898 0.480956 -0.151670
v -0.129403 0.470531 0.116347
v 0.140745 0.477125 -0.003090
v 0.076917 0.481233 0.008708
v 0.158099 0.479981 -0.140497
v 0.084860 0.485958 -0.144776
v -0.158023 0.478897 -0.069834
v -0.110347 0.478344 -0.002481
v 0.141001 0.469571 0.028450
v 0.121052 0.468300 0.013118
v 0.142682 0.477031 0.147718
v 0.172819 0.469981 0.052676
v -0.138072 0.475395 0.010427
v -0.138892 0.433500 -0.006960
v -0.158061 0.435453 -0.004883
v -0.144098 0.445659 0.005068
v -0.122543 0.446614 -0.005173
v -0.158061 0.435453 -0.004883
v -0.138892 0.433500 -0.006960
v -0.141131 0.441381 -0.019091
v -0.141054 0.411831 0.110755
v -0.120590 0.426547 0.116290
v -0.142270 0.440073 0.112677
v -0.165308 0.411153 0.104289
v -0.098646 0.411540 0.118261
v -0.074363 0.421377 0.111699
v -0.167404 0.439010 0.066888
v -0.140007 0.365487 -0.148219
v -0.156359 0.374744 -0.143806
v -0.137984 0.372204 -0.157106
v -0.165308 0.411153 0.104289
v -0.115478 0.399281 0.134878
v -0.141054 0.411831 0.110755
v -0.140007 0.365487 -0.148219
v -0.137984 0.372204 -0.157106
v -0.134309 0.341152 -0.154878
v -0.012097 0.440411 0.112465
v -0.026849 0.438300 0.071209
v 0.003550 0.437241 0.087139
v 0.030819 0.442778 0.129073
v -0.043862 0.436049 0.085407
v -0.038935 0.444693 0.122651
v -0.021711 0.431032 0.045564
v 0.051604 0.437578 0.132806
v -0.098646 0.411540 0.118261
v -0.055246 0.419240 0.086826
v -0.074363 0.421377 0.111699
v -0.040361 0.428329 0.117150
v -0.038935 0.444693 0.122651
v -0.034459 0.439970 0.131268
v -0.043862 0.436049 0.085407
v -0.055246 0.419240 0.086826
v -0.021711 0.431032 0.045564
v -0.084327 0.428709 0.130606
v -0.074363 0.421377 0.111699
v -0.045819 0.433824 0.140058
v -0.120590 0.426547 0.116290
v -0.124405 0.438543 0.127955
v -0.142270 0.440073 0.112677
v -0.077231 0.443987 0.137442
v -0.140007 0.365487 -0.148219
v -0.137984 0.372204 -0.157106
v -0.121192 0.374791 -0.157643
v -0.140007 0.365487 -0.148219
v -0.121192 0.374791 -0.157643
v -0.137984 0.372204 -0.157106
v -0.001308 0.341668 -0.155052
v 0.083066 0.355389 -0.151509
v 0.025025 0.300144 -0.154336
v -0.065751 0.335439 -0.157249
v -0.064079 0.304215 -0.155300
v -0.116211 0.311525 -0.156744
v -0.120068 0.344513 -0.159507
v -0.121192 0.374791 -0.157643
v -0.069520 0.376533 -0.154651
v -0.137984 0.372204 -0.157106
v -0.140613 0.395837 -0.157552
v -0.107469 0.411477 -0.153274
v 0.025916 0.370362 -0.149911
v 0.027207 0.393846 -0.149153
v -0.023799 0.365491 -0.154362
v 0.061139 0.395616 -0.151686
v 0.139621 0.406782 -0.144381
v 0.133702 0.372347 -0.145608
v 0.146405 0.317088 -0.145763
v 0.167929 0.376888 -0.141234
v 0.076330 0.295185 -0.158847
v 0.119836 0.272865 -0.156238
v 0.039915 0.263122 -0.163749
v 0.017256 0.282369 -0.162820
v 0.067954 0.242575 -0.161975
v -0.040831 0.351944 -0.150990
v -0.030701 0.409017 -0.142039
v -0.044792 0.430608 -0.144082
v -0.131782 0.423866 -0.155177
v 0.011676 0.424957 -0.132432
v 0.191502 0.379069 -0.134887
v -0.040051 0.375119 -0.146925
v 0.144583 0.255178 -0.150058
v -0.008802 0.388121 -0.135395
v 0.157308 0.352759 -0.139371
v 0.007606 0.410730 -0.128293
v 0.172169 0.258006 -0.139734
v 0.126289 0.248244 -0.150800
v 0.124793 0.232792 -0.156257
v 0.091655 0.216992 -0.156054
v 0.036088 0.216660 -0.156705
v 0.026249 0.246488 -0.158461
v 0.027794 0.231375 -0.162344
v 0.007375 0.260723 -0.156324
v -0.134309 0.341152 -0.154878
v 0.195280 0.393646 -0.127676
v -0.119203 0.441572 -0.144025
v 0.167136 0.237179 -0.135056
v 0.171890 0.293672 -0.134600
v -0.134700 0.312994 -0.150057
v -0.143875 0.404554 -0.146205
v 0.008090 0.435350 -0.126674
v -0.044032 0.443400 -0.138484
v -0.097267 0.443945 -0.139833
v 0.167390 0.246664 -0.129886
v 0.151839 0.360811 -0.136668
v 0.095948 0.405759 -0.151497
v 0.099324 0.424406 -0.152781
v 0.132253 0.436959 -0.140113
v 0.170555 0.429187 -0.131388
v 0.174415 0.451825 -0.136412
v 0.179932 0.406911 -0.124226
v 0.155263 0.457166 -0.142688
v 0.093819 0.461089 -0.145826
v 0.158099 0.479981 -0.140497
v 0.084860 0.485958 -0.144776
v 0.024899 0.459256 -0.145349
v -0.019898 0.480956 -0.151670
v -0.041910 0.460211 -0.152724
v -0.099199 0.460898 -0.152050
v -0.100085 0.480329 -0.153592
v 0.053842 0.439375 -0.140694
v 0.068963 0.423760 -0.137626
v 0.033909 0.424836 -0.137324
v 0.062138 0.405127 -0.140265
v -0.123056 0.466629 -0.147682
v 0.022094 0.404235 -0.130131
v 0.007665 0.443170 -0.138202
v 0.173820 0.480679 -0.131332
v 0.205079 0.421537 -0.106844
v 0.203022 0.404545 -0.106846
v 0.129438 0.211881 -0.140627
v -0.135674 0.447622 -0.132140
v -0.011297 0.296227 -0.150723
v -0.057912 0.292117 -0.146222
v 0.163897 0.316145 -0.127797
v 0.172229 0.224740 -0.119965
v 0.157760 0.206043 -0.134520
v 0.110055 0.179579 -0.140127
v 0.158129 0.182473 -0.133606
v 0.066573 0.207123 -0.145580
v 0.028257 0.187846 -0.147206
v 0.031125 0.208454 -0.147600
v 0.037600 0.162050 -0.145868
v -0.006420 0.206934 -0.144628
v 0.160953 0.167996 -0.136555
v 0.102352 0.152168 -0.149007
v 0.048922 0.128120 -0.147856
v 0.061345 0.098614 -0.147732
v 0.132930 0.088552 -0.141754
v 0.154095 0.136827 -0.143131
v 0.026348 0.103103 -0.143744
v 0.153881 0.159124 -0.147773
v -0.032118 0.200414 -0.149704
v 0.020810 0.118895 -0.140563
v 0.168166 0.088115 -0.128359
v 0.166565 0.062243 -0.125482
v 0.172165 0.153383 -0.135612
v 0.122535 0.067090 -0.129643
v 0.170616 0.198889 -0.121940
v 0.170991 0.122891 -0.124626
v -0.116161 0.303767 -0.146728
v 0.026171 0.434397 -0.127529
v -0.025756 0.291734 -0.129297
v -0.011297 0.296227 -0.150723
v 0.003065 0.289808 -0.100091
v -0.057912 0.292117 -0.146222
v -0.010407 0.286448 -0.095542
v 0.002484 0.289952 -0.133708
v 0.025025 0.300144 -0.154336
v -0.056626 0.474597 0.117619
v -0.019868 0.462570 0.125007
v 0.050156 0.490253 0.132294
v 0.097796 0.470933 0.144876
v 0.111551 0.487612 0.145199
v -0.090637 0.451835 0.120105
v -0.129403 0.470531 0.116347
v -0.138208 0.456232 0.117875
v 0.142682 0.477031 0.147718
v 0.137123 0.455568 0.148574
v -0.038935 0.444693 0.122651
v 0.030819 0.442778 0.129073
v 0.112372 0.446956 0.140264
v 0.051604 0.437578 0.132806
v -0.124405 0.438543 0.127955
v -0.142270 0.440073 0.112677
v 0.146362 0.444964 0.138290
v -0.045424 0.445385 0.138568
v -0.034459 0.439970 0.131268
v -0.038935 0.444693 0.122651
v -0.090637 0.451835 0.120105
v -0.077231 0.443987 0.137442
v -0.124405 0.438543 0.127955
v -0.045819 0.433824 0.140058
v -0.124405 0.438543 0.127955
v -0.084327 0.428709 0.130606
v -0.077231 0.443987 0.137442
v -0.081342 -0.271893 -0.108719
v -0.090867 -0.267349 -0.129375
v -0.072867 -0.263209 -0.122983
v -0.111613 -0.283584 -0.111837
v -0.102212 -0.282538 -0.075155
v -0.083143 -0.277049 -0.071070
v -0.120061 -0.289179 -0.121857
v -0.049043 -0.280451 -0.116525
v -0.077182 -0.280989 -0.100613
v -0.056171 -0.263895 -0.127710
v -0.104169 -0.290364 -0.107683
v -0.120061 -0.289179 -0.121857
v -0.111613 -0.283584 -0.111837
v -0.102212 -0.282538 -0.075155
v -0.077182 -0.280989 -0.100613
v -0.094805 -0.289414 -0.120300
v -0.083143 -0.277049 -0.071070
v -0.063808 -0.286466 -0.121680
v -0.049043 -0.280451 -0.116525
v -0.107553 -0.307029 -0.113752
v -0.069000 -0.318876 -0.117460
v -0.114691 -0.318140 -0.121284
v -0.049402 0.061088 0.137239
v 0.005224 0.052585 0.134307
v -0.028219 0.064823 0.126540
v 0.014638 0.063438 0.119110
v 0.001749 0.072621 0.108463
v -0.047442 0.071022 0.118380
v -0.130093 0.069169 0.135650
v 0.042336 0.011583 0.119718
v 0.074838 0.010182 0.123172
v 0.038197 0.013486 0.095055
v 0.023224 0.014868 0.110080
v 0.021930 0.008378 0.128307
v 0.067842 0.005737 0.134949
v 0.126440 0.006356 0.137411
v 0.026232 0.022515 0.084775
v 0.022962 0.035940 0.097436
v 0.021287 0.050596 0.121321
v 0.013176 0.022104 0.124331
v 0.021424 0.062637 0.103386
v 0.032714 0.060003 0.089209
v 0.026232 0.022515 0.084775
v 0.023224 0.014868 0.110080
v 0.006367 0.034780 0.134573
v 0.005224 0.052585 0.134307
v 0.014638 0.063438 0.119110
v 0.021930 0.008378 0.128307
v -0.008802 0.388121 -0.135395
v 0.007606 0.410730 -0.128293
v 0.007289 0.390787 -0.122840
v 0.011215 0.408399 -0.107277
v 0.020745 0.422370 -0.124148
v 0.011676 0.424957 -0.132432
v -0.001258 0.381213 -0.089538
v -0.007997 0.379746 -0.122204
v -0.028540 0.380175 -0.131037
v -0.040051 0.375119 -0.146925
v -0.010407 0.286448 -0.095542
v -0.016712 0.284143 -0.136917
v -0.025756 0.291734 -0.129297
v -0.007944 0.276902 -0.134597
v -0.057912 0.292117 -0.146222
v 0.002484 0.289952 -0.133708
v 0.001338 0.279428 -0.151661
v 0.025025 0.300144 -0.154336
v 0.003065 0.289808 -0.100091
v -0.022720 0.230400 -0.134546
v -0.019971 0.252303 -0.141005
v -0.018222 0.237370 -0.121987
v -0.018138 0.213832 -0.115136
v -0.021292 0.216263 -0.144785
v -0.017528 0.203609 -0.133762
v -0.032118 0.200414 -0.149704
v -0.034051 0.232599 -0.145308
v -0.007940 0.258728 -0.132441
v -0.007944 0.276902 -0.134597
v 0.020745 0.422370 -0.124148
v 0.011676 0.424957 -0.132432
v 0.014832 0.429919 -0.105569
v 0.022094 0.404235 -0.130131
v 0.027207 0.393846 -0.149153
v 0.015266 0.386901 -0.141464
v 0.007289 0.390787 -0.122840
v 0.011215 0.408399 -0.107277
v 0.020745 0.422370 -0.124148
v 0.033909 0.424836 -0.137324
v 0.026171 0.434397 -0.127529
v 0.014832 0.429919 -0.105569
v 0.053842 0.439375 -0.140694
v 0.025916 0.370362 -0.149911
v 0.012053 0.376091 -0.123642
v -0.001258 0.381213 -0.089538
v 0.062138 0.405127 -0.140265
v 0.061139 0.395616 -0.151686
v 0.095948 0.405759 -0.151497
v -0.028540 0.380175 -0.131037
v -0.007997 0.379746 -0.122204
v -0.006549 0.376492 -0.142430
v 0.012053 0.376091 -0.123642
v 0.025916 0.370362 -0.149911
v -0.001258 0.381213 -0.089538
v -0.023799 0.365491 -0.154362
v -0.040051 0.375119 -0.146925
v 0.024572 0.168019 -0.127718
v 0.028257 0.187846 -0.147206
v 0.037600 0.162050 -0.145868
v 0.028140 0.146425 -0.137016
v 0.048922 0.128120 -0.147856
v 0.010578 0.187824 -0.143308
v -0.032118 0.200414 -0.149704
v -0.001518 0.219317 -0.131318
v -0.018222 0.237370 -0.121987
v 0.008643 0.238188 -0.146120
v -0.018138 0.213832 -0.115136
v 0.027794 0.231375 -0.162344
v 0.036088 0.216660 -0.156705
v 0.031125 0.208454 -0.147600
v 0.026249 0.246488 -0.158461
v -0.001960 0.247379 -0.128166
v 0.007375 0.260723 -0.156324
v -0.007940 0.258728 -0.132441
v 0.001338 0.279428 -0.151661
v 0.017256 0.282369 -0.162820
v -0.007944 0.276902 -0.134597
v 0.025025 0.300144 -0.154336
v -0.032118 0.200414 -0.149704
v -0.017528 0.203609 -0.133762
v -0.006420 0.206934 -0.144628
v -0.001518 0.219317 -0.131318
v -0.018138 0.213832 -0.115136
v 0.031125 0.208454 -0.147600
v -0.000904 -0.034369 0.119868
v 0.017942 -0.021581 0.124825
v 0.009730 -0.024152 0.088814
v -0.003265 -0.030680 0.106739
v -0.017796 -0.023936 0.123832
v -0.000904 -0.034369 0.119868
v -0.003265 -0.030680 0.106739
v 0.005838 -0.018163 -0.129522
v -0.016525 -0.024704 -0.139332
v 0.015358 0.005365 -0.133582
v 0.003210 0.012967 -0.143665
v -0.007592 -0.035416 -0.127815
v 0.002930 -0.030024 -0.113280
v -0.001733 -0.053456 -0.127617
v -0.012878 -0.068139 -0.134637
v 0.009197 0.025370 -0.132105
v 0.020012 0.021532 -0.124445
v 0.002315 0.172113 0.131163
v 0.019478 0.193853 0.120634
v -0.004170 0.173968 0.115849
v 0.001459 0.177970 0.086819
v 0.021785 0.195703 0.078180
v -0.007523 0.154947 0.124922
v 0.037654 0.183156 0.138299
v -0.001733 -0.053456 -0.127617
v 0.006644 -0.062824 -0.135177
v -0.012878 -0.068139 -0.134637
v 0.000618 -0.060330 -0.108642
v -0.001733 -0.053456 -0.127617
v 0.006644 -0.062824 -0.135177
v 0.006644 -0.062824 -0.135177
v -0.001733 -0.053456 -0.127617
v 0.000618 -0.060330 -0.108642
v 0.020012 0.021532 -0.124445
v 0.009197 0.025370 -0.132105
v 0.022450 0.027796 -0.106958
v 0.080043 0.038403 -0.125367
v 0.127099 0.039910 -0.146496
v 0.123506 0.021844 -0.146885
v 0.109408 0.009564 -0.138938
v 0.083098 0.008178 -0.125056
v 0.052968 0.010387 -0.114877
v 0.033114 0.025873 -0.105018
v 0.035366 0.048148 -0.104080
v 0.084200 0.059295 -0.117672
v 0.137782 0.056802 -0.139985
v 0.036708 0.060770 -0.099460
v 0.122535 0.067090 -0.129643
v 0.151482 0.036800 -0.147224
v 0.163226 0.057608 -0.139537
v 0.153591 0.013810 -0.146223
v 0.021038 0.033275 -0.095549
v 0.022450 0.027796 -0.106958
v 0.174023 0.034359 -0.141065
v 0.174998 0.008158 -0.136927
v 0.166565 0.062243 -0.125482
v 0.067955 0.006720 -0.130056
v 0.083098 0.008178 -0.125056
v 0.093126 0.000987 -0.142362
v 0.112266 0.004045 -0.132084
v 0.052968 0.010387 -0.114877
v 0.048693 0.006468 -0.139217
v 0.146267 -0.014692 -0.134039
v 0.143144 0.001116 -0.112755
v 0.162830 -0.008163 -0.107491
v 0.172667 -0.022669 -0.124333
v 0.168605 0.003680 -0.077251
v 0.176450 -0.008177 -0.083688
v 0.047083 0.016106 -0.128418
v 0.029296 0.015946 -0.137017
v 0.032168 0.021239 -0.121895
v 0.033114 0.025873 -0.105018
v 0.022450 0.027796 -0.106958
v 0.022188 0.028271 -0.124254
v 0.005838 -0.018163 -0.129522
v 0.015358 0.005365 -0.133582
v 0.026656 -0.010641 -0.141895
v 0.009876 -0.031980 -0.135039
v 0.030026 0.009100 -0.130437
v 0.048693 0.006468 -0.139217
v 0.055006 -0.006974 -0.147101
v 0.093126 0.000987 -0.142362
v 0.020012 0.021532 -0.124445
v 0.029296 0.015946 -0.137017
v 0.022188 0.028271 -0.124254
v 0.002930 -0.030024 -0.113280
v -0.001733 -0.053456 -0.127617
v 0.012583 -0.048787 -0.144098
v 0.030701 -0.033561 -0.144000
v 0.022450 0.027796 -0.106958
v 0.006644 -0.062824 -0.135177
v -0.001733 -0.053456 -0.127617
v 0.012583 -0.048787 -0.144098
v 0.024527 0.056521 -0.100142
v 0.036708 0.060770 -0.099460
v 0.021038 0.033275 -0.095549
v 0.025596 0.037638 -0.116946
v 0.019197 0.067772 -0.133196
v 0.024527 0.056521 -0.100142
v 0.021228 0.074632 -0.062137
v 0.017159 0.102534 -0.070724
v 0.013922 0.103020 -0.133906
v 0.019487 0.033186 -0.135341
v 0.021038 0.033275 -0.095549
v 0.022450 0.027796 -0.106958
v 0.022188 0.028271 -0.124254
v 0.013922 0.103020 -0.133906
v 0.001753 0.102656 -0.142906
v 0.020810 0.118895 -0.140563
v 0.019197 0.067772 -0.133196
v 0.022450 0.027796 -0.106958
v 0.009197 0.025370 -0.132105
v 0.022188 0.028271 -0.124254
v 0.019487 0.033186 -0.135341
v 0.014832 0.429919 -0.105569
v 0.008090 0.435350 -0.126674
v 0.026171 0.434397 -0.127529
v 0.014832 0.429919 -0.105569
v 0.011676 0.424957 -0.132432
v 0.008090 0.435350 -0.126674
v 0.055412 0.089526 -0.120333
v 0.034460 0.095661 -0.129075
v 0.091463 0.088317 -0.137514
v 0.061345 0.098614 -0.147732
v 0.026348 0.103103 -0.143744
v 0.013922 0.103020 -0.133906
v 0.132930 0.088552 -0.141754
v 0.027352 0.096208 -0.106378
v 0.017159 0.102534 -0.070724
v 0.122535 0.067090 -0.129643
v 0.067468 0.065865 -0.122413
v 0.020810 0.118895 -0.140563
v 0.021228 0.074632 -0.062137
v 0.026603 0.096691 -0.058161
v 0.035699 0.082211 -0.109808
v 0.036708 0.060770 -0.099460
v 0.084200 0.059295 -0.117672
v 0.017159 0.102534 -0.070724
v 0.034460 0.095661 -0.129075
v 0.027352 0.096208 -0.106378
v 0.024527 0.056521 -0.100142
v 0.021228 0.074632 -0.062137
v 0.036708 0.060770 -0.099460
v 0.074013 -0.235944 0.130371
v 0.075807 -0.221301 0.129012
v 0.060080 -0.231808 0.119763
v 0.065049 -0.208830 0.114435
v 0.122980 -0.213265 0.126057
v 0.045407 -0.235026 0.130873
v 0.121744 -0.237178 0.131891
v 0.058244 -0.188005 0.110771
v 0.075954 -0.195354 0.123035
v 0.113972 -0.173130 0.123935
v 0.065049 -0.208830 0.114435
v 0.065049 -0.208830 0.114435
v 0.058244 -0.188005 0.110771
v 0.055184 -0.208254 0.081356
v 0.060080 -0.231808 0.119763
v 0.105928 0.062070 0.112129
v 0.148738 0.044128 0.127822
v 0.148856 0.061976 0.106110
v 0.087487 0.050216 0.124901
v 0.051896 0.063666 0.110014
v 0.104028 0.026373 0.139325
v 0.130205 0.016151 0.143072
v 0.160718 0.012998 0.139713
v 0.173495 0.031912 0.133288
v 0.178928 0.057473 0.082390
v 0.169360 0.067595 0.080847
v 0.181706 0.028524 0.118084
v 0.133134 -0.280213 -0.108299
v 0.156673 -0.287694 -0.120056
v 0.115716 -0.282879 -0.123072
v 0.170276 -0.280883 -0.093259
v 0.058744 -0.268210 -0.126854
v 0.172931 -0.292842 -0.108316
v 0.143144 0.001116 -0.112755
v 0.141538 0.005290 -0.140626
v 0.164625 0.002562 -0.131891
v 0.112266 0.004045 -0.132084
v 0.168605 0.003680 -0.077251
v 0.179802 0.008698 -0.114851
v 0.174998 0.008158 -0.136927
v 0.109408 0.009564 -0.138938
v 0.083098 0.008178 -0.125056
v 0.153591 0.013810 -0.146223
v 0.123506 0.021844 -0.146885
v 0.141565 -0.130643 -0.095937
v 0.158042 -0.136416 -0.119356
v 0.127477 -0.137780 -0.119586
v 0.122736 -0.141707 -0.135380
v 0.168182 -0.128658 -0.051764
v 0.175844 -0.136365 -0.098131
v 0.145175 -0.127736 -0.061293
v 0.150681 -0.131105 -0.025593
v 0.111916 -0.129824 -0.113670
v 0.076885 -0.125874 -0.131716
v 0.169354 -0.145762 -0.129971
v 0.178594 -0.139811 -0.030078
v 0.167558 -0.156970 -0.135288
v 0.171767 0.358841 -0.010209
v 0.159601 0.355526 -0.040485
v 0.190205 0.362343 -0.043483
v 0.186204 0.360666 0.041771
v 0.207096 0.365483 0.007595
v 0.168424 0.358101 0.027355
v 0.215984 0.372853 -0.045966
v 0.208199 0.368968 -0.101562
v 0.191773 0.367414 -0.090572
v 0.151839 0.360811 -0.136668
v 0.129976 0.360117 -0.077980
v 0.123260 0.358202 -0.144060
v 0.110557 0.354378 -0.055516
v 0.066316 0.360958 -0.103909
v 0.161687 0.368063 0.078475
v 0.177656 0.369484 0.074398
v 0.191502 0.379069 -0.134887
v 0.197772 0.375455 0.060192
v 0.147462 0.411490 0.045058
v 0.195616 0.417729 0.036001
v 0.182908 0.424009 0.042945
v 0.142696 0.432553 0.038947
v 0.115464 0.439069 0.041132
v 0.178964 0.403666 0.044297
v 0.194471 0.401556 0.039307
v 0.147462 0.411490 0.045058
v 0.179826 0.404144 0.066226
v 0.178964 0.403666 0.044297
v 0.194471 0.401556 0.039307
v 0.140745 0.477125 -0.003090
v 0.180156 0.457034 0.000809
v 0.179668 0.478212 -0.039413
v 0.140905 0.484201 -0.028466
v 0.152697 0.459319 0.011007
v 0.121052 0.468300 0.013118
v 0.076917 0.481233 0.008708
v 0.118026 0.445555 0.020078
v 0.159509 0.443896 0.009736
v 0.174263 0.434178 0.021144
v 0.179868 0.440324 -0.018880
v 0.200959 0.430391 -0.006698
v 0.195616 0.417729 0.036001
v 0.182908 0.424009 0.042945
v 0.196348 0.434263 -0.076933
v 0.181291 0.442881 -0.070487
v 0.210551 0.424226 -0.067426
v 0.174306 0.437138 -0.117972
v 0.142696 0.432553 0.038947
v 0.115464 0.439069 0.041132
v 0.205079 0.421537 -0.106844
v 0.170555 0.429187 -0.131388
v 0.111383 0.204151 0.142123
v 0.094336 0.198936 0.123677
v 0.141282 0.199841 0.118544
v 0.055760 0.199720 0.131815
v 0.131589 0.221903 0.142562
v 0.148342 0.313439 -0.056447
v 0.141607 0.339143 -0.053355
v 0.162712 0.321884 -0.039289
v 0.133756 0.319682 -0.068828
v 0.159601 0.355526 -0.040485
v 0.110557 0.354378 -0.055516
v 0.111458 0.336536 -0.058391
v 0.168274 0.346430 -0.019391
v 0.141001 0.469571 0.028450
v 0.168734 0.449419 0.044277
v 0.144555 0.446307 0.034020
v 0.121052 0.468300 0.013118
v 0.118026 0.445555 0.020078
v 0.172819 0.469981 0.052676
v 0.162748 0.441087 0.060188
v 0.172651 0.442534 0.073485
v 0.115464 0.439069 0.041132
v 0.177007 0.419741 0.059698
v 0.156361 0.422254 0.049999
v 0.147462 0.411490 0.045058
v 0.179826 0.404144 0.066226
v 0.157111 0.346891 -0.115031
v 0.157308 0.352759 -0.139371
v 0.151839 0.360811 -0.136668
v 0.143097 0.341397 -0.112617
v 0.157111 0.346891 -0.115031
v 0.148865 0.347834 -0.127801
v 0.086258 0.343224 -0.095006
v 0.111458 0.336536 -0.058391
v 0.143677 0.333354 -0.090937
v 0.133756 0.319682 -0.068828
v 0.150782 0.319086 -0.093911
v 0.157089 0.337934 -0.123693
v 0.151839 0.360811 -0.136668
v 0.148342 0.313439 -0.056447
v 0.166073 0.313974 -0.082422
v 0.163897 0.316145 -0.127797
v 0.177913 0.306329 -0.099316
v 0.173462 0.304427 -0.018459
v 0.162712 0.321884 -0.039289
v 0.143097 0.341397 -0.112617
v 0.143677 0.333354 -0.090937
v 0.157089 0.337934 -0.123693
v 0.177769 -0.135825 0.120572
v 0.175670 -0.125640 0.064086
v 0.160931 -0.116714 0.101508
v 0.159871 -0.114548 0.081845
v 0.157305 -0.122812 0.123497
v 0.156811 -0.119902 0.006076
v 0.172847 -0.131237 0.004148
v 0.142761 -0.113804 0.116286
v 0.180137 -0.139152 0.046256
v 0.150737 -0.131581 0.135366
v 0.168524 -0.142206 0.134662
v 0.116676 -0.120892 0.119832
v 0.084799 -0.141567 0.130932
v 0.144538 0.247221 0.148706
v 0.131589 0.221903 0.142562
v 0.152366 0.241639 0.092381
v 0.142644 0.222467 0.111278
v 0.164844 0.232375 0.018750
v 0.156288 0.202171 0.023588
v 0.166614 0.211251 -0.065131
v 0.176701 0.243352 -0.066406
v 0.175711 0.221539 -0.088500
v 0.178560 0.246833 -0.113452
v 0.182796 0.262112 -0.085439
v 0.178775 0.258656 -0.012835
v 0.182593 0.269606 -0.119417
v 0.166703 0.249939 0.006704
v 0.172229 0.224740 -0.119965
v 0.165861 0.197037 -0.050206
v 0.164735 0.180218 -0.047091
v 0.148088 0.183796 0.038596
v 0.150730 0.199657 0.076293
v 0.141282 0.199841 0.118544
v 0.170616 0.198889 -0.121940
v 0.169680 0.186112 -0.108091
v 0.161020 0.179265 -0.100302
v 0.172686 0.289486 0.052127
v 0.173674 0.250901 0.072618
v 0.174894 0.262031 0.114823
v 0.164818 0.244231 0.124727
v 0.169811 0.271235 0.138016
v 0.166256 0.210378 -0.119201
v 0.177913 0.306329 -0.099316
v 0.173462 0.304427 -0.018459
v 0.165917 0.308985 0.108173
v 0.172169 0.258006 -0.139734
v 0.158129 0.182473 -0.133606
v 0.160953 0.167996 -0.136555
v 0.153301 0.330748 0.140958
v 0.159220 0.358625 0.111238
v 0.168223 0.336680 0.034256
v 0.161687 0.368063 0.078475
v 0.166172 0.391721 0.102092
v 0.168424 0.358101 0.027355
v 0.168274 0.346430 -0.019391
v 0.171767 0.358841 -0.010209
v 0.163514 0.318283 0.051763
v 0.143575 0.380278 0.144513
v 0.167070 0.435953 0.099678
v 0.146362 0.444964 0.138290
v 0.179826 0.404144 0.066226
v 0.174430 0.386923 0.077935
v 0.177007 0.419741 0.059698
v 0.172651 0.442534 0.073485
v 0.172819 0.469981 0.052676
v 0.168734 0.449419 0.044277
v 0.154829 0.470089 0.129607
v 0.148928 0.487295 0.126028
v 0.171890 0.293672 -0.134600
v 0.159601 0.355526 -0.040485
v 0.162712 0.321884 -0.039289
v 0.130208 0.412186 0.162859
v 0.164977 0.173464 0.069842
v 0.142682 0.477031 0.147718
v 0.167136 0.237179 -0.135056
v 0.157760 0.206043 -0.134520
v 0.156668 0.264634 0.152433
v 0.163897 0.316145 -0.127797
v 0.156740 0.487237 0.075554
v 0.128182 0.370115 0.156822
v 0.167390 0.246664 -0.129886
v 0.137123 0.455568 0.148574
v 0.144430 0.294031 0.153728
v 0.164227 0.174280 0.008345
v 0.175253 0.143654 -0.052635
v 0.175604 0.144288 -0.118450
v 0.176047 0.162973 -0.111643
v 0.178584 0.162316 -0.052157
v 0.170384 0.155967 0.067341
v 0.172165 0.153383 -0.135612
v 0.166593 0.140595 0.045841
v 0.160731 0.138922 0.090715
v 0.158838 0.149758 0.128655
v 0.157051 0.179501 0.122338
v 0.170393 0.119917 0.070986
v 0.168559 0.103879 0.037330
v 0.168614 0.091806 0.075111
v 0.164695 0.109585 0.122436
v 0.163502 0.127668 0.113294
v 0.174767 0.064375 0.041243
v 0.169360 0.067595 0.080847
v 0.156540 0.089380 0.122705
v 0.159712 0.067754 0.114296
v 0.158740 0.129671 0.021162
v 0.149608 0.163372 0.138115
v 0.168438 0.131640 -0.098567
v 0.145156 0.089117 0.137435
v 0.147814 0.122811 0.138056
v 0.178928 0.057473 0.082390
v 0.181333 0.045479 0.072633
v 0.181706 0.028524 0.118084
v 0.176663 -0.017275 0.070375
v 0.183004 0.012559 -0.001100
v 0.182289 0.045188 0.015875
v 0.179793 0.053757 -0.021345
v 0.180921 0.018073 -0.064395
v 0.179731 0.056612 0.006141
v 0.174026 0.056272 -0.091195
v 0.181627 0.026896 -0.128951
v 0.179802 0.008698 -0.114851
v 0.173848 -0.040266 -0.015741
v 0.174891 -0.027748 -0.070226
v 0.176450 -0.008177 -0.083688
v 0.177330 -0.027273 -0.108665
v 0.172338 -0.021331 0.109024
v 0.172667 -0.022669 -0.124333
v 0.165059 -0.056022 -0.101577
v 0.164054 -0.034045 -0.114155
v 0.160386 -0.079033 0.011404
v 0.157876 -0.079534 -0.070658
v 0.154149 -0.115750 -0.069281
v 0.156811 -0.119902 0.006076
v 0.159871 -0.114548 0.081845
v 0.159580 -0.078991 0.084989
v 0.154026 -0.106200 0.113398
v 0.152811 -0.070794 0.111806
v 0.143577 -0.122269 -0.109708
v 0.146946 -0.101436 -0.109924
v 0.151524 -0.070207 -0.108698
v 0.172004 0.003482 0.130581
v 0.174998 0.008158 -0.136927
v 0.159359 -0.056164 0.118393
v 0.173495 0.031912 0.133288
v 0.151808 -0.057537 -0.129367
v 0.152767 -0.035523 -0.135710
v 0.160931 -0.116714 0.101508
v 0.174023 0.034359 -0.141065
v 0.166565 0.062243 -0.125482
v 0.168166 0.088115 -0.128359
v 0.169550 0.087690 -0.061936
v 0.170991 0.122891 -0.124626
v 0.168827 0.063200 -0.053331
v 0.165537 0.124280 -0.046580
v 0.165151 0.101941 -0.045991
v 0.158445 0.134192 -0.040520
v 0.155157 0.116732 -0.008302
v 0.154782 0.105942 -0.033976
v 0.156140 0.100218 0.029768
v 0.163226 0.057608 -0.139537
v 0.168605 0.003680 -0.077251
v 0.145175 -0.127736 -0.061293
v 0.150681 -0.131105 -0.025593
v 0.141565 -0.130643 -0.095937
v 0.152854 -0.128380 -0.006947
v 0.148265 -0.034716 0.132053
v 0.148049 0.135594 0.122506
v 0.140346 0.070991 0.135197
v 0.154095 0.136827 -0.143131
v 0.215984 0.372853 -0.045966
v 0.211112 0.393421 -0.023785
v 0.207036 0.377829 0.030743
v 0.218060 0.383811 -0.086363
v 0.199960 0.392591 0.057588
v 0.209839 0.405961 -0.086617
v 0.203362 0.405229 -0.024261
v 0.194471 0.401556 0.039307
v 0.195616 0.417729 0.036001
v 0.200959 0.430391 -0.006698
v 0.210551 0.424226 -0.067426
v 0.205079 0.421537 -0.106844
v 0.197772 0.375455 0.060192
v 0.209663 0.386823 -0.110230
v 0.207096 0.365483 0.007595
v 0.190118 0.388256 0.074563
v 0.203022 0.404545 -0.106846
v 0.208199 0.368968 -0.101562
v 0.195280 0.393646 -0.127676
v 0.191502 0.379069 -0.134887
v 0.179826 0.404144 0.066226
v 0.144538 0.247221 0.148706
v 0.152366 0.241639 0.092381
v 0.164818 0.244231 0.124727
v 0.197958 0.062140 -0.002248
v 0.190521 0.071634 -0.027574
v 0.204007 0.082021 -0.000165
v 0.197302 0.097644 -0.025780
v 0.179793 0.053757 -0.021345
v 0.195482 0.064905 0.013897
v 0.200700 0.087934 0.014828
v 0.199380 0.101039 0.000917
v 0.156140 0.100218 0.029768
v 0.168559 0.103879 0.037330
v 0.160110 0.070434 0.034732
v 0.174767 0.064375 0.041243
v 0.158740 0.129671 0.021162
v 0.165202 0.059317 0.021143
v 0.195482 0.064905 0.013897
v 0.181768 0.078142 0.022402
v 0.200700 0.087934 0.014828
v 0.160110 0.070434 0.034732
v 0.179731 0.056612 0.006141
v 0.197958 0.062140 -0.002248
v 0.179793 0.053757 -0.021345
v 0.159712 0.067754 0.114296
v 0.148856 0.061976 0.106110
v 0.169360 0.067595 0.080847
v 0.177656 0.369484 0.074398
v 0.190118 0.388256 0.074563
v 0.174430 0.386923 0.077935
v 0.161687 0.368063 0.078475
v 0.197772 0.375455 0.060192
v 0.179826 0.404144 0.066226
v 0.152854 -0.128380 -0.006947
v 0.135784 -0.132690 -0.013252
v 0.150681 -0.131105 -0.025593
v 0.154782 0.105942 -0.033976
v 0.176544 0.100873 -0.032290
v 0.169275 0.077007 -0.032173
v 0.105104 0.068884 -0.029812
v 0.190521 0.071634 -0.027574
v 0.161137 0.066009 -0.034689
v 0.197302 0.097644 -0.025780
v 0.110029 0.090467 -0.038236
v 0.179793 0.053757 -0.021345
v 0.119878 0.067087 -0.043719
v 0.161137 0.066009 -0.034689
v 0.168827 0.063200 -0.053331
v 0.105104 0.068884 -0.029812
v 0.179793 0.053757 -0.021345
v 0.155974 -0.167929 -0.011555
v 0.167672 -0.155107 -0.002133
v 0.171670 -0.173335 -0.008193
v 0.151707 -0.150867 -0.010781
v 0.153300 -0.187142 -0.013337
v 0.164586 -0.206477 -0.011938
v 0.143087 -0.173411 -0.016708
v 0.165237 -0.137546 -0.007823
v 0.152854 -0.128380 -0.006947
v 0.135784 -0.132690 -0.013252
v 0.176824 -0.209881 -0.001481
v 0.176025 -0.229702 -0.007913
v 0.177079 -0.142673 0.005172
v 0.179489 -0.180726 0.000880
v 0.172847 -0.131237 0.004148
v 0.156811 -0.119902 0.006076
v 0.177112 -0.156441 0.021117
v 0.155974 -0.167929 -0.011555
v 0.167041 -0.150451 -0.018671
v 0.151707 -0.150867 -0.010781
v 0.135784 -0.132690 -0.013252
v 0.150681 -0.131105 -0.025593
v 0.178594 -0.139811 -0.030078
v 0.171773 -0.165176 -0.032521
v 0.133702 0.372347 -0.145608
v 0.151839 0.360811 -0.136668
v 0.157308 0.352759 -0.139371
v 0.177649 -0.265862 -0.002148
v 0.176576 -0.228412 -0.056493
v 0.176025 -0.229702 -0.007913
v 0.176116 -0.281238 -0.058763
v 0.174421 -0.253196 -0.091860
v 0.174300 -0.209542 -0.091847
v 0.174947 -0.195010 -0.036735
v 0.174655 -0.250397 0.031661
v 0.173777 -0.210912 -0.023614
v 0.176297 -0.186244 -0.073410
v 0.170832 -0.191719 -0.110223
v 0.170276 -0.280883 -0.093259
v 0.171521 -0.170420 -0.082392
v 0.166238 -0.172110 -0.123156
v 0.180455 -0.263564 0.063014
v 0.174419 -0.246048 0.100157
v 0.180445 -0.263892 0.102372
v 0.180825 -0.236851 0.043477
v 0.176824 -0.209881 -0.001481
v 0.178608 -0.214696 0.059217
v 0.179489 -0.180726 0.000880
v 0.176915 -0.173090 0.052744
v 0.177112 -0.156441 0.021117
v 0.174252 -0.185420 0.106282
v 0.173285 -0.234332 0.123430
v 0.167653 -0.215132 0.118504
v 0.170452 -0.156714 0.062533
v 0.164974 -0.161088 0.112111
v 0.166966 -0.173301 -0.043168
v 0.172931 -0.292842 -0.108316
v 0.173453 -0.312294 -0.081587
v 0.181124 -0.303768 0.017811
v 0.167549 -0.308980 -0.114173
v 0.168158 -0.332233 -0.100613
v 0.170688 -0.325285 -0.023937
v 0.173311 -0.350963 -0.066767
v 0.170777 -0.354333 -0.097449
v 0.175513 -0.353574 0.046088
v 0.173196 -0.337820 0.040516
v 0.175716 -0.342853 0.094912
v 0.171754 -0.321479 0.116316
v 0.169111 -0.320606 0.069646
v 0.170975 -0.354112 0.116772
v 0.178981 -0.314712 0.057494
v 0.180441 -0.306250 0.104447
v 0.178162 -0.290247 0.071714
v 0.174222 -0.293026 0.116338
v 0.170046 -0.280060 0.104589
v 0.169820 -0.284799 -0.009393
v 0.170073 -0.281455 0.069667
v 0.166397 -0.233828 -0.108114
v 0.161337 -0.335657 0.126502
v 0.159511 -0.340096 -0.112281
v 0.163224 -0.307317 0.122457
v 0.171773 -0.165176 -0.032521
v 0.180335 -0.148602 -0.066819
v 0.178594 -0.139811 -0.030078
v 0.177772 -0.156948 -0.118636
v 0.175844 -0.136365 -0.098131
v 0.169354 -0.145762 -0.129971
v 0.168182 -0.128658 -0.051764
v 0.167558 -0.156970 -0.135288
v 0.164354 -0.259605 0.127938
v 0.165965 -0.228032 0.131435
v 0.162136 -0.214861 -0.106560
v 0.159761 -0.279255 0.122091
v 0.174399 -0.150094 0.120100
v 0.157389 -0.188076 0.122487
v 0.155996 -0.157614 0.128540
v 0.150691 -0.248327 0.131550
v 0.178959 -0.148644 0.090703
v 0.177769 -0.135825 0.120572
v 0.180137 -0.139152 0.046256
v 0.177079 -0.142673 0.005172
v 0.175670 -0.125640 0.064086
v 0.172847 -0.131237 0.004148
v 0.168524 -0.142206 0.134662
v 0.167672 -0.155107 -0.002133
v 0.143087 -0.173411 -0.016708
v 0.160917 -0.181850 -0.021818
v 0.153300 -0.187142 -0.013337
v 0.164586 -0.206477 -0.011938
v 0.155974 -0.167929 -0.011555
v 0.143087 -0.173411 -0.016708
v 0.171773 -0.165176 -0.032521
v 0.166966 -0.173301 -0.043168
v 0.110029 0.090467 -0.038236
v 0.157565 0.080758 -0.047219
v 0.165151 0.101941 -0.045991
v 0.119878 0.067087 -0.043719
v 0.168827 0.063200 -0.053331
v 0.169550 0.087690 -0.061936
v 0.154782 0.105942 -0.033976
v 0.165537 0.124280 -0.046580
v 0.158445 0.134192 -0.040520
v 0.157089 0.337934 -0.123693
v 0.146405 0.317088 -0.145763
v 0.157308 0.352759 -0.139371
v 0.157111 0.346891 -0.115031
v 0.163897 0.316145 -0.127797
v 0.150782 0.319086 -0.093911
v 0.143097 0.341397 -0.112617
v 0.157089 0.337934 -0.123693
v 0.157111 0.346891 -0.115031
v 0.155157 0.116732 -0.008302
v 0.174312 0.104120 0.018454
v 0.178370 0.108152 -0.014302
v 0.199380 0.101039 0.000917
v 0.197302 0.097644 -0.025780
v 0.156140 0.100218 0.029768
v 0.200700 0.087934 0.014828
v 0.154782 0.105942 -0.033976
v 0.176544 0.100873 -0.032290
v 0.156140 0.100218 0.029768
v 0.181768 0.078142 0.022402
v 0.174312 0.104120 0.018454
v 0.160110 0.070434 0.034732
v 0.200700 0.087934 0.014828
v 0.182289 0.045188 0.015875
v 0.165202 0.059317 0.021143
v 0.174767 0.064375 0.041243
v 0.160110 0.070434 0.034732
v 0.179731 0.056612 0.006141
v 0.181291 0.442881 -0.070487
v 0.180055 0.455804 -0.110162
v 0.182536 0.458306 -0.036936
v 0.179868 0.440324 -0.018880
v 0.180156 0.457034 0.000809
v 0.174306 0.437138 -0.117972
v 0.174415 0.451825 -0.136412
v 0.170555 0.429187 -0.131388
v 0.173820 0.480679 -0.131332
v 0.175382 0.482168 -0.091818
v 0.179668 0.478212 -0.039413
v 0.196348 0.434263 -0.076933
v 0.159509 0.443896 0.009736
f 16 18 2
f 10 9 19
f 14 8 6
f 8 15 7
f 15 17 16
f 22 14 6
f 15 16 7
f 6 8 7
f 7 16 2
f 6 7 1
f 1 7 2
f 6 1 20
f 20 1 13
f 2 18 3
f 1 2 3
f 1 3 4
f 13 1 4
f 3 18 9
f 4 3 5
f 13 4 5
f 3 9 5
f 13 5 12
f 5 9 10
f 12 5 11
f 21 12 11
f 11 5 10
f 41 38 51
f 46 36 35
f 46 35 41
f 47 36 46
f 47 48 36
f 41 35 38
f 38 35 34
f 36 48 44
f 36 44 30
f 36 30 35
f 35 30 34
f 34 30 23
f 30 29 31
f 30 31 28
f 28 29 23
f 28 23 30
f 30 24 29
f 29 24 23
f 30 44 24
f 34 23 33
f 24 44 45
f 23 24 25
f 23 25 33
f 24 45 26
f 26 25 24
f 25 26 27
f 33 25 32
f 26 45 42
f 25 27 32
f 26 42 27
f 32 27 37
f 42 43 27
f 27 39 37
f 27 43 40
f 43 49 40
f 27 40 39
f 37 39 50
f 76 75 90
f 74 95 73
f 67 74 73
f 90 77 76
f 77 90 91
f 73 75 56
f 56 75 76
f 89 74 67
f 73 55 67
f 73 56 55
f 89 67 69
f 77 91 92
f 76 77 78
f 55 56 57
f 77 92 78
f 56 76 58
f 76 78 58
f 69 67 68
f 57 56 58
f 68 67 59
f 67 55 57
f 67 57 59
f 78 92 83
f 78 83 58
f 57 58 52
f 68 59 82
f 59 57 54
f 57 52 54
f 58 83 71
f 58 71 52
f 71 83 84
f 82 59 60
f 52 53 54
f 59 54 60
f 54 53 61
f 52 71 65
f 60 54 61
f 53 52 65
f 71 84 72
f 65 71 72
f 82 60 80
f 64 61 53
f 65 72 66
f 60 62 80
f 60 61 62
f 53 65 64
f 64 65 66
f 66 72 86
f 61 64 63
f 62 61 63
f 64 66 70
f 63 64 70
f 62 63 85
f 66 86 87
f 80 62 81
f 62 85 81
f 70 66 88
f 66 87 88
f 81 85 93
f 85 63 79
f 63 70 79
f 85 79 93
f 79 70 88
f 94 81 93
f 101 96 102
f 96 100 102
f 102 100 103
f 100 104 103
f 103 104 112
f 104 106 112
f 159 156 158
f 156 157 158
f 128 119 129
f 104 105 106
f 96 97 98
f 100 105 104
f 96 99 100
f 98 99 96
f 99 114 100
f 128 126 119
f 119 120 121
f 100 114 113
f 116 117 118
f 105 107 106
f 119 122 120
f 113 110 105
f 126 123 119
f 119 123 122
f 110 109 105
f 105 108 107
f 109 108 105
f 126 127 123
f 108 111 107
f 123 124 122
f 109 115 108
f 150 147 148
f 123 125 124
f 123 152 125
f 149 145 147
f 152 151 125
f 127 152 123
f 147 143 148
f 145 143 147
f 127 153 152
f 145 144 143
f 152 133 151
f 153 133 152
f 133 136 151
f 144 140 143
f 143 142 148
f 143 140 142
f 133 130 136
f 146 140 144
f 155 133 153
f 130 133 131
f 132 137 154
f 137 140 154
f 154 140 146
f 130 131 132
f 132 131 137
f 155 135 133
f 135 134 133
f 133 134 131
f 134 138 131
f 131 138 137
f 137 139 140
f 139 141 140
f 140 141 142
f 138 139 137
f 183 184 169
f 184 173 169
f 185 183 168
f 185 168 167
f 183 169 168
f 173 171 169
f 168 169 166
f 168 166 167
f 169 171 166
f 171 172 166
f 167 166 160
f 172 161 166
f 167 160 170
f 166 161 160
f 172 176 161
f 160 161 162
f 161 176 162
f 179 170 160
f 176 177 162
f 160 162 163
f 160 163 179
f 179 163 180
f 177 164 162
f 162 164 163
f 177 178 164
f 163 165 180
f 180 165 181
f 163 164 165
f 181 165 182
f 164 174 165
f 178 175 164
f 164 175 174
f 182 165 174
f 201 192 203
f 190 191 193
f 193 191 200
f 200 191 201
f 201 191 192
f 191 188 192
f 190 188 191
f 190 186 188
f 190 202 186
f 202 189 186
f 186 187 188
f 189 187 186
f 189 199 187
f 187 198 197
f 199 198 187
f 203 192 194
f 192 188 194
f 188 195 194
f 188 187 195
f 187 196 195
f 187 197 196
f 215 217 209
f 217 218 209
f 209 210 207
f 215 209 214
f 214 209 204
f 209 207 204
f 222 217 215
f 222 223 217
f 222 224 223
f 207 205 204
f 204 205 206
f 206 205 219
f 214 204 216
f 204 206 208
f 216 204 208
f 216 208 213
f 219 220 206
f 220 219 227
f 208 206 211
f 220 211 206
f 208 211 212
f 220 226 211
f 213 208 212
f 220 227 226
f 213 212 221
f 225 226 227
f 228 225 227
f 247 248 255
f 254 249 247
f 247 245 248
f 247 246 245
f 249 246 247
f 248 245 250
f 245 251 250
f 256 260 264
f 245 235 243
f 245 243 251
f 250 252 253
f 250 253 256
f 250 251 252
f 253 257 256
f 257 260 256
f 251 243 252
f 260 262 264
f 246 235 245
f 235 234 243
f 235 236 233
f 252 243 244
f 243 232 244
f 252 244 257
f 260 261 262
f 235 233 234
f 243 234 232
f 257 253 252
f 265 268 266
f 258 257 244
f 268 275 266
f 265 266 267
f 266 270 267
f 233 236 237
f 232 233 230
f 261 265 267
f 236 238 237
f 259 268 265
f 242 236 235
f 268 259 258
f 233 232 234
f 258 273 268
f 257 259 260
f 260 259 261
f 259 265 261
f 242 240 236
f 267 270 271
f 258 259 257
f 261 263 262
f 263 261 267
f 240 239 236
f 268 274 275
f 237 230 233
f 267 271 269
f 267 269 263
f 239 238 236
f 237 241 230
f 268 273 274
f 232 230 229
f 273 258 229
f 276 229 258
f 273 229 231
f 229 230 231
f 273 231 274
f 269 271 272
f 347 340 346
f 348 340 347
f 285 301 281
f 285 281 284
f 340 348 341
f 301 308 281
f 319 298 295
f 340 331 346
f 295 298 297
f 341 332 340
f 346 331 345
f 283 284 281
f 301 312 308
f 340 332 331
f 283 281 277
f 294 293 292
f 338 332 341
f 331 344 345
f 283 277 282
f 281 278 277
f 295 282 293
f 293 282 292
f 297 296 295
f 282 277 279
f 292 282 288
f 295 296 282
f 277 278 279
f 278 280 279
f 281 309 278
f 282 286 288
f 331 342 344
f 286 282 279
f 292 288 299
f 292 299 300
f 308 309 281
f 278 309 280
f 287 286 279
f 288 286 287
f 279 280 310
f 300 299 303
f 331 337 342
f 309 315 280
f 287 279 289
f 287 289 290
f 288 287 302
f 288 302 299
f 287 290 291
f 310 304 279
f 299 302 303
f 311 309 308
f 287 291 302
f 312 311 308
f 279 304 289
f 331 332 333
f 310 280 315
f 338 335 332
f 311 316 309
f 331 334 337
f 309 318 315
f 304 305 289
f 333 334 331
f 289 307 290
f 316 318 309
f 310 314 304
f 304 314 305
f 318 317 315
f 310 315 317
f 332 335 333
f 317 314 310
f 305 306 289
f 289 306 307
f 312 313 311
f 336 334 333
f 335 336 333
f 336 339 334
f 335 343 336
f 336 325 339
f 343 325 336
f 320 322 324
f 343 320 325
f 320 321 322
f 325 320 324
f 322 321 326
f 322 326 327
f 323 321 320
f 328 326 321
f 328 329 326
f 328 330 329
f 449 442 437
f 437 442 432
f 432 442 433
f 442 452 433
f 367 369 368
f 369 374 368
f 372 369 367
f 366 367 368
f 371 370 365
f 362 371 365
f 370 367 365
f 367 366 365
f 362 365 361
f 361 365 366
f 368 388 366
f 456 449 437
f 405 366 401
f 366 388 401
f 433 446 435
f 370 400 367
f 403 371 362
f 400 372 367
f 360 362 349
f 358 360 349
f 349 362 361
f 378 360 358
f 361 366 404
f 455 437 434
f 437 432 434
f 431 434 432
f 378 391 360
f 390 378 358
f 360 403 362
f 349 361 350
f 361 376 350
f 427 435 438
f 381 376 387
f 436 455 434
f 436 434 431
f 432 433 427
f 355 358 349
f 433 435 427
f 349 350 351
f 349 351 352
f 386 392 393
f 439 438 440
f 393 392 394
f 436 431 463
f 391 403 360
f 364 355 363
f 364 390 358
f 356 363 355
f 356 355 352
f 366 405 404
f 355 349 352
f 350 376 381
f 352 351 353
f 356 352 357
f 438 439 427
f 352 353 354
f 354 353 384
f 359 352 354
f 364 358 355
f 431 432 427
f 427 426 431
f 356 357 373
f 351 350 380
f 357 352 359
f 379 364 363
f 463 431 466
f 450 431 426
f 405 401 406
f 380 350 381
f 392 385 380
f 351 385 353
f 386 385 392
f 353 385 386
f 386 393 395
f 439 440 443
f 393 397 396
f 373 363 356
f 405 406 404
f 427 439 429
f 427 429 428
f 351 380 385
f 429 439 443
f 395 393 396
f 359 354 382
f 443 440 445
f 465 436 463
f 363 389 379
f 375 363 373
f 431 450 466
f 426 427 428
f 415 423 422
f 373 357 377
f 384 353 386
f 377 357 359
f 354 384 383
f 382 354 383
f 483 484 485
f 396 397 399
f 444 443 445
f 378 390 402
f 417 424 423
f 417 423 414
f 486 484 483
f 429 443 444
f 389 363 375
f 463 466 464
f 402 390 364
f 450 426 461
f 377 359 398
f 444 445 451
f 379 402 364
f 426 441 458
f 426 428 441
f 413 412 401
f 414 423 415
f 422 421 415
f 462 463 464
f 428 429 430
f 430 429 454
f 441 428 430
f 465 463 462
f 424 417 425
f 401 412 411
f 461 426 457
f 430 447 441
f 429 444 454
f 457 426 458
f 421 419 415
f 444 451 454
f 458 441 448
f 458 448 459
f 441 447 448
f 417 414 416
f 401 411 408
f 447 430 453
f 425 417 420
f 406 401 407
f 420 417 416
f 407 401 408
f 457 458 459
f 414 415 416
f 415 419 418
f 416 415 418
f 475 470 468
f 468 470 469
f 469 470 474
f 469 474 473
f 473 474 478
f 473 478 480
f 475 476 470
f 467 468 469
f 472 467 469
f 472 469 473
f 477 475 471
f 471 475 468
f 472 473 479
f 479 473 480
f 477 482 475
f 471 468 467
f 457 459 460
f 471 467 481
f 411 410 408
f 408 410 409
f 407 408 409
f 552 553 565
f 542 541 540
f 553 552 549
f 552 550 549
f 541 538 540
f 552 558 550
f 541 536 538
f 540 538 539
f 538 535 539
f 538 536 535
f 529 532 525
f 535 537 539
f 529 527 530
f 529 525 527
f 532 490 525
f 530 527 563
f 549 550 548
f 490 487 525
f 535 536 534
f 525 526 527
f 535 533 537
f 548 490 549
f 527 524 563
f 550 558 551
f 526 524 527
f 525 487 526
f 550 551 548
f 487 547 526
f 534 533 535
f 490 488 487
f 524 526 546
f 551 554 548
f 551 566 555
f 547 546 526
f 551 555 554
f 548 528 490
f 487 488 489
f 487 489 547
f 490 528 488
f 524 502 504
f 524 546 502
f 489 546 547
f 548 554 528
f 488 528 523
f 489 502 546
f 504 502 499
f 534 520 533
f 528 554 559
f 537 533 521
f 520 521 533
f 523 528 559
f 561 562 556
f 520 517 521
f 555 556 554
f 554 557 559
f 561 556 555
f 554 556 557
f 489 491 502
f 489 488 491
f 502 491 499
f 517 522 521
f 520 519 517
f 523 559 492
f 512 511 531
f 518 512 522
f 512 509 511
f 512 518 509
f 522 517 518
f 523 492 488
f 564 545 544
f 518 517 509
f 511 509 510
f 488 492 491
f 493 491 492
f 491 497 499
f 545 497 544
f 544 497 503
f 519 515 517
f 497 498 503
f 509 517 507
f 509 507 495
f 509 495 510
f 495 493 510
f 493 494 491
f 491 494 496
f 491 496 497
f 497 496 498
f 493 495 494
f 515 507 517
f 498 496 500
f 543 516 515
f 494 506 496
f 496 501 500
f 507 505 495
f 515 516 514
f 515 514 507
f 495 505 494
f 496 506 501
f 505 506 494
f 506 505 560
f 514 513 507
f 507 508 505
f 513 508 507
f 579 583 568
f 576 579 568
f 568 583 577
f 576 568 567
f 569 568 577
f 577 582 578
f 577 578 573
f 567 568 569
f 569 577 573
f 569 573 572
f 567 569 570
f 569 572 571
f 570 569 571
f 574 567 570
f 567 574 580
f 570 571 574
f 574 571 575
f 574 575 581
f 600 584 597
f 597 584 586
f 584 585 586
f 596 586 590
f 596 590 595
f 600 599 584
f 586 585 590
f 595 590 594
f 595 594 601
f 584 587 585
f 599 592 584
f 592 587 584
f 587 588 585
f 585 589 590
f 588 589 585
f 594 590 589
f 594 589 598
f 587 591 588
f 587 592 591
f 592 593 591
f 603 614 610
f 606 614 603
f 610 608 603
f 615 606 607
f 608 610 611
f 606 603 605
f 621 622 623
f 603 602 605
f 606 605 607
f 603 608 604
f 602 603 604
f 604 608 609
f 608 611 609
f 609 611 613
f 611 619 613
f 605 618 612
f 607 605 612
f 616 607 612
f 623 622 624
f 617 616 612
f 616 617 620
f 766 767 693
f 716 729 730
f 792 791 794
f 693 694 766
f 694 693 690
f 693 692 690
f 715 729 716
f 793 787 792
f 767 766 716
f 715 716 714
f 729 715 718
f 766 714 716
f 792 787 789
f 696 653 691
f 691 690 692
f 792 789 791
f 691 653 690
f 694 690 689
f 696 678 653
f 684 655 695
f 766 694 711
f 766 711 714
f 685 683 684
f 694 689 711
f 695 655 678
f 791 789 790
f 684 683 655
f 689 712 711
f 715 717 718
f 655 652 678
f 678 652 653
f 683 682 655
f 718 717 719
f 715 714 713
f 655 654 652
f 719 727 728
f 653 689 690
f 655 682 654
f 711 713 714
f 683 703 682
f 715 713 717
f 653 652 651
f 687 686 675
f 686 668 675
f 687 675 703
f 787 788 789
f 680 686 688
f 789 788 790
f 769 775 773
f 719 720 727
f 703 675 682
f 787 784 788
f 787 785 784
f 711 712 713
f 686 680 668
f 663 682 675
f 784 785 786
f 675 668 667
f 680 677 668
f 717 720 719
f 653 674 689
f 653 651 674
f 682 663 654
f 769 773 770
f 652 654 650
f 675 667 663
f 650 651 652
f 717 721 720
f 760 762 764
f 760 761 762
f 726 725 760
f 760 725 761
f 713 731 717
f 717 731 721
f 769 770 771
f 721 722 720
f 726 720 722
f 651 660 674
f 654 663 657
f 656 654 657
f 713 758 731
f 726 722 725
f 771 770 772
f 725 765 761
f 762 761 763
f 725 722 724
f 731 723 721
f 668 664 667
f 761 765 763
f 657 681 656
f 722 721 723
f 722 723 724
f 654 656 650
f 677 670 668
f 674 660 661
f 651 658 660
f 772 770 779
f 663 664 657
f 667 664 663
f 770 773 774
f 651 650 658
f 758 745 731
f 770 776 779
f 647 648 649
f 657 666 681
f 641 639 638
f 745 732 731
f 733 734 723
f 665 666 657
f 656 662 650
f 731 732 723
f 665 657 664
f 638 639 640
f 732 733 723
f 745 746 732
f 641 638 642
f 774 776 770
f 660 658 661
f 747 746 745
f 665 664 673
f 777 776 774
f 650 662 659
f 732 759 733
f 732 746 759
f 777 774 778
f 681 666 768
f 768 709 662
f 658 650 659
f 634 637 635
f 634 635 636
f 746 747 748
f 665 679 666
f 709 708 662
f 747 754 749
f 662 708 659
f 734 733 735
f 747 749 748
f 625 630 628
f 665 673 679
f 625 628 626
f 626 628 629
f 800 799 796
f 746 748 759
f 795 796 797
f 813 818 817
f 670 669 668
f 814 813 817
f 735 756 757
f 666 679 705
f 666 705 768
f 668 669 664
f 673 664 676
f 797 796 798
f 810 813 814
f 664 669 676
f 733 736 735
f 796 799 798
f 733 759 744
f 756 735 755
f 813 816 818
f 733 744 736
f 780 781 782
f 673 710 679
f 813 815 816
f 670 671 669
f 625 626 627
f 705 679 706
f 735 737 755
f 672 671 670
f 673 676 710
f 736 737 735
f 813 810 812
f 813 812 815
f 810 811 812
f 671 697 669
f 669 697 676
f 808 801 807
f 710 676 700
f 749 750 748
f 744 739 736
f 797 798 801
f 627 631 625
f 737 740 755
f 781 780 783
f 807 801 802
f 748 750 751
f 804 805 803
f 710 700 702
f 671 704 697
f 737 736 738
f 804 803 798
f 643 645 646
f 739 744 743
f 625 631 632
f 748 751 752
f 736 739 738
f 738 740 737
f 676 697 698
f 739 743 742
f 740 738 741
f 676 698 700
f 751 753 752
f 700 701 702
f 704 699 697
f 700 698 701
f 704 707 699
f 739 742 738
f 632 631 633
f 643 644 645
f 798 802 801
f 803 802 798
f 699 698 697
f 803 806 802
f 806 809 802
f 839 847 848
f 848 849 839
f 849 840 839
f 839 841 847
f 839 840 841
f 840 842 841
f 841 844 846
f 841 842 843
f 841 843 844
f 844 843 845
f 837 833 836
f 836 833 835
f 850 852 853
f 850 851 852
f 852 851 854
f 823 832 822
f 835 829 832
f 833 829 835
f 829 822 832
f 833 834 829
f 829 821 822
f 821 820 822
f 822 820 823
f 828 821 829
f 824 821 828
f 837 834 833
f 824 819 821
f 819 820 821
f 837 838 834
f 824 831 825
f 824 825 819
f 819 825 826
f 825 827 826
f 830 827 825
f 875 873 871
f 875 871 876
f 871 868 876
f 876 868 872
f 872 868 870
f 872 870 880
f 868 869 870
f 870 878 880
f 871 869 868
f 871 873 869
f 873 874 869
f 869 877 870
f 874 877 869
f 877 878 870
f 863 857 861
f 855 856 857
f 856 861 857
f 856 862 861
f 863 861 864
f 855 858 856
f 877 859 878
f 861 865 864
f 865 861 862
f 858 860 856
f 856 860 862
f 877 874 879
f 855 859 858
f 877 879 859
f 858 866 860
f 879 867 859
f 859 867 858
f 858 867 866
f 881 882 883
f 888 892 893
f 886 885 887
f 887 885 888
f 888 893 894
f 889 890 896
f 900 899 884
f 884 899 885
f 895 902 893
f 895 893 892
f 884 885 886
f 885 892 888
f 888 894 904
f 887 890 889
f 886 887 889
f 889 896 897
f 891 889 901
f 889 897 898
f 889 898 901
f 913 884 886
f 913 886 891
f 891 886 889
f 885 899 892
f 920 890 887
f 919 913 891
f 891 901 919
f 901 898 923
f 905 900 884
f 911 884 913
f 888 904 920
f 919 901 921
f 899 903 892
f 909 907 908
f 903 895 892
f 918 906 907
f 909 918 907
f 907 906 905
f 908 907 905
f 900 905 906
f 884 911 905
f 915 912 914
f 914 912 913
f 913 919 916
f 912 911 913
f 908 905 910
f 908 910 915
f 905 911 910
f 910 911 912
f 915 910 912
f 914 913 916
f 914 916 917
f 919 922 916
f 916 922 917
f 943 949 940
f 944 943 939
f 943 940 939
f 940 947 941
f 939 940 941
f 956 955 954
f 954 955 950
f 925 933 932
f 950 951 952
f 954 950 953
f 950 952 953
f 925 932 926
f 932 929 926
f 941 947 948
f 933 925 927
f 939 941 942
f 941 946 945
f 941 948 946
f 935 933 927
f 924 925 926
f 941 945 942
f 925 924 927
f 926 929 928
f 929 938 936
f 927 924 930
f 929 936 928
f 924 926 928
f 927 930 934
f 924 928 931
f 930 924 931
f 928 936 937
f 957 960 962
f 957 959 960
f 987 981 988
f 961 958 957
f 957 958 959
f 960 959 964
f 960 963 962
f 967 970 973
f 967 969 970
f 973 978 987
f 987 978 981
f 970 974 973
f 974 978 973
f 961 965 958
f 958 964 959
f 985 984 983
f 967 968 969
f 966 965 961
f 986 984 985
f 981 978 980
f 983 984 969
f 968 983 969
f 969 971 970
f 974 977 978
f 970 971 974
f 978 977 980
f 974 976 977
f 969 984 972
f 976 979 977
f 974 975 976
f 977 979 980
f 972 975 971
f 971 975 974
f 969 972 971
f 979 982 980
f 1001 994 1003
f 1004 994 1000
f 994 992 1000
f 1001 995 994
f 994 991 992
f 994 995 991
f 992 999 1000
f 1000 999 1002
f 991 990 992
f 995 996 991
f 996 989 991
f 989 990 991
f 1012 1010 1014
f 1016 1014 1015
f 1014 1010 1015
f 990 993 992
f 992 993 999
f 995 997 996
f 1019 1020 1021
f 1014 1018 1012
f 1017 1012 1018
f 1010 1009 1015
f 1005 1006 1007
f 1017 1013 1012
f 1012 1013 1011
f 1012 1011 1010
f 1009 1006 1005
f 990 998 993
f 1010 1006 1009
f 1011 1006 1010
f 1007 1006 1008
f 1159 1160 1161
f 1129 1128 1103
f 1097 1095 1094
f 1123 1125 1126
f 1156 1157 1158
f 1103 1128 1092
f 1124 1122 1123
f 1034 1036 1037
f 1040 1041 1042
f 1096 1093 1095
f 1123 1078 1125
f 1123 1122 1078
f 1103 1093 1096
f 1114 1111 1113
f 1114 1113 1115
f 1095 1093 1094
f 1040 1042 1043
f 1093 1088 1094
f 1122 1072 1078
f 1103 1090 1093
f 1094 1088 1098
f 1103 1092 1090
f 1078 1077 1125
f 1034 1035 1036
f 1093 1090 1088
f 1036 1035 1038
f 1113 1111 1112
f 1092 1091 1090
f 1042 1044 1043
f 1042 1045 1044
f 1152 1153 1154
f 1153 1155 1154
f 1118 1106 1107
f 1091 1085 1090
f 1090 1085 1088
f 1112 1111 1110
f 1079 1075 1130
f 1091 1130 1085
f 1076 1079 1132
f 1112 1116 1113
f 1088 1100 1098
f 1098 1100 1106
f 1035 1039 1038
f 1074 1079 1076
f 1106 1100 1107
f 1084 1085 1083
f 1083 1085 1130
f 1083 1130 1075
f 1077 1078 1071
f 1077 1071 1076
f 1079 1074 1075
f 1109 1107 1108
f 1107 1100 1108
f 1111 1109 1110
f 1084 1086 1085
f 1076 1071 1074
f 1085 1086 1088
f 1083 1075 1082
f 1109 1108 1110
f 1084 1083 1082
f 1074 1073 1075
f 1073 1082 1075
f 1074 1071 1073
f 1078 1072 1071
f 1112 1117 1116
f 1084 1082 1086
f 1071 1068 1073
f 1112 1110 1117
f 1072 1070 1071
f 1088 1089 1100
f 1073 1068 1081
f 1088 1086 1089
f 1071 1070 1068
f 1135 1136 1133
f 1110 1108 1119
f 1073 1081 1121
f 1073 1121 1082
f 1108 1100 1119
f 1100 1089 1119
f 1119 1117 1110
f 1136 1139 1133
f 1133 1134 1135
f 1068 1087 1081
f 1089 1086 1099
f 1081 1131 1121
f 1081 1087 1131
f 1121 1069 1064
f 1087 1120 1131
f 1120 1069 1131
f 1069 1121 1131
f 1120 1057 1069
f 1069 1057 1056
f 1069 1056 1064
f 1140 1141 1142
f 1089 1101 1119
f 1120 1087 1065
f 1068 1070 1066
f 1142 1143 1144
f 1068 1065 1087
f 1143 1142 1141
f 1068 1066 1065
f 1120 1065 1057
f 1143 1145 1144
f 1089 1099 1101
f 1119 1101 1105
f 1101 1099 1102
f 1065 1058 1057
f 1101 1102 1105
f 1064 1056 1054
f 1133 1137 1134
f 1031 1030 1032
f 1031 1032 1033
f 1057 1055 1056
f 1099 1104 1102
f 1143 1141 1149
f 1029 1030 1031
f 1066 1067 1058
f 1066 1058 1065
f 1057 1058 1055
f 1143 1149 1146
f 1028 1023 1022
f 1134 1137 1138
f 1046 1047 1048
f 1048 1047 1049
f 1143 1146 1145
f 1022 1023 1024
f 1056 1055 1054
f 1145 1146 1147
f 1067 1080 1058
f 1053 1047 1054
f 1023 1025 1024
f 1054 1055 1053
f 1080 1063 1058
f 1055 1058 1059
f 1147 1148 1145
f 1055 1062 1053
f 1146 1151 1147
f 1061 1062 1055
f 1047 1053 1051
f 1023 1026 1025
f 1027 1024 1025
f 1047 1050 1049
f 1055 1060 1061
f 1051 1050 1047
f 1063 1059 1058
f 1147 1150 1148
f 1147 1151 1150
f 1049 1050 1052
f 1055 1059 1060
f 1127 1063 1080
f 1182 1181 1162
f 1170 1186 1172
f 1172 1186 1185
f 1168 1180 1182
f 1172 1185 1174
f 1162 1168 1182
f 1177 1186 1170
f 1180 1168 1169
f 1166 1168 1162
f 1177 1170 1163
f 1172 1174 1173
f 1180 1169 1183
f 1169 1175 1183
f 1162 1181 1163
f 1188 1189 1190
f 1170 1172 1171
f 1164 1170 1171
f 1169 1168 1166
f 1162 1163 1164
f 1163 1170 1164
f 1172 1173 1171
f 1175 1169 1166
f 1164 1171 1184
f 1184 1171 1187
f 1171 1179 1187
f 1171 1173 1179
f 1162 1165 1166
f 1162 1164 1165
f 1184 1178 1164
f 1165 1164 1178
f 1167 1166 1165
f 1175 1166 1176
f 1166 1167 1176
f 1227 1219 1224
f 1225 1219 1227
f 1228 1225 1229
f 1219 1218 1224
f 1228 1222 1225
f 1228 1226 1222
f 1211 1206 1210
f 1225 1222 1219
f 1211 1210 1212
f 1212 1215 1216
f 1222 1220 1219
f 1202 1205 1206
f 1206 1209 1210
f 1209 1213 1210
f 1217 1218 1219
f 1202 1203 1204
f 1210 1213 1212
f 1212 1214 1215
f 1202 1204 1205
f 1213 1214 1212
f 1206 1205 1209
f 1220 1217 1219
f 1222 1223 1220
f 1226 1223 1222
f 1204 1207 1205
f 1220 1221 1217
f 1217 1207 1204
f 1205 1208 1209
f 1221 1207 1217
f 1207 1208 1205
f 1191 1198 1192
f 1192 1194 1193
f 1192 1196 1195
f 1194 1192 1195
f 1191 1200 1198
f 1198 1197 1192
f 1191 1192 1193
f 1192 1197 1196
f 1201 1199 1198
f 1198 1199 1197
f 1232 1235 1230
f 1241 1234 1237
f 1234 1238 1237
f 1237 1238 1239
f 1239 1242 1245
f 1247 1248 1249
f 1241 1246 1234
f 1238 1240 1239
f 1230 1231 1232
f 1239 1240 1242
f 1250 1251 1252
f 1232 1231 1234
f 1234 1231 1238
f 1238 1244 1240
f 1231 1230 1233
f 1231 1244 1238
f 1240 1243 1242
f 1236 1233 1230
f 1253 1254 1255
f 1261 1262 1260
f 1261 1260 1259
f 1259 1260 1257
f 1259 1257 1256
f 1256 1257 1258
f 1256 1258 1263
f 1263 1258 1264
f 1264 1258 1265
f 1276 1277 1278
f 1264 1265 1266
f 1271 1273 1275
f 1271 1272 1273
f 1265 1268 1266
f 1271 1274 1272
f 1268 1269 1266
f 1264 1266 1267
f 1267 1270 1264
f 1409 1403 1309
f 1366 1326 1331
f 1419 1331 1329
f 1366 1325 1326
f 1409 1309 1305
f 1331 1326 1329
f 1403 1308 1309
f 1385 1284 1287
f 1325 1356 1322
f 1326 1325 1324
f 1398 1399 1390
f 1356 1357 1322
f 1357 1287 1283
f 1287 1284 1283
f 1325 1322 1324
f 1398 1390 1388
f 1399 1400 1390
f 1352 1408 1388
f 1309 1308 1304
f 1332 1386 1329
f 1329 1326 1328
f 1305 1309 1304
f 1283 1284 1279
f 1283 1322 1357
f 1413 1302 1284
f 1284 1302 1279
f 1305 1302 1413
f 1305 1304 1302
f 1328 1326 1327
f 1327 1326 1324
f 1352 1345 1350
f 1352 1388 1351
f 1329 1330 1332
f 1327 1324 1323
f 1352 1351 1345
f 1361 1350 1343
f 1329 1328 1330
f 1328 1327 1420
f 1304 1308 1307
f 1388 1390 1389
f 1412 1328 1420
f 1351 1388 1389
f 1350 1345 1343
f 1307 1308 1343
f 1420 1339 1412
f 1332 1330 1333
f 1322 1323 1324
f 1412 1338 1337
f 1396 1397 1395
f 1283 1282 1322
f 1400 1393 1390
f 1400 1396 1393
f 1412 1339 1338
f 1302 1304 1303
f 1397 1402 1401
f 1283 1279 1282
f 1390 1391 1389
f 1323 1322 1282
f 1396 1395 1393
f 1338 1339 1336
f 1337 1338 1336
f 1339 1340 1336
f 1323 1282 1341
f 1397 1401 1395
f 1304 1307 1303
f 1328 1337 1330
f 1341 1282 1285
f 1303 1279 1302
f 1282 1279 1281
f 1390 1392 1391
f 1340 1363 1336
f 1285 1282 1281
f 1343 1342 1307
f 1345 1351 1344
f 1363 1285 1288
f 1344 1351 1389
f 1390 1393 1392
f 1279 1280 1281
f 1343 1345 1344
f 1343 1344 1342
f 1391 1392 1389
f 1337 1336 1330
f 1285 1281 1288
f 1307 1342 1311
f 1303 1307 1310
f 1344 1389 1392
f 1307 1311 1310
f 1336 1288 1364
f 1336 1363 1288
f 1401 1404 1395
f 1401 1416 1404
f 1330 1336 1335
f 1393 1395 1394
f 1279 1303 1306
f 1393 1394 1392
f 1395 1404 1394
f 1333 1330 1334
f 1303 1310 1306
f 1336 1364 1335
f 1335 1364 1410
f 1364 1288 1290
f 1410 1364 1290
f 1346 1371 1347
f 1335 1410 1362
f 1410 1290 1362
f 1330 1335 1334
f 1288 1281 1289
f 1344 1346 1342
f 1346 1347 1342
f 1292 1279 1306
f 1335 1362 1334
f 1279 1292 1280
f 1288 1289 1290
f 1383 1380 1373
f 1347 1371 1372
f 1371 1373 1372
f 1281 1294 1289
f 1321 1334 1362
f 1334 1321 1421
f 1281 1280 1286
f 1321 1362 1316
f 1373 1380 1374
f 1373 1374 1372
f 1362 1290 1316
f 1342 1347 1348
f 1380 1379 1374
f 1281 1286 1294
f 1321 1316 1319
f 1290 1315 1316
f 1316 1317 1319
f 1342 1348 1349
f 1342 1349 1311
f 1280 1292 1286
f 1290 1289 1291
f 1316 1315 1317
f 1306 1310 1295
f 1379 1376 1374
f 1292 1306 1295
f 1349 1348 1353
f 1311 1349 1312
f 1347 1372 1377
f 1290 1291 1315
f 1319 1317 1320
f 1349 1353 1423
f 1292 1295 1293
f 1374 1376 1375
f 1297 1289 1294
f 1292 1293 1286
f 1286 1300 1294
f 1348 1347 1354
f 1317 1315 1318
f 1347 1377 1354
f 1310 1311 1312
f 1348 1354 1355
f 1315 1291 1318
f 1375 1376 1382
f 1374 1375 1372
f 1372 1375 1377
f 1348 1355 1353
f 1294 1298 1297
f 1293 1295 1296
f 1295 1310 1313
f 1377 1375 1378
f 1423 1353 1424
f 1293 1301 1286
f 1310 1312 1313
f 1294 1300 1299
f 1294 1299 1298
f 1377 1378 1411
f 1317 1318 1359
f 1424 1353 1368
f 1353 1355 1368
f 1300 1286 1301
f 1295 1313 1296
f 1318 1291 1365
f 1355 1354 1369
f 1355 1369 1368
f 1354 1377 1405
f 1377 1411 1405
f 1293 1296 1301
f 1378 1375 1381
f 1369 1354 1405
f 1378 1381 1411
f 1417 1298 1367
f 1317 1359 1358
f 1317 1358 1320
f 1359 1318 1360
f 1375 1382 1381
f 1300 1301 1406
f 1300 1406 1299
f 1301 1407 1406
f 1313 1312 1314
f 1296 1313 1314
f 1298 1299 1367
f 1318 1365 1360
f 1296 1314 1387
f 1359 1360 1358
f 1367 1299 1406
f 1360 1365 1414
f 1297 1298 1370
f 1418 1320 1358
f 1301 1296 1387
f 1370 1298 1415
f 1298 1417 1415
f 1367 1406 1422
f 1301 1387 1407
f 1381 1382 1384
f 1417 1367 1415
f 1429 1434 1428
f 1425 1428 1426
f 1426 1428 1433
f 1430 1426 1433
f 1425 1429 1428
f 1426 1430 1427
f 1430 1432 1427
f 1425 1426 1427
f 1431 1429 1425
f 1427 1432 1435
f 1436 1446 1439
f 1448 1443 1444
f 1447 1445 1446
f 1457 1452 1451
f 1452 1455 1454
f 1455 1458 1454
f 1445 1439 1446
f 1443 1436 1438
f 1436 1437 1438
f 1443 1438 1444
f 1436 1439 1437
f 1448 1444 1449
f 1449 1444 1450
f 1451 1452 1453
f 1445 1442 1439
f 1452 1454 1453
f 1439 1442 1441
f 1439 1440 1437
f 1453 1454 1456
f 1439 1441 1440
f 1462 1461 1463
f 1465 1459 1462
f 1463 1464 1473
f 1461 1464 1463
f 1459 1461 1462
f 1465 1471 1459
f 1461 1469 1464
f 1464 1469 1473
f 1459 1460 1461
f 1460 1469 1461
f 1459 1466 1460
f 1473 1469 1474
f 1471 1467 1459
f 1467 1466 1459
f 1470 1467 1471
f 1467 1468 1466
f 1470 1468 1467
f 1468 1470 1472
f 1470 1475 1472
f 1504 1535 1519
f 1504 1519 1490
f 1516 1517 1515
f 1517 1521 1515
f 1519 1531 1511
f 1519 1511 1490
f 1542 1543 1544
f 1534 1504 1491
f 1528 1493 1494
f 1512 1514 1510
f 1504 1490 1491
f 1543 1545 1544
f 1528 1529 1493
f 1531 1512 1511
f 1492 1477 1479
f 1529 1492 1479
f 1512 1510 1511
f 1492 1491 1477
f 1541 1536 1538
f 1514 1513 1510
f 1521 1524 1515
f 1493 1529 1479
f 1494 1493 1483
f 1536 1537 1538
f 1493 1479 1476
f 1510 1513 1509
f 1511 1489 1490
f 1538 1537 1539
f 1537 1540 1539
f 1479 1477 1476
f 1516 1515 1485
f 1516 1485 1518
f 1493 1476 1483
f 1533 1530 1486
f 1511 1510 1489
f 1524 1503 1515
f 1503 1486 1484
f 1509 1513 1508
f 1513 1525 1508
f 1491 1490 1477
f 1490 1489 1477
f 1515 1503 1485
f 1486 1530 1480
f 1486 1480 1484
f 1503 1484 1485
f 1485 1497 1522
f 1483 1476 1480
f 1510 1509 1489
f 1485 1484 1482
f 1485 1482 1497
f 1509 1508 1489
f 1477 1489 1488
f 1507 1489 1508
f 1476 1477 1478
f 1477 1488 1478
f 1522 1497 1498
f 1497 1482 1498
f 1507 1508 1527
f 1505 1489 1506
f 1484 1480 1482
f 1489 1507 1506
f 1488 1495 1478
f 1502 1489 1505
f 1488 1489 1502
f 1476 1478 1480
f 1480 1481 1482
f 1520 1506 1507
f 1520 1507 1527
f 1480 1478 1481
f 1495 1496 1478
f 1498 1482 1500
f 1482 1481 1500
f 1526 1498 1501
f 1501 1498 1500
f 1478 1496 1499
f 1481 1478 1487
f 1496 1532 1499
f 1496 1495 1532
f 1487 1478 1499
f 1487 1499 1523
f 1568 1550 1558
f 1557 1565 1551
f 1558 1550 1546
f 1548 1565 1557
f 1565 1548 1547
f 1565 1547 1551
f 1559 1566 1558
f 1546 1559 1558
f 1546 1550 1549
f 1546 1549 1547
f 1564 1559 1563
f 1559 1546 1563
f 1562 1563 1546
f 1547 1549 1551
f 1551 1549 1552
f 1567 1563 1562
f 1546 1547 1548
f 1551 1552 1553
f 1564 1563 1567
f 1546 1548 1557
f 1557 1551 1556
f 1556 1551 1555
f 1555 1551 1554
f 1551 1553 1554
f 1574 1575 1576
f 1546 1561 1562
f 1561 1546 1557
f 1557 1560 1561
f 1560 1557 1556
f 1561 1560 1569
f 1571 1572 1573
f 1570 1556 1555
f 1619 1588 1585
f 1588 1584 1585
f 1583 1584 1588
f 1584 1579 1585
f 1614 1581 1598
f 1598 1581 1597
f 1581 1580 1597
f 1579 1586 1585
f 1583 1579 1584
f 1625 1580 1620
f 1581 1578 1580
f 1614 1604 1581
f 1577 1579 1583
f 1580 1578 1577
f 1577 1620 1580
f 1583 1620 1577
f 1586 1587 1612
f 1604 1582 1581
f 1579 1587 1586
f 1612 1587 1613
f 1581 1582 1578
f 1577 1578 1579
f 1596 1587 1579
f 1596 1613 1587
f 1578 1595 1579
f 1596 1603 1613
f 1604 1590 1582
f 1578 1594 1595
f 1579 1595 1596
f 1582 1589 1578
f 1591 1594 1578
f 1595 1601 1596
f 1589 1582 1590
f 1594 1602 1595
f 1596 1601 1603
f 1594 1616 1602
f 1595 1602 1601
f 1603 1618 1613
f 1589 1591 1578
f 1594 1591 1616
f 1601 1607 1603
f 1618 1603 1607
f 1602 1605 1601
f 1605 1607 1601
f 1591 1593 1616
f 1590 1592 1589
f 1589 1593 1591
f 1590 1599 1592
f 1616 1615 1602
f 1602 1606 1605
f 1592 1593 1589
f 1593 1622 1616
f 1593 1621 1622
f 1615 1606 1602
f 1599 1611 1592
f 1599 1623 1611
f 1592 1600 1593
f 1607 1617 1618
f 1600 1621 1593
f 1592 1611 1600
f 1606 1608 1605
f 1608 1607 1605
f 1607 1609 1617
f 1600 1624 1621
f 1608 1609 1607
f 1606 1610 1608
f 1630 1631 1632
f 1626 1627 1628
f 1628 1629 1626
f 1636 1633 1635
f 1636 1635 1639
f 1633 1634 1635
f 1633 1637 1634
f 1634 1637 1638
f 1640 1641 1642
f 1643 1644 1645
f 1646 1647 1648
f 1671 1669 1670
f 1670 1669 1666
f 1666 1669 1667
f 1657 1658 1659
f 1666 1660 1668
f 1666 1667 1660
f 1667 1664 1660
f 1666 1668 1672
f 1664 1663 1660
f 1664 1665 1663
f 1668 1660 1662
f 1654 1653 1649
f 1653 1655 1650
f 1663 1661 1660
f 1660 1661 1662
f 1649 1653 1650
f 1650 1655 1651
f 1654 1649 1652
f 1649 1650 1651
f 1652 1649 1651
f 1652 1651 1656
f 1673 1674 1675
f 1676 1677 1678
f 1688 1689 1686
f 1723 1688 1685
f 1690 1729 1707
f 1728 1723 1684
f 1685 1688 1686
f 1729 1690 1689
f 1723 1685 1684
f 1689 1690 1686
f 1725 1761 1748
f 1728 1684 1790
f 1761 1754 1748
f 1707 1725 1706
f 1707 1706 1690
f 1685 1682 1684
f 1725 1748 1732
f 1686 1682 1685
f 1686 1690 1687
f 1790 1684 1763
f 1754 1749 1748
f 1684 1682 1683
f 1732 1706 1725
f 1763 1684 1683
f 1732 1748 1731
f 1686 1687 1682
f 1732 1731 1706
f 1690 1706 1705
f 1749 1746 1748
f 1748 1747 1731
f 1690 1705 1687
f 1748 1746 1747
f 1682 1687 1704
f 1687 1710 1704
f 1683 1762 1763
f 1710 1687 1712
f 1704 1710 1693
f 1704 1679 1682
f 1704 1693 1679
f 1792 1795 1793
f 1687 1705 1712
f 1756 1731 1747
f 1782 1773 1770
f 1762 1683 1681
f 1682 1681 1683
f 1747 1746 1745
f 1796 1792 1794
f 1792 1793 1794
f 1679 1693 1691
f 1731 1756 1730
f 1731 1730 1706
f 1705 1714 1712
f 1706 1708 1705
f 1747 1745 1756
f 1681 1682 1679
f 1714 1705 1708
f 1706 1730 1708
f 1794 1793 1797
f 1797 1793 1798
f 1730 1756 1791
f 1722 1702 1701
f 1773 1771 1770
f 1756 1750 1791
f 1756 1745 1750
f 1746 1744 1745
f 1720 1722 1701
f 1681 1699 1702
f 1783 1776 1780
f 1721 1720 1703
f 1702 1699 1701
f 1679 1691 1680
f 1719 1721 1703
f 1755 1752 1753
f 1752 1751 1753
f 1770 1771 1769
f 1771 1719 1769
f 1679 1680 1681
f 1701 1703 1720
f 1772 1770 1767
f 1780 1776 1777
f 1767 1775 1772
f 1745 1744 1742
f 1691 1692 1680
f 1745 1742 1750
f 1769 1719 1718
f 1751 1752 1750
f 1776 1772 1775
f 1692 1694 1680
f 1719 1703 1718
f 1770 1769 1767
f 1776 1775 1777
f 1681 1680 1699
f 1753 1751 1735
f 1701 1699 1700
f 1751 1736 1735
f 1750 1742 1737
f 1751 1750 1737
f 1769 1718 1760
f 1769 1760 1767
f 1777 1775 1778
f 1701 1700 1703
f 1694 1735 1695
f 1680 1694 1695
f 1718 1703 1717
f 1751 1737 1736
f 1736 1695 1735
f 1680 1697 1699
f 1703 1700 1716
f 1717 1703 1716
f 1760 1718 1717
f 1680 1695 1696
f 1736 1737 1695
f 1778 1775 1779
f 1716 1700 1711
f 1742 1744 1743
f 1700 1699 1697
f 1696 1697 1680
f 1781 1775 1767
f 1700 1697 1711
f 1760 1766 1767
f 1767 1774 1781
f 1767 1768 1774
f 1737 1738 1695
f 1696 1713 1697
f 1742 1741 1737
f 1742 1743 1741
f 1778 1779 1784
f 1734 1696 1698
f 1695 1698 1696
f 1717 1716 1726
f 1779 1775 1781
f 1716 1711 1715
f 1726 1716 1733
f 1787 1778 1785
f 1733 1716 1715
f 1767 1766 1768
f 1697 1764 1727
f 1711 1697 1715
f 1738 1737 1739
f 1784 1779 1789
f 1760 1717 1726
f 1779 1781 1786
f 1766 1760 1765
f 1785 1778 1784
f 1768 1766 1788
f 1781 1774 1786
f 1765 1760 1726
f 1737 1741 1739
f 1741 1743 1739
f 1697 1727 1715
f 1739 1743 1757
f 1740 1724 1695
f 1740 1695 1738
f 1695 1724 1709
f 1698 1695 1709
f 1734 1698 1709
f 1740 1759 1724
f 1740 1738 1758
f 1759 1740 1758
f 1813 1806 1814
f 1813 1804 1806
f 1805 1806 1804
f 1820 1819 1821
f 1805 1804 1799
f 1823 1824 1825
f 1804 1800 1799
f 1820 1816 1819
f 1804 1809 1800
f 1816 1818 1819
f 1820 1822 1816
f 1822 1817 1816
f 1816 1817 1818
f 1809 1810 1800
f 1799 1800 1801
f 1810 1802 1800
f 1800 1802 1801
f 1801 1802 1803
f 1802 1810 1811
f 1812 1811 1810
f 1811 1808 1802
f 1802 1807 1803
f 1802 1808 1807
f 1808 1811 1815
f 1829 1832 1827
f 1829 1827 1826
f 1830 1829 1826
f 1830 1826 1831
f 1834 1831 1826
f 1834 1826 1833
f 1826 1827 1828
f 1826 1828 1833
f 1828 1835 1833
f 1836 1837 1838
f 1839 1836 1838
f 1836 1840 1841
f 1836 1839 1840
f 1840 1843 1841
f 1842 1840 1839
f 1844 1843 1840
f 1845 1846 1847
f 1854 1850 1853
f 1848 1850 1854
f 1848 1849 1850
f 1853 1850 1852
f 1850 1849 1851
f 1850 1851 1852
f 1870 1864 1871
f 1871 1864 1872
f 1870 1865 1864
f 1865 1869 1863
f 1873 1869 1865
f 1872 1864 1866
f 1859 1855 1858
f 1863 1864 1865
f 1864 1863 1866
f 1866 1863 1867
f 1868 1867 1863
f 1869 1868 1863
f 1857 1862 1858
f 1858 1855 1857
f 1859 1860 1855
f 1855 1856 1857
f 1860 1856 1855
f 1860 1861 1856
f 1882 1883 1874
f 1881 1882 1874
f 1881 1874 1880
f 1874 1875 1876
f 1874 1876 1880
f 1876 1875 1877
f 1877 1875 1878
f 1875 1879 1878
f 1886 1885 1888
f 1884 1885 1886
f 1887 1885 1884
f 1887 1884 1889
f 1892 1889 1884
f 1887 1889 1890
f 1890 1889 1891
f 1893 1900 1894
f 1893 1894 1895
f 1898 1899 1897
f 1900 1893 1897
f 1896 1893 1895
f 1898 1897 1896
f 1896 1897 1893
f 1895 1894 1901
f 1901 1894 1902
f 1929 1922 1928
f 1922 1924 1928
f 1922 1923 1924
f 1924 1926 1928
f 1917 1918 1909
f 1909 1910 1906
f 1909 1906 1908
f 1927 1925 1923
f 1923 1925 1924
f 1917 1909 1908
f 1925 1926 1924
f 1917 1908 1916
f 1903 1904 1905
f 1906 1910 1911
f 1906 1907 1908
f 1914 1913 1911
f 1906 1911 1912
f 1911 1913 1912
f 1908 1907 1916
f 1906 1919 1907
f 1913 1915 1912
f 1919 1920 1907
f 1919 1921 1920
f 1936 1931 1935
f 1930 1935 1931
f 1930 1931 1932
f 1933 1930 1932
f 1934 1933 1932
f 1952 1953 1954
f 1940 1938 1937
f 1956 1955 1953
f 1938 1945 1939
f 1937 1938 1939
f 1953 1955 1954
f 1938 1947 1945
f 1947 1950 1948
f 1945 1947 1946
f 1947 1948 1946
f 1946 1948 1949
f 1951 1949 1948
f 1939 1945 1944
f 1945 1946 1944
f 1955 1957 1954
f 1937 1939 1941
f 1939 1944 1941
f 1937 1941 1942
f 1943 1937 1942
f 1962 1963 1964
f 1958 1960 1961
f 1958 1959 1960
f 1969 1966 1965
f 1972 1966 1971
f 1966 1969 1971
f 1969 1965 1970
f 1971 1969 1970
f 1966 1968 1967
f 1965 1966 1967
f 1968 1973 1967
f 1967 1973 1974
f 1977 1980 1975
f 1975 1976 1977
f 1977 1976 1978
f 1975 1981 1976
f 1976 1979 1978
f 1982 1983 1984
f 1985 1986 1987
f 1988 1989 1990
f 2043 2035 2044
f 2044 2035 2045
f 2035 2043 2032
f 2045 2035 2046
f 2032 2033 2034
f 2035 2032 2034
f 1991 1992 1993
f 2040 2036 2033
f 2033 2036 2034
f 2040 2041 2036
f 2040 2047 2042
f 2042 2041 2040
f 2010 2009 2001
f 2010 2001 2000
f 2028 2027 2031
f 2029 2028 2030
f 2028 2031 2030
f 2036 2037 2034
f 2009 2004 2001
f 2001 1994 2000
f 2028 2026 2027
f 2027 2026 2019
f 2041 2037 2036
f 2000 1994 1999
f 2029 2018 2028
f 2028 2018 2026
f 2019 2026 2018
f 2034 2037 2038
f 2001 2004 2002
f 2018 2014 2019
f 1999 1994 1998
f 2001 2002 1994
f 2015 2014 2018
f 2038 2037 2039
f 2014 2016 2019
f 2014 2015 2016
f 1998 1994 1997
f 2015 2017 2016
f 2016 2017 2020
f 2002 2003 1994
f 1997 1994 1996
f 1994 1995 1996
f 2005 2003 2002
f 1994 2003 1995
f 2017 2021 2020
f 1996 2006 2008
f 1996 1995 2006
f 2024 2022 2021
f 1995 2003 2006
f 2005 2013 2003
f 2021 2022 2020
f 2003 2007 2006
f 2013 2007 2003
f 2006 2007 2011
f 2024 2025 2022
f 2008 2006 2011
f 2022 2023 2020
f 2012 2008 2011
f 2022 2025 2023
f 2048 2049 2050
f 2065 2064 2067
f 2064 2065 2066
f 2069 2071 2070
f 2068 2069 2070
f 2057 2056 2055
f 2055 2059 2058
f 2057 2055 2058
f 2051 2052 2053
f 2061 2054 2056
f 2062 2054 2061
f 2063 2060 2054
f 2054 2060 2055
f 2062 2063 2054
f 2054 2055 2056
f 2072 2073 2074
f 2075 2076 2077
f 2095 2096 2097
f 2086 2083 2079
f 2083 2082 2079
f 2082 2083 2089
f 2086 2085 2091
f 2090 2091 2092
f 2093 2090 2092
f 2092 2091 2085
f 2085 2078 2092
f 2085 2079 2078
f 2079 2082 2081
f 2093 2092 2088
f 2093 2088 2094
f 2092 2078 2088
f 2078 2079 2080
f 2079 2081 2080
f 2078 2080 2088
f 2088 2080 2087
f 2094 2088 2087
f 2081 2084 2080
f 2080 2084 2087
f 2098 2099 2100
f 2106 2101 2103
f 2112 2113 2114
f 2108 2111 2109
f 2115 2112 2114
f 2101 2102 2103
f 2103 2102 2104
f 2108 2109 2110
f 2106 2107 2101
f 2104 2102 2105
f 2119 2116 2120
f 2121 2117 2119
f 2119 2117 2116
f 2121 2122 2117
f 2116 2117 2118
f 2122 2123 2117
f 2123 2124 2117
f 2118 2125 2126
f 2117 2125 2118
f 2117 2124 2125
f 2124 2127 2125
f 2132 2128 2130
f 2128 2129 2130
f 2131 2129 2128
f 2131 2133 2129
f 2142 2141 2137
f 2137 2141 2135
f 2137 2135 2134
f 2141 2144 2135
f 2144 2143 2135
f 2134 2135 2136
f 2134 2136 2138
f 2135 2143 2140
f 2136 2135 2140
f 2138 2136 2139
f 2139 2136 2140
f 2153 2148 2154
f 2153 2147 2148
f 2145 2147 2153
f 2145 2146 2147
f 2147 2146 2148
f 2146 2155 2148
f 2152 2149 2151
f 2151 2149 2145
f 2149 2146 2145
f 2148 2155 2157
f 2149 2150 2146
f 2152 2156 2149
f 2150 2155 2146
f 2171 2168 2170
f 2168 2171 2169
f 2168 2169 2167
f 2159 2170 2160
f 2170 2168 2160
f 2168 2167 2166
f 2158 2159 2160
f 2172 2161 2173
f 2161 2172 2163
f 2160 2168 2166
f 2161 2163 2158
f 2161 2158 2160
f 2161 2175 2173
f 2165 2167 2174
f 2161 2160 2162
f 2161 2162 2175
f 2166 2167 2165
f 2160 2166 2165
f 2160 2164 2162
f 2160 2165 2164
f 2193 2192 2187
f 2206 2205 2194
f 2192 2194 2191
f 2176 2179 2180
f 2195 2191 2194
f 2192 2191 2187
f 2196 2195 2194
f 2205 2196 2194
f 2195 2196 2197
f 2176 2178 2179
f 2183 2184 2185
f 2195 2188 2191
f 2191 2188 2187
f 2190 2187 2189
f 2205 2200 2196
f 2187 2188 2189
f 2184 2186 2185
f 2202 2201 2204
f 2197 2201 2202
f 2176 2177 2178
f 2176 2181 2177
f 2200 2199 2196
f 2196 2199 2198
f 2196 2198 2197
f 2181 2182 2177
f 2201 2207 2208
f 2197 2198 2201
f 2198 2203 2201
f 2203 2207 2201
f 2209 2212 2210
f 2209 2210 2211
f 2209 2211 2213
f 2219 2215 2220
f 2220 2215 2217
f 2217 2215 2214
f 2215 2219 2218
f 2214 2215 2216
f 2216 2215 2218
f 2216 2218 2221
f 2230 2226 2224
f 2226 2225 2224
f 2225 2222 2224
f 2230 2232 2233
f 2228 2230 2224
f 2228 2224 2223
f 2222 2223 2224
f 2230 2231 2232
f 2230 2228 2231
f 2233 2232 2231
f 2228 2223 2229
f 2228 2229 2231
f 2234 2233 2231
f 2222 2227 2223
f 2241 2242 2238
f 2244 2243 2242
f 2241 2238 2240
f 2244 2245 2243
f 2248 2245 2244
f 2242 2243 2238
f 2248 2249 2245
f 2254 2255 2256
f 2238 2239 2240
f 2240 2239 2247
f 2245 2246 2243
f 2245 2249 2250
f 2235 2236 2237
f 2253 2249 2248
f 2253 2252 2249
f 2249 2252 2251
f 2251 2250 2249
f 2269 2266 2268
f 2268 2261 2264
f 2261 2259 2264
f 2266 2261 2268
f 2260 2258 2262
f 2257 2261 2266
f 2260 2259 2258
f 2266 2267 2257
f 2261 2257 2259
f 2257 2258 2259
f 2258 2263 2262
f 2258 2265 2263
f 2336 2314 2328
f 2270 2271 2272
f 2273 2272 2271
f 2289 2273 2271
f 2328 2314 2316
f 2338 2316 2330
f 2419 2393 2417
f 2305 2314 2336
f 2446 2447 2448
f 2330 2316 2323
f 2363 2358 2354
f 2289 2288 2273
f 2323 2324 2330
f 2314 2315 2316
f 2305 2306 2314
f 2306 2309 2314
f 2273 2274 2272
f 2288 2287 2275
f 2479 2480 2481
f 2420 2418 2388
f 2418 2417 2388
f 2393 2394 2386
f 2386 2394 2395
f 2395 2400 2383
f 2423 2359 2363
f 2417 2393 2387
f 2387 2393 2386
f 2292 2304 2303
f 2349 2422 2348
f 2422 2355 2348
f 2289 2329 2288
f 2287 2329 2340
f 2414 2412 2360
f 2287 2286 2275
f 2287 2340 2286
f 2359 2358 2363
f 2309 2315 2314
f 2398 2392 2381
f 2288 2329 2287
f 2288 2275 2273
f 2462 2464 2466
f 2412 2411 2360
f 2417 2387 2388
f 2386 2395 2383
f 2343 2304 2292
f 2421 2398 2381
f 2315 2323 2316
f 2350 2329 2289
f 2391 2390 2392
f 2402 2389 2391
f 2392 2390 2368
f 2392 2368 2381
f 2389 2388 2385
f 2273 2275 2274
f 2457 2461 2458
f 2285 2276 2275
f 2360 2411 2341
f 2412 2413 2411
f 2388 2387 2385
f 2385 2387 2386
f 2384 2400 2401
f 2298 2290 2332
f 2361 2349 2350
f 2354 2358 2353
f 2305 2297 2301
f 2301 2306 2305
f 2421 2381 2396
f 2389 2390 2391
f 2389 2385 2390
f 2390 2385 2368
f 2457 2458 2459
f 2275 2286 2285
f 2291 2292 2303
f 2400 2384 2383
f 2333 2297 2339
f 2270 2296 2333
f 2339 2297 2305
f 2296 2297 2333
f 2307 2306 2301
f 2301 2313 2307
f 2306 2308 2309
f 2470 2471 2472
f 2348 2355 2351
f 2348 2351 2347
f 2274 2283 2272
f 2276 2274 2275
f 2311 2326 2312
f 2286 2292 2285
f 2409 2362 2411
f 2285 2292 2291
f 2354 2355 2364
f 2349 2345 2350
f 2348 2345 2349
f 2345 2329 2350
f 2359 2357 2358
f 2307 2308 2306
f 2475 2476 2473
f 2351 2352 2347
f 2352 2360 2347
f 2272 2283 2294
f 2341 2411 2362
f 2384 2401 2380
f 2332 2284 2298
f 2362 2407 2424
f 2362 2424 2342
f 2272 2294 2296
f 2313 2301 2293
f 2353 2352 2351
f 2283 2274 2277
f 2292 2286 2343
f 2276 2290 2298
f 2354 2351 2355
f 2357 2353 2358
f 2353 2351 2354
f 2315 2321 2323
f 2323 2321 2324
f 2348 2347 2345
f 2335 2324 2321
f 2307 2310 2308
f 2459 2458 2460
f 2347 2360 2341
f 2300 2307 2313
f 2385 2377 2368
f 2307 2311 2310
f 2310 2311 2312
f 2300 2327 2311
f 2340 2344 2286
f 2410 2406 2409
f 2408 2374 2406
f 2386 2383 2377
f 2285 2290 2276
f 2383 2384 2378
f 2362 2342 2341
f 2404 2405 2374
f 2303 2290 2291
f 2424 2346 2342
f 2296 2295 2297
f 2293 2300 2313
f 2462 2467 2463
f 2300 2311 2307
f 2385 2386 2377
f 2406 2362 2409
f 2377 2383 2378
f 2285 2291 2290
f 2276 2298 2278
f 2298 2284 2278
f 2337 2279 2331
f 2403 2415 2404
f 2296 2294 2295
f 2295 2301 2297
f 2295 2293 2301
f 2308 2318 2309
f 2320 2321 2315
f 2357 2365 2356
f 2357 2356 2353
f 2356 2352 2353
f 2347 2341 2345
f 2345 2340 2329
f 2294 2283 2281
f 2283 2277 2281
f 2378 2384 2380
f 2406 2407 2362
f 2374 2405 2406
f 2406 2405 2407
f 2401 2382 2380
f 2346 2304 2343
f 2345 2344 2340
f 2369 2379 2416
f 2416 2376 2372
f 2325 2334 2299
f 2279 2337 2302
f 2404 2374 2403
f 2294 2293 2295
f 2320 2322 2321
f 2294 2281 2293
f 2345 2341 2344
f 2408 2371 2374
f 2276 2277 2274
f 2276 2278 2277
f 2344 2343 2286
f 2380 2382 2379
f 2284 2331 2279
f 2396 2367 2399
f 2318 2317 2309
f 2309 2317 2315
f 2315 2319 2320
f 2366 2356 2365
f 2366 2370 2356
f 2462 2463 2464
f 2377 2369 2368
f 2467 2469 2468
f 2449 2453 2450
f 2377 2378 2369
f 2372 2374 2371
f 2416 2372 2369
f 2378 2379 2369
f 2277 2279 2280
f 2277 2278 2279
f 2378 2380 2379
f 2278 2284 2279
f 2342 2346 2343
f 2375 2403 2374
f 2381 2367 2396
f 2381 2368 2367
f 2315 2317 2319
f 2369 2370 2366
f 2370 2371 2373
f 2372 2371 2369
f 2281 2280 2293
f 2293 2280 2300
f 2281 2277 2280
f 2280 2299 2300
f 2341 2343 2344
f 2341 2342 2343
f 2280 2279 2282
f 2282 2325 2299
f 2376 2375 2372
f 2372 2375 2374
f 2376 2397 2375
f 2279 2302 2282
f 2282 2302 2325
f 2397 2403 2375
f 2367 2366 2365
f 2368 2366 2367
f 2474 2478 2475
f 2369 2366 2368
f 2370 2369 2371
f 2282 2299 2280
f 2473 2474 2475
f 2463 2467 2468
f 2445 2440 2429
f 2473 2477 2474
f 2445 2429 2432
f 2444 2443 2438
f 2440 2437 2429
f 2432 2431 2433
f 2432 2426 2431
f 2437 2439 2427
f 2463 2465 2464
f 2451 2452 2456
f 2451 2450 2452
f 2442 2444 2438
f 2437 2427 2429
f 2429 2426 2432
f 2454 2451 2455
f 2431 2434 2433
f 2454 2449 2451
f 2455 2451 2456
f 2449 2450 2451
f 2427 2426 2429
f 2431 2426 2430
f 2430 2438 2441
f 2438 2443 2441
f 2431 2435 2434
f 2441 2436 2430
f 2439 2425 2427
f 2430 2435 2431
f 2430 2436 2435
f 2442 2438 2428
f 2425 2426 2427
f 2426 2428 2430
f 2428 2438 2430
f 2442 2428 2425
f 2425 2428 2426
f 2494 2492 2491
f 2485 2489 2482
f 2485 2484 2487
f 2485 2482 2484
f 2491 2492 2493
f 2482 2483 2484
f 2495 2493 2492
f 2487 2486 2490
f 2487 2484 2486
f 2484 2483 2486
f 2486 2483 2488
f 2502 2496 2500
f 2505 2504 2499
f 2504 2503 2499
f 2499 2503 2497
f 2499 2497 2496
f 2496 2498 2500
f 2511 2510 2504
f 2501 2498 2506
f 2501 2500 2498
f 2504 2510 2503
f 2496 2497 2498
f 2503 2508 2497
f 2501 2506 2507
f 2512 2498 2497
f 2508 2503 2510
f 2509 2498 2512
f 2506 2498 2509
f 2516 2514 2517
f 2516 2515 2514
f 2513 2514 2515
f 2519 2514 2513
f 2517 2514 2518
f 2519 2518 2514
f 2520 2521 2522
f 2603 2602 2601
f 2605 2606 2607
f 2591 2550 2589
f 2591 2590 2550
f 2574 2563 2576
f 2588 2569 2570
f 2604 2602 2603
f 2606 2608 2607
f 2601 2602 2551
f 2575 2555 2556
f 2592 2538 2547
f 2592 2585 2538
f 2576 2563 2564
f 2576 2564 2567
f 2604 2529 2602
f 2599 2591 2589
f 2550 2549 2589
f 2550 2544 2549
f 2572 2568 2571
f 2572 2571 2523
f 2602 2529 2551
f 2556 2555 2553
f 2569 2568 2570
f 2570 2568 2572
f 2589 2549 2593
f 2531 2529 2604
f 2529 2532 2551
f 2551 2532 2535
f 2577 2551 2535
f 2557 2556 2553
f 2526 2552 2534
f 2559 2575 2556
f 2528 2587 2533
f 2535 2533 2536
f 2590 2546 2550
f 2571 2526 2523
f 2558 2556 2557
f 2536 2584 2580
f 2599 2589 2594
f 2548 2546 2590
f 2565 2562 2574
f 2570 2539 2588
f 2563 2561 2564
f 2546 2544 2550
f 2525 2531 2604
f 2560 2558 2557
f 2559 2556 2558
f 2535 2532 2533
f 2573 2528 2527
f 2536 2580 2535
f 2586 2547 2548
f 2576 2567 2569
f 2588 2539 2585
f 2585 2539 2538
f 2562 2563 2574
f 2565 2560 2562
f 2562 2561 2563
f 2567 2564 2566
f 2560 2561 2562
f 2570 2572 2537
f 2538 2530 2540
f 2544 2545 2549
f 2572 2523 2537
f 2557 2566 2564
f 2564 2561 2557
f 2530 2523 2525
f 2531 2524 2529
f 2584 2582 2580
f 2548 2542 2546
f 2542 2544 2546
f 2538 2537 2530
f 2549 2545 2593
f 2554 2571 2568
f 2537 2523 2530
f 2545 2600 2596
f 2560 2557 2561
f 2523 2524 2525
f 2525 2524 2531
f 2528 2532 2529
f 2529 2524 2528
f 2534 2527 2526
f 2527 2528 2524
f 2528 2533 2532
f 2553 2555 2552
f 2547 2542 2548
f 2538 2542 2547
f 2538 2540 2542
f 2570 2537 2539
f 2593 2545 2595
f 2530 2525 2540
f 2566 2557 2554
f 2545 2596 2595
f 2595 2596 2598
f 2543 2545 2544
f 2554 2526 2571
f 2557 2553 2554
f 2523 2526 2524
f 2577 2535 2578
f 2583 2578 2581
f 2526 2527 2524
f 2553 2552 2526
f 2535 2580 2578
f 2580 2581 2578
f 2580 2582 2581
f 2589 2593 2594
f 2593 2595 2594
f 2594 2595 2597
f 2537 2538 2539
f 2540 2541 2542
f 2540 2525 2541
f 2541 2543 2542
f 2542 2543 2544
f 2554 2553 2526
f 2577 2578 2579
f 2579 2578 2583
f 2569 2567 2568
f 2567 2554 2568
f 2566 2554 2567
f 2612 2610 2609
f 2612 2613 2610
f 2615 2616 2617
f 2615 2609 2611
f 2615 2611 2616
f 2609 2610 2611
f 2613 2614 2610
f 2610 2614 2611
f 2618 2619 2620
f 2624 2625 2626
f 2622 2619 2618
f 2623 2622 2618
f 2618 2620 2621
f 2639 2637 2636
f 2632 2628 2627
f 2627 2628 2629
f 2627 2629 2634
f 2636 2637 2638
f 2629 2635 2634
f 2629 2631 2635
f 2628 2630 2629
f 2630 2631 2629
f 2637 2640 2638
f 2628 2633 2630
f 2644 2643 2642
f 2641 2642 2643
f 2641 2645 2642
f 2653 2652 2651
f 2658 2649 2650
f 2650 2649 2648
f 2646 2647 2648
f 2646 2651 2647
f 2647 2654 2655
f 2651 2652 2647
f 2647 2652 2654
f 2649 2646 2648
f 2647 2655 2648
f 2651 2657 2653
f 2650 2648 2656
f 2648 2655 2656
