# normalized by imagery/landmark3d.py: Z-up -> Y-up, geometry only
v -0.164730 0.382270 0.042791
v -0.166103 0.391715 0.042237
v -0.170471 0.389313 0.013137
v -0.157019 0.385697 0.078889
v -0.169214 0.408389 0.096998
v -0.170533 0.403891 0.020655
v -0.141688 0.367292 0.055083
v -0.146174 0.365781 0.080156
v -0.129833 0.343571 0.057361
v -0.162098 0.386377 0.097033
v -0.150027 0.361081 0.095550
v -0.154851 0.379853 0.033123
v -0.162721 0.371018 0.011887
v -0.174684 0.375948 -0.004935
v -0.171339 0.357020 -0.014336
v -0.179950 0.368278 -0.028845
v -0.164735 0.343255 -0.032160
v -0.152103 0.332311 -0.015675
v -0.139457 0.291172 -0.024689
v -0.141000 0.310399 -0.006319
v -0.173408 0.373029 -0.054756
v -0.177462 0.381931 -0.025852
v -0.145611 0.355087 0.000384
v -0.122623 0.352316 0.039793
v -0.133260 0.372818 0.033807
v -0.122860 0.357116 0.022495
v -0.138542 0.371673 0.021170
v -0.119767 0.341197 0.021525
v -0.121659 0.339884 0.000654
v -0.114665 0.336009 0.012372
v -0.122091 0.335800 0.039239
v -0.166414 0.390529 -0.010803
v -0.165257 0.392215 -0.041115
v -0.168013 0.410882 -0.032864
v -0.166775 0.433791 0.009698
v -0.167946 0.420074 -0.095987
v -0.170427 0.455467 -0.030199
v -0.172103 0.453392 -0.128909
v -0.167468 0.429255 -0.143481
v -0.174315 0.455366 -0.181990
v -0.169652 0.426462 -0.182132
v -0.173317 0.455480 0.084790
v -0.170446 0.441548 0.120206
v -0.164069 0.412750 0.065722
v -0.170503 0.422387 0.135750
v -0.168021 0.397169 0.119223
v -0.166917 0.405814 0.139088
v -0.171340 0.391394 -0.057323
v -0.171549 0.391305 -0.080863
v -0.167843 0.397205 -0.120663
v -0.170679 0.404219 -0.177622
v -0.172015 0.376615 -0.042335
v -0.172107 0.429298 -0.193296
v -0.180342 0.458802 -0.197768
v -0.181115 0.459324 0.141334
v -0.177574 0.457551 0.148282
v -0.162477 0.380131 -0.096187
v -0.182374 0.468140 0.149108
v -0.181466 0.466936 0.100484
v -0.181729 0.458436 0.115361
v -0.181452 0.458263 0.035696
v -0.183027 0.467087 0.014250
v -0.179734 0.458126 -0.067958
v -0.184658 0.468355 -0.099001
v -0.186481 0.469224 -0.182640
v -0.179593 0.467987 -0.202247
v -0.193021 0.480801 -0.155123
v -0.198384 0.487367 -0.216503
v -0.162169 0.390245 -0.148968
v -0.193530 0.480774 -0.048699
v -0.186901 0.471125 -0.213064
v -0.192056 0.479740 0.090520
v -0.190276 0.470807 0.127948
v -0.190910 0.479427 0.159268
v -0.187931 0.470356 0.157600
v -0.164128 0.404486 -0.190680
v -0.163298 0.392379 0.024864
v -0.207627 0.490667 0.055171
v -0.217286 0.497246 -0.060716
v -0.209716 0.491107 -0.114482
v -0.204641 0.488806 0.143787
v -0.214149 0.494103 -0.192847
v -0.215634 0.500550 0.117852
v -0.218582 0.499580 -0.155481
v -0.196010 0.487909 0.172705
v -0.214649 0.495759 0.178428
v -0.219837 0.499548 0.045514
v -0.212438 0.498294 -0.218692
v -0.148484 0.396551 0.134255
v 0.011925 0.502165 0.097800
v -0.064883 0.502164 0.018465
v -0.090824 0.502140 0.128426
v -0.032745 0.501963 0.168442
v 0.056813 0.501897 0.171819
v 0.116328 0.501997 0.157945
v 0.069861 0.502164 0.049960
v 0.167302 0.502128 0.084908
v 0.103133 0.502166 -0.030530
v 0.198921 0.501844 -0.006113
v 0.148959 0.502173 -0.101731
v 0.098599 0.502200 -0.181504
v -0.006833 0.502161 -0.087062
v 0.178941 0.502131 -0.184955
v 0.197050 0.501975 -0.100445
v -0.018407 0.502176 -0.171804
v -0.136284 0.502177 -0.014335
v -0.103264 0.502169 -0.124997
v -0.179621 0.502148 -0.108142
v -0.123819 0.502195 -0.204857
v -0.202003 0.502084 -0.201200
v -0.158087 0.502169 0.081253
v -0.188750 0.502126 0.000094
v -0.168482 0.501869 0.166900
v -0.215634 0.500550 0.117852
v 0.176828 0.500707 0.164788
v -0.000296 0.501087 -0.218796
v 0.092536 0.500889 -0.218839
v 0.172018 0.500110 -0.218856
v 0.164673 0.499776 0.184911
v 0.214781 0.498852 -0.210236
v -0.074007 0.498891 0.186051
v -0.149564 0.497603 0.185464
v 0.054945 0.499806 0.187441
v 0.218001 0.499073 0.040897
v 0.215251 0.498486 0.105211
v -0.199815 0.498553 0.185303
v -0.219837 0.499548 0.045514
v -0.218582 0.499580 -0.155481
v -0.217286 0.497246 -0.060716
v -0.144133 0.500429 -0.219258
v 0.214059 0.495801 -0.154792
v 0.218562 0.498470 -0.073138
v 0.197996 0.502005 0.113161
v 0.177246 0.502179 0.112793
v 0.175098 0.502179 0.112793
v 0.172412 0.502179 0.112793
v -0.212438 0.498294 -0.218692
v -0.214649 0.495759 0.178428
v 0.197284 0.496810 0.154624
v 0.183578 0.495614 0.181904
v -0.214149 0.494103 -0.192847
v -0.000735 0.496288 0.188663
v 0.054945 0.499806 0.187441
v 0.136101 0.495298 0.186734
v 0.164673 0.499776 0.184911
v 0.183578 0.495614 0.181904
v 0.076296 0.489597 0.175947
v -0.007147 0.479540 0.160589
v 0.106232 0.477676 0.158098
v 0.157241 0.481781 0.164984
v -0.000735 0.496288 0.188663
v -0.080999 0.488535 0.173299
v -0.142521 0.482101 0.162423
v -0.149564 0.497603 0.185464
v -0.196010 0.487909 0.172705
v -0.190910 0.479427 0.159268
v -0.074007 0.498891 0.186051
v -0.199815 0.498553 0.185303
v -0.214649 0.495759 0.178428
v 0.187513 0.484129 0.158426
v 0.129247 0.468096 0.153695
v 0.177708 0.470028 0.153900
v -0.148635 0.469989 0.156201
v -0.032641 0.469015 0.155715
v 0.051623 0.468479 0.155125
v 0.077617 0.465877 0.150112
v -0.187931 0.470356 0.157600
v 0.197284 0.496810 0.154624
v -0.033578 0.370961 -0.192272
v -0.046566 0.386255 -0.195575
v -0.016578 0.383374 -0.194291
v -0.009008 0.363903 -0.198564
v 0.000509 0.381924 -0.196727
v 0.010898 0.372034 -0.197423
v -0.035618 0.397672 -0.191768
v -0.063668 0.402521 -0.192827
v 0.006061 0.410667 -0.192228
v -0.125484 0.410480 -0.192175
v -0.073653 0.434931 -0.191327
v 0.026719 0.437074 -0.190991
v 0.131342 0.427248 -0.192012
v 0.092931 0.404672 -0.193543
v 0.147230 0.406600 -0.193533
v 0.160663 0.423205 -0.191966
v -0.143945 0.437654 -0.191777
v -0.164128 0.404486 -0.190680
v 0.053494 0.391016 -0.191895
v 0.023985 0.390230 -0.191318
v -0.172107 0.429298 -0.193296
v 0.109363 0.455848 -0.195861
v 0.165622 0.455664 -0.197529
v -0.094600 0.455513 -0.194588
v -0.002549 0.454411 -0.194703
v -0.137032 0.394222 -0.188620
v -0.098570 0.393616 -0.186891
v -0.068981 0.380631 -0.189033
v 0.005617 0.390698 -0.186582
v -0.145680 0.458123 -0.201596
v -0.180342 0.458802 -0.197768
v -0.154144 0.467257 -0.205160
v -0.103909 0.468966 -0.204280
v -0.038460 0.460066 -0.202814
v -0.021049 0.468346 -0.201704
v 0.021807 0.466840 -0.201242
v -0.179593 0.467987 -0.202247
v -0.152213 0.395736 -0.187252
v 0.168913 0.463193 -0.202950
v 0.144246 0.466579 -0.203553
v 0.067771 0.463755 -0.204784
v 0.032001 0.386648 -0.196999
v -0.019057 0.390838 -0.184895
v -0.079411 0.382128 -0.178765
v 0.133913 0.470042 -0.213875
v 0.042731 0.476699 -0.217742
v 0.132979 0.487133 -0.218970
v 0.092536 0.500889 -0.218839
v -0.000296 0.501087 -0.218796
v -0.069913 0.485395 -0.218862
v 0.181795 0.473382 -0.215561
v 0.192646 0.489165 -0.217831
v 0.172018 0.500110 -0.218856
v -0.062720 0.470062 -0.214225
v -0.164560 0.478011 -0.217827
v -0.144133 0.500429 -0.219258
v -0.212438 0.498294 -0.218692
v -0.198384 0.487367 -0.216503
v -0.186901 0.471125 -0.213064
v 0.022177 0.470056 -0.214620
v 0.214781 0.498852 -0.210236
v -0.164051 0.396136 -0.175821
v -0.165165 0.388700 -0.183512
v -0.151450 0.385127 -0.196242
v -0.139210 0.375583 -0.201483
v -0.144981 0.360698 -0.198012
v -0.160369 0.368539 -0.181399
v -0.148739 0.347321 -0.186146
v -0.166497 0.348303 -0.167114
v -0.176615 0.362207 -0.161526
v -0.173338 0.385787 -0.163162
v -0.133643 0.351865 -0.176209
v -0.134769 0.354158 -0.193095
v -0.126879 0.374146 -0.190132
v -0.109819 0.363893 -0.168196
v -0.112523 0.385430 -0.176614
v -0.080794 0.365000 -0.157698
v -0.082610 0.333639 -0.147882
v -0.075099 0.347322 -0.145852
v -0.066464 0.347222 -0.137565
v -0.072308 0.328332 -0.146667
v -0.081830 0.293214 -0.136318
v -0.054052 0.338313 -0.145849
v -0.107197 0.267926 -0.108664
v -0.098004 0.259129 -0.122509
v -0.112681 0.262160 -0.114005
v -0.104936 0.243505 -0.121851
v -0.096307 0.233829 -0.119753
v -0.076086 0.266349 -0.133279
v -0.070312 0.235852 -0.138738
v -0.053352 0.260247 -0.144323
v -0.052103 0.295350 -0.145467
v -0.045441 0.233820 -0.152332
v -0.098172 0.306783 -0.131419
v -0.101096 0.342171 -0.143095
v -0.070520 0.296114 -0.147544
v -0.037065 0.270515 -0.148023
v -0.072800 0.318056 -0.154507
v -0.056044 0.326672 -0.156535
v -0.112581 0.234071 -0.103810
v -0.043441 0.324671 -0.153235
v -0.043332 0.302780 -0.142532
v -0.025929 0.282248 -0.155526
v -0.000313 0.251930 -0.156574
v -0.012877 0.304271 -0.163477
v -0.036115 0.316295 -0.163272
v 0.007513 0.292054 -0.160262
v 0.012542 0.324305 -0.161641
v 0.026724 0.316578 -0.162856
v 0.020236 0.265488 -0.154593
v 0.033160 0.254069 -0.160019
v 0.030609 0.230976 -0.161035
v 0.007706 0.230948 -0.158488
v -0.022404 0.237891 -0.157070
v -0.032272 0.264297 -0.159128
v -0.032566 0.244516 -0.163332
v -0.047555 0.251989 -0.156620
v -0.081830 0.293214 -0.136318
v -0.072308 0.328332 -0.146667
v -0.072800 0.318056 -0.154507
v 0.019258 -0.426696 -0.023279
v -0.059844 -0.426695 -0.080028
v 0.024359 -0.426759 -0.116942
v -0.070941 -0.426707 0.063035
v -0.180041 -0.426929 0.086061
v -0.136892 -0.426742 -0.011816
v -0.133114 -0.426603 0.139601
v -0.039091 -0.426603 0.139243
v 0.056802 -0.426702 0.051015
v 0.081413 -0.426607 0.133054
v 0.157318 -0.426633 0.091314
v 0.159446 -0.426574 0.138759
v 0.131001 -0.426697 -0.042631
v 0.128633 -0.426792 -0.130993
v 0.052137 -0.426790 -0.192427
v -0.028468 -0.426731 -0.182022
v -0.118413 -0.426750 -0.178341
v -0.132628 -0.426740 -0.105886
v -0.192423 -0.425596 -0.008254
v 0.128657 -0.425806 -0.206838
v 0.167617 -0.426437 -0.163389
v 0.173936 -0.424982 0.068907
v 0.175688 -0.424299 -0.060778
v -0.043073 -0.424826 -0.218065
v -0.192337 -0.424594 0.147167
v -0.194538 -0.424190 0.103244
v -0.186729 -0.423110 -0.103208
v -0.186111 -0.422943 -0.170919
v -0.169172 -0.426347 -0.207785
v 0.064152 -0.422675 -0.221221
v -0.120505 -0.421119 -0.218325
v 0.177876 -0.419375 -0.210998
v 0.030763 -0.424355 0.148348
v 0.135216 -0.423820 0.148883
v 0.180093 -0.423301 -0.161483
v -0.187125 -0.420511 -0.213042
v 0.173020 -0.421833 0.146956
v -0.061019 -0.423171 0.149088
v 0.126151 -0.417454 -0.224811
v -0.195178 -0.417813 -0.188796
v -0.154693 -0.421522 0.149624
v -0.103909 0.468966 -0.204280
v -0.062720 0.470062 -0.214225
v -0.021049 0.468346 -0.201704
v 0.022177 0.470056 -0.214620
v -0.154144 0.467257 -0.205160
v -0.164560 0.478011 -0.217827
v -0.186901 0.471125 -0.213064
v -0.187931 0.470356 0.157600
v -0.190276 0.470807 0.127948
v -0.182374 0.468140 0.149108
v -0.181466 0.466936 0.100484
v -0.032641 0.469015 0.155715
v 0.014718 0.466596 0.149107
v 0.051623 0.468479 0.155125
v 0.054779 0.469886 0.147045
v -0.020352 0.470258 0.080887
v 0.044609 0.470363 0.117438
v -0.051415 0.470298 0.123351
v -0.044043 0.470264 0.099902
v -0.076212 0.470224 0.069555
v -0.044043 0.470264 0.094531
v -0.157857 0.470093 0.124546
v -0.112408 0.470164 0.017037
v -0.109866 0.470099 0.139841
v -0.044043 0.470264 0.097754
v 0.105162 0.470334 0.108009
v 0.142882 0.469606 0.144851
v 0.168247 0.469137 0.105324
v 0.056345 0.470274 0.065195
v 0.051562 0.470325 0.102051
v 0.056934 0.470325 0.102051
v 0.106128 0.470223 -0.017794
v 0.054785 0.470325 0.102051
v 0.162848 0.466436 0.014195
v 0.164309 0.468907 -0.045493
v -0.154381 0.468649 0.148291
v -0.174737 0.468004 0.150464
v -0.176871 0.465888 0.047724
v -0.172580 0.464620 -0.020231
v 0.162581 0.465126 0.085709
v 0.182391 0.470331 0.101992
v 0.177708 0.470028 0.153900
v 0.169381 0.469025 0.045605
v 0.181162 0.469919 -0.009668
v 0.129247 0.468096 0.153695
v 0.077617 0.465877 0.150112
v -0.072397 0.467708 0.150165
v -0.148635 0.469989 0.156201
v 0.181980 0.469690 -0.097263
v 0.027651 0.470251 -0.075343
v 0.121577 0.470274 -0.110563
v 0.092186 0.470237 -0.179454
v 0.018638 0.470326 -0.179122
v -0.025613 0.470411 -0.181248
v -0.108896 0.470175 -0.098224
v -0.145620 0.466360 -0.197936
v 0.166375 0.467667 -0.162921
v -0.174589 0.469678 -0.177414
v -0.175764 0.467140 -0.111433
v -0.047089 0.465839 -0.195873
v 0.182021 0.470178 -0.175074
v 0.165269 0.468746 -0.198368
v 0.181795 0.473382 -0.215561
v 0.133913 0.470042 -0.213875
v 0.043623 0.465430 -0.195987
v 0.130109 0.465350 -0.196194
v 0.021807 0.466840 -0.201242
v 0.171889 0.462156 -0.078345
v 0.144246 0.466579 -0.203553
v 0.196727 0.486211 -0.195528
v 0.190362 0.482417 -0.108170
v 0.214059 0.495801 -0.154792
v 0.208458 0.492250 -0.010358
v 0.218562 0.498470 -0.073138
v 0.188344 0.481011 0.024683
v 0.195731 0.486047 0.120419
v 0.207839 0.492171 0.061939
v 0.215251 0.498486 0.105211
v 0.218001 0.499073 0.040897
v 0.214781 0.498852 -0.210236
v 0.192646 0.489165 -0.217831
v 0.197284 0.496810 0.154624
v 0.187513 0.484129 0.158426
v 0.162595 0.465150 -0.118790
v -0.011334 -0.359294 -0.205105
v 0.020068 -0.401818 -0.210327
v -0.089186 -0.390820 -0.209386
v 0.126222 -0.359838 -0.205690
v -0.116316 -0.360201 -0.207804
v -0.163079 -0.391018 -0.209017
v -0.179776 -0.360454 -0.206959
v -0.020679 -0.421154 -0.211079
v 0.093621 -0.421204 -0.211742
v -0.130167 -0.420706 -0.210092
v 0.105460 -0.384323 -0.210914
v 0.159590 -0.415114 -0.211838
v 0.174363 -0.385366 -0.207991
v 0.174370 -0.360169 -0.206728
v 0.177876 -0.419375 -0.210998
v -0.181415 -0.418927 -0.207478
v -0.182667 -0.380970 -0.205802
v -0.161404 -0.357784 -0.069105
v -0.146130 -0.357846 -0.110038
v -0.147797 -0.358633 -0.166136
v -0.177879 -0.359683 -0.097106
v -0.182489 -0.361187 -0.193888
v -0.179776 -0.360454 -0.206959
v -0.116316 -0.360201 -0.207804
v -0.074835 -0.357757 -0.180479
v -0.011334 -0.359294 -0.205105
v -0.179018 -0.360034 -0.001262
v -0.021552 -0.357163 -0.191991
v 0.027625 -0.356552 -0.191289
v 0.126222 -0.359838 -0.205690
v 0.073804 -0.357540 -0.176404
v 0.143327 -0.357985 -0.144392
v 0.117925 -0.356986 -0.140138
v 0.148546 -0.356930 -0.089302
v 0.170675 -0.358911 -0.041573
v 0.174733 -0.363997 -0.145958
v 0.174370 -0.360169 -0.206728
v -0.116933 -0.351266 -0.144579
v -0.164573 -0.354519 -0.003386
v -0.146034 -0.352805 0.044898
v -0.154563 -0.358967 0.112433
v -0.181271 -0.360730 0.100557
v -0.180596 -0.362942 0.147299
v -0.133934 -0.360103 0.147916
v -0.081502 -0.358747 0.127832
v -0.117485 -0.358623 0.085622
v -0.030577 -0.359776 0.147794
v -0.078768 -0.357857 0.114995
v -0.026421 -0.356763 0.132431
v 0.037920 -0.358199 0.134172
v 0.095670 -0.360401 0.148201
v 0.140342 -0.358329 0.089347
v 0.083401 -0.358200 0.110807
v 0.132633 -0.357609 0.063051
v 0.173272 -0.360651 0.146839
v 0.174710 -0.359537 0.090688
v 0.154920 -0.357262 0.010167
v 0.158339 -0.354308 -0.050560
v -0.120505 -0.421119 -0.218325
v -0.020679 -0.421154 -0.211079
v -0.043073 -0.424826 -0.218065
v 0.064152 -0.422675 -0.221221
v 0.093621 -0.421204 -0.211742
v -0.130167 -0.420706 -0.210092
v -0.187125 -0.420511 -0.213042
v -0.181415 -0.418927 -0.207478
v -0.195178 -0.417813 -0.188796
v 0.126151 -0.417454 -0.224811
v 0.159590 -0.415114 -0.211838
v -0.186111 -0.422943 -0.170919
v 0.177876 -0.419375 -0.210998
v -0.183413 -0.399398 -0.108321
v -0.183677 -0.420073 -0.042413
v -0.183422 -0.377239 -0.013917
v -0.182642 -0.421488 0.144563
v -0.183244 -0.389455 0.075274
v -0.183531 -0.420730 0.068463
v -0.181084 -0.390791 0.148271
v -0.183110 -0.375381 0.139510
v -0.181271 -0.360730 0.100557
v -0.179018 -0.360034 -0.001262
v -0.177879 -0.359683 -0.097106
v -0.183399 -0.384149 -0.167867
v -0.186111 -0.422943 -0.170919
v -0.182489 -0.361187 -0.193888
v -0.182667 -0.380970 -0.205802
v -0.186729 -0.423110 -0.103208
v -0.181415 -0.418927 -0.207478
v -0.180596 -0.362942 0.147299
v -0.179776 -0.360454 -0.206959
v -0.182642 -0.421488 0.144563
v -0.183531 -0.420730 0.068463
v -0.194538 -0.424190 0.103244
v -0.192337 -0.424594 0.147167
v -0.192423 -0.425596 -0.008254
v -0.183677 -0.420073 -0.042413
v -0.186729 -0.423110 -0.103208
v -0.186481 0.469224 -0.182640
v -0.186901 0.471125 -0.213064
v -0.179593 0.467987 -0.202247
v -0.061019 -0.423171 0.149088
v 0.030763 -0.424355 0.148348
v 0.060184 -0.394568 0.150160
v -0.117928 -0.383578 0.150250
v -0.154693 -0.421522 0.149624
v 0.135216 -0.423820 0.148883
v 0.160161 -0.386240 0.149839
v 0.173020 -0.421833 0.146956
v -0.181084 -0.390791 0.148271
v -0.180596 -0.362942 0.147299
v 0.095670 -0.360401 0.148201
v -0.030577 -0.359776 0.147794
v -0.133934 -0.360103 0.147916
v 0.173272 -0.360651 0.146839
v -0.182642 -0.421488 0.144563
v 0.175910 -0.389592 0.144937
v -0.192337 -0.424594 0.147167
v 0.175688 -0.424299 -0.060778
v 0.176879 -0.386016 -0.029296
v 0.176886 -0.389133 0.079534
v 0.176708 -0.407603 -0.134697
v 0.173936 -0.424982 0.068907
v 0.175910 -0.389592 0.144937
v 0.173020 -0.421833 0.146956
v 0.174733 -0.363997 -0.145958
v 0.174363 -0.385366 -0.207991
v 0.174370 -0.360169 -0.206728
v 0.174710 -0.359537 0.090688
v 0.173272 -0.360651 0.146839
v 0.177876 -0.419375 -0.210998
v 0.180093 -0.423301 -0.161483
v 0.170675 -0.358911 -0.041573
v -0.043600 0.433977 0.137703
v 0.054871 0.434031 0.137937
v -0.045009 0.456293 0.141275
v -0.122728 0.434798 0.137784
v -0.146969 0.454043 0.142345
v 0.063778 0.457036 0.143110
v 0.134744 0.436830 0.138756
v 0.144585 0.455724 0.142941
v -0.017657 0.414182 0.136395
v -0.097045 0.405659 0.137323
v 0.080380 0.410193 0.138520
v 0.143260 0.411480 0.138733
v 0.159318 0.423753 0.140457
v -0.147847 0.412050 0.138873
v -0.114678 0.392080 0.135422
v -0.170503 0.422387 0.135750
v 0.084589 0.387322 0.132620
v 0.054714 0.396097 0.137528
v -0.012872 0.405315 0.140819
v 0.167029 0.455819 0.147564
v -0.080378 0.388504 0.131080
v -0.148484 0.396551 0.134255
v -0.073087 0.378653 0.130859
v -0.166917 0.405814 0.139088
v 0.140254 0.397109 0.134009
v 0.115992 0.385580 0.131585
v 0.156899 0.404687 0.134757
v -0.177574 0.457551 0.148282
v 0.015203 0.389363 0.134742
v -0.055714 0.390948 0.139729
v -0.025671 0.392132 0.134574
v 0.038245 0.386807 0.142142
v -0.007733 0.381661 0.142834
v -0.028384 0.369616 0.143312
v -0.009126 0.363730 0.146566
v 0.018192 0.363035 0.134929
v -0.012377 0.332311 0.121580
v 0.002409 0.317160 0.114502
v -0.017370 0.296688 0.109051
v 0.010749 0.284080 0.106271
v -0.013628 0.252892 0.104121
v 0.008388 0.248952 0.103813
v 0.016423 0.232520 0.104842
v -0.012787 0.233292 0.104084
v -0.029800 0.271694 0.099949
v -0.030377 0.310414 0.111849
v -0.028501 0.245357 0.110578
v -0.033285 0.231728 0.107973
v -0.042319 0.257241 0.106074
v 0.010565 0.315856 0.107672
v 0.017745 0.313576 0.113059
v -0.135350 0.460979 0.151512
v -0.174737 0.468004 0.150464
v -0.182374 0.468140 0.149108
v 0.017178 0.245856 0.111033
v -0.154381 0.468649 0.148291
v -0.072397 0.467708 0.150165
v -0.017128 0.460261 0.150823
v 0.014718 0.466596 0.149107
v 0.077617 0.465877 0.150112
v 0.068867 0.458280 0.150689
v 0.143900 0.460576 0.152312
v 0.129247 0.468096 0.153695
v 0.177708 0.470028 0.153900
v 0.024969 0.329326 0.106456
v 0.018397 0.344255 0.104406
v -0.030260 0.333531 0.099698
v -0.039883 0.338533 0.084372
v -0.038260 0.328539 0.101166
v 0.123049 0.366818 0.143898
v 0.134416 0.385085 0.143296
v 0.133637 0.357331 0.142600
v -0.179593 0.467987 -0.202247
v -0.186901 0.471125 -0.213064
v -0.154144 0.467257 -0.205160
v 0.162848 0.466436 0.014195
v 0.172497 0.462059 0.051598
v 0.171364 0.464833 -0.025823
v 0.161759 0.464614 -0.036096
v 0.164309 0.468907 -0.045493
v 0.171889 0.462156 -0.078345
v 0.169381 0.469025 0.045605
v 0.168247 0.469137 0.105324
v 0.172415 0.461654 0.136041
v -0.060677 0.459912 0.137661
v 0.014718 0.466596 0.149107
v 0.073898 0.460206 0.137855
v -0.072397 0.467708 0.150165
v -0.154381 0.468649 0.148291
v 0.077617 0.465877 0.150112
v 0.129247 0.468096 0.153695
v 0.161169 0.462881 0.141215
v 0.177708 0.470028 0.153900
v -0.167679 0.458044 0.137837
v -0.174737 0.468004 0.150464
v -0.182374 0.468140 0.149108
v -0.139164 0.457654 0.136803
v -0.181466 0.466936 0.100484
v -0.168568 0.458259 0.103351
v 0.166402 0.466837 0.135000
v -0.176871 0.465888 0.047724
v 0.162581 0.465126 0.085709
v 0.162595 0.465150 -0.118790
v -0.142050 0.381034 0.145728
v -0.163329 0.389084 0.130136
v -0.161910 0.367554 0.125595
v -0.144864 0.356247 0.142254
v -0.176227 0.381110 0.104774
v -0.172746 0.355326 0.106841
v -0.156351 0.345205 0.120253
v -0.168021 0.397169 0.119223
v -0.148484 0.396551 0.134255
v -0.133155 0.365479 0.144188
v -0.142050 0.381034 0.145728
v -0.120420 0.379160 0.127920
v -0.148484 0.396551 0.134255
v -0.097471 0.371517 0.116288
v -0.133155 0.365479 0.144188
v -0.161414 0.349878 0.101281
v -0.168527 0.367594 0.094749
v -0.150027 0.361081 0.095550
v -0.147001 0.347522 0.108247
v -0.162098 0.386377 0.097033
v -0.172746 0.355326 0.106841
v -0.168021 0.397169 0.119223
v -0.162098 0.386377 0.097033
v -0.176227 0.381110 0.104774
v -0.168527 0.367594 0.094749
v -0.172746 0.355326 0.106841
v -0.179950 0.368278 -0.028845
v -0.172015 0.376615 -0.042335
v -0.173408 0.373029 -0.054756
v -0.163638 0.378751 -0.146779
v -0.173338 0.385787 -0.163162
v -0.174763 0.376620 -0.152228
v -0.162169 0.390245 -0.148968
v -0.151093 0.373600 -0.126843
v -0.164051 0.396136 -0.175821
v -0.165165 0.388700 -0.183512
v -0.170962 0.359769 -0.152165
v -0.160479 0.349964 -0.155852
v -0.154944 0.366536 -0.145091
v -0.144364 0.361224 -0.141316
v -0.163638 0.378751 -0.146779
v -0.174763 0.376620 -0.152228
v -0.170962 0.359769 -0.152165
v -0.176615 0.362207 -0.161526
v -0.166497 0.348303 -0.167114
v -0.174763 0.376620 -0.152228
v -0.173338 0.385787 -0.163162
v -0.168858 0.460006 -0.090851
v -0.173439 0.463570 -0.187033
v -0.175764 0.467140 -0.111433
v -0.172580 0.464620 -0.020231
v -0.174589 0.469678 -0.177414
v -0.179593 0.467987 -0.202247
v -0.173439 0.463570 -0.187033
v -0.145620 0.466360 -0.197936
v -0.179593 0.467987 -0.202247
v -0.174589 0.469678 -0.177414
v -0.179593 0.467987 -0.202247
v -0.145620 0.466360 -0.197936
v -0.179593 0.467987 -0.202247
v -0.154144 0.467257 -0.205160
v -0.145620 0.466360 -0.197936
v -0.148315 0.335476 -0.041578
v -0.158525 0.362986 -0.056550
v -0.129736 0.347565 -0.055523
v -0.153443 0.378749 -0.080450
v -0.173408 0.373029 -0.054756
v -0.164735 0.343255 -0.032160
v -0.171549 0.391305 -0.080863
v -0.137500 0.320621 -0.045328
v -0.139457 0.291172 -0.024689
v -0.126952 0.330673 -0.096323
v -0.121256 0.350310 -0.093196
v -0.135842 0.357081 -0.107763
v -0.154944 0.366536 -0.145091
v -0.144364 0.361224 -0.141316
v -0.151093 0.373600 -0.126843
v -0.134642 0.353236 -0.124118
v -0.135842 0.357081 -0.107763
v -0.151923 0.379799 -0.106673
v -0.121256 0.350310 -0.093196
v -0.167843 0.397205 -0.120663
v -0.162477 0.380131 -0.096187
v -0.153443 0.378749 -0.080450
v -0.162169 0.390245 -0.148968
v -0.171549 0.391305 -0.080863
v -0.115581 0.356559 -0.135260
v -0.126084 0.360666 -0.153084
v -0.101096 0.342171 -0.143095
v -0.163638 0.378751 -0.146779
v -0.149487 0.346587 -0.165832
v -0.160479 0.349964 -0.155852
v -0.166497 0.348303 -0.167114
v -0.148739 0.347321 -0.186146
v -0.133643 0.351865 -0.176209
v -0.122956 0.358030 -0.079673
v -0.170962 0.359769 -0.152165
v -0.125116 0.338476 -0.115830
v -0.109819 0.363893 -0.168196
v -0.129736 0.347565 -0.055523
v -0.134769 0.354158 -0.193095
v -0.082610 0.333639 -0.147882
v -0.117578 0.340820 -0.083024
v -0.122956 0.358030 -0.079673
v -0.121256 0.350310 -0.093196
v -0.145620 0.466360 -0.197936
v -0.154144 0.467257 -0.205160
v -0.179593 0.467987 -0.202247
v -0.166103 0.391715 0.042237
v -0.163298 0.392379 0.024864
v -0.170471 0.389313 0.013137
v -0.170679 0.404219 -0.177622
v -0.164128 0.404486 -0.190680
v -0.164051 0.396136 -0.175821
v -0.152213 0.395736 -0.187252
v -0.162169 0.390245 -0.148968
v -0.155425 0.395343 0.045010
v -0.163298 0.392379 0.024864
v -0.159446 0.391691 0.013591
v -0.170471 0.389313 0.013137
v -0.166103 0.391715 0.042237
v -0.166103 0.391715 0.042237
v -0.151789 0.382939 0.025036
v -0.163298 0.392379 0.024864
v -0.170471 0.389313 0.013137
v -0.155425 0.395343 0.045010
v -0.170471 0.389313 0.013137
v -0.151789 0.382939 0.025036
v -0.159446 0.391691 0.013591
v -0.125204 -0.072161 -0.054190
v -0.126841 0.066946 -0.065959
v -0.122787 -0.064520 -0.071378
v -0.126822 -0.146702 -0.066334
v -0.126313 -0.207882 -0.060038
v -0.126044 -0.242051 -0.070538
v -0.125388 -0.257374 -0.053352
v -0.125324 -0.191621 -0.048743
v -0.124107 0.031194 -0.051382
v -0.132993 -0.291371 -0.064652
v -0.122433 0.123812 -0.054191
v -0.128507 -0.282569 -0.051368
v -0.127311 0.158972 -0.064259
v -0.124063 0.156831 -0.050086
v -0.132679 -0.021081 -0.039073
v -0.133960 -0.145124 -0.042855
v -0.132761 0.104139 -0.041071
v -0.132434 0.162626 -0.040034
v -0.132897 -0.258466 -0.045439
v -0.134894 -0.279130 -0.039110
v -0.132793 -0.192172 -0.035863
v -0.125463 -0.077494 -0.026849
v -0.127454 -0.183379 -0.025390
v -0.133603 -0.076546 -0.015570
v -0.133456 -0.163065 -0.010775
v -0.132642 -0.239619 -0.013093
v -0.125865 -0.249521 -0.026795
v -0.128812 -0.279200 -0.027502
v -0.135006 -0.286607 -0.012593
v -0.133097 0.032994 -0.019946
v -0.131588 0.016632 -0.009089
v -0.133913 0.118796 -0.015226
v -0.126043 0.148483 -0.025050
v -0.126218 0.113378 -0.029290
v -0.135204 0.169471 -0.025182
v -0.131634 0.175993 -0.068713
v -0.118470 0.156887 -0.083804
v -0.116395 0.098818 -0.076445
v -0.115614 0.100717 -0.092491
v -0.117745 0.016332 -0.087951
v -0.116494 0.005778 -0.076319
v -0.115570 -0.059820 -0.091655
v -0.115171 -0.102213 -0.078514
v -0.117609 -0.168536 -0.089916
v -0.115886 -0.230084 -0.076657
v -0.115405 -0.239755 -0.093041
v -0.119149 -0.278778 -0.076867
v -0.112941 -0.280953 -0.095932
v -0.124048 -0.309073 -0.110070
v -0.146950 -0.312695 -0.057778
v -0.148206 -0.308585 -0.021888
v -0.134751 -0.293313 0.006525
v -0.131088 -0.305416 0.035325
v -0.125392 0.037200 -0.027198
v -0.125278 -0.273274 -0.002550
v -0.127400 -0.255839 0.013078
v -0.124363 -0.192202 -0.000604
v -0.125859 -0.182378 0.014021
v -0.128040 -0.080080 0.011403
v -0.124943 -0.089621 -0.002569
v -0.124643 0.045061 -0.003122
v -0.127433 0.025186 0.012304
v -0.125880 0.113249 0.009358
v -0.124010 0.157262 -0.003810
v -0.127524 0.161024 0.013405
v -0.132969 0.170699 0.001896
v -0.145816 0.182825 -0.023526
v -0.133581 0.150498 -0.011569
v -0.140420 0.191812 0.014102
v -0.144739 0.196898 -0.042235
v -0.144511 0.184225 -0.059610
v -0.135370 0.195489 -0.079742
v -0.127684 0.185067 -0.099352
v -0.153174 0.220547 -0.020150
v -0.149568 0.215707 -0.065874
v -0.143992 0.219173 0.028428
v -0.133316 0.215318 -0.104852
v -0.131829 0.226642 -0.100530
v -0.113236 0.198041 -0.116683
v -0.141668 0.231268 -0.059674
v -0.137937 0.231239 0.013523
v -0.156534 -0.323676 -0.070564
v -0.141738 -0.335414 -0.110030
v -0.160334 -0.346479 -0.059219
v -0.163329 -0.324085 -0.033738
v -0.162380 -0.337144 -0.008986
v -0.156791 -0.320294 0.009071
v -0.146130 -0.357846 -0.110038
v -0.161404 -0.357784 -0.069105
v -0.164573 -0.354519 -0.003386
v -0.116933 -0.351266 -0.144579
v -0.105645 -0.324280 -0.150954
v -0.084400 -0.343338 -0.168378
v -0.087181 -0.302706 -0.142746
v -0.093015 -0.282314 -0.119424
v -0.137492 0.232100 -0.015283
v -0.140694 0.251198 0.003860
v -0.135072 0.263829 -0.014598
v -0.136737 0.238161 -0.043580
v -0.134947 0.262148 -0.044727
v -0.139457 0.291172 -0.024689
v -0.141000 0.310399 -0.006319
v -0.140540 0.290125 -0.045489
v -0.137500 0.320621 -0.045328
v -0.136788 0.311532 0.009772
v -0.132077 0.334205 0.005912
v -0.142127 0.251069 -0.057672
v -0.127535 0.279055 0.004424
v -0.142997 0.322177 -0.057053
v -0.129736 0.347565 -0.055523
v -0.129191 0.260407 0.016931
v -0.118060 0.299750 0.024368
v -0.112316 0.252928 0.046479
v -0.121338 0.287612 0.041637
v -0.123888 0.230916 0.027764
v -0.138434 0.325012 0.026280
v -0.136435 0.322266 0.038727
v -0.129242 0.339372 0.023892
v -0.128050 0.261873 -0.067886
v -0.126676 0.318855 0.018446
v -0.121659 0.339884 0.000654
v -0.122091 0.335800 0.039239
v -0.123448 -0.029558 0.016747
v -0.127433 0.025186 0.012304
v -0.128040 -0.080080 0.011403
v -0.114791 -0.065895 0.022182
v -0.116226 0.053061 0.020114
v -0.125880 0.113249 0.009358
v -0.125859 -0.182378 0.014021
v -0.114448 -0.206609 0.023203
v -0.127400 -0.255839 0.013078
v -0.119669 -0.278939 0.022641
v -0.134751 -0.293313 0.006525
v -0.113794 -0.257862 0.024439
v -0.127524 0.161024 0.013405
v -0.116906 0.160970 0.024922
v -0.115215 0.108773 0.028367
v -0.131088 -0.305416 0.035325
v -0.115568 0.157172 0.038156
v -0.113481 0.123639 0.041325
v -0.116375 0.009361 0.035080
v -0.115115 -0.270505 0.038373
v -0.103853 -0.284664 0.052766
v -0.113732 -0.095602 0.040326
v -0.115318 -0.141020 0.032171
v -0.114556 -0.209744 0.038499
v -0.107429 0.021965 0.042406
v -0.100602 -0.262436 0.047235
v -0.108732 -0.308752 0.072743
v -0.114642 -0.331247 0.085848
v -0.097530 -0.202426 0.060440
v -0.102189 -0.185897 0.044239
v -0.098089 -0.113483 0.051238
v -0.093907 -0.106518 0.063465
v -0.099431 -0.018222 0.060914
v -0.102709 -0.068109 0.043293
v -0.098094 0.001634 0.049943
v -0.085585 -0.272968 0.067833
v -0.079480 -0.294807 0.084290
v -0.069202 -0.241208 0.080188
v -0.082102 -0.212465 0.066619
v -0.075177 -0.148604 0.079534
v -0.081220 -0.139899 0.065179
v -0.078253 -0.056606 0.070096
v -0.075829 -0.038255 0.079044
v -0.079494 0.035623 0.066837
v -0.075415 0.057345 0.076934
v -0.082551 0.107404 0.063933
v -0.078450 0.140251 0.074877
v -0.083294 0.154584 0.065696
v -0.104443 0.102845 0.042487
v -0.098148 0.113015 0.050341
v -0.101657 0.152530 0.046443
v -0.095537 0.156561 0.063238
v -0.081043 0.170422 0.079588
v -0.089601 -0.043136 0.063674
v -0.109220 0.180790 0.061779
v -0.124179 0.172419 0.032216
v -0.140420 0.191812 0.014102
v -0.132969 0.170699 0.001896
v -0.128443 0.208222 0.051642
v -0.075526 0.205515 0.099299
v -0.080065 0.183981 0.093399
v -0.143992 0.219173 0.028428
v -0.108978 0.216722 0.083391
v -0.116079 0.226385 0.069121
v -0.061621 0.223966 0.110149
v -0.047302 0.212743 0.117254
v -0.098301 0.087181 0.061392
v -0.091261 0.047416 0.063402
v -0.070736 -0.320501 0.114276
v -0.084808 -0.339082 0.110125
v -0.078768 -0.357857 0.114995
v -0.117485 -0.358623 0.085622
v -0.146034 -0.352805 0.044898
v -0.144015 -0.324262 0.045579
v -0.162380 -0.337144 -0.008986
v -0.156791 -0.320294 0.009071
v -0.164573 -0.354519 -0.003386
v -0.160334 -0.346479 -0.059219
v -0.035140 0.178943 0.105723
v -0.055079 0.171155 0.094976
v -0.062663 0.157263 0.079658
v -0.056350 0.134256 0.088884
v -0.063990 0.125674 0.077814
v -0.058614 0.056314 0.080182
v -0.051782 0.090070 0.092358
v -0.056214 -0.001036 0.090274
v -0.065322 -0.039815 0.077603
v -0.057927 -0.087818 0.081536
v -0.051631 -0.137891 0.092294
v -0.060126 -0.164178 0.079109
v -0.050699 -0.248530 0.092820
v -0.054069 -0.253193 0.081977
v -0.059341 -0.277500 0.080641
v -0.049039 -0.286404 0.093085
v -0.005096 0.206044 0.118796
v -0.002683 0.225558 0.121668
v 0.047879 0.228354 0.108614
v 0.045629 0.232965 0.094601
v 0.016423 0.232520 0.104842
v 0.093612 0.226553 0.081810
v -0.002683 0.225558 0.121668
v -0.012787 0.233292 0.104084
v -0.033285 0.231728 0.107973
v 0.091243 0.233998 0.073049
v 0.079716 0.234996 0.072394
v 0.035935 0.219477 0.119749
v -0.116079 0.226385 0.069121
v -0.109316 0.231448 0.061986
v -0.123888 0.230916 0.027764
v -0.143992 0.219173 0.028428
v -0.093868 0.234909 0.072304
v -0.137937 0.231239 0.013523
v -0.112316 0.252928 0.046479
v -0.129191 0.260407 0.016931
v -0.079591 0.229490 0.090241
v -0.061621 0.223966 0.110149
v -0.056939 0.235057 0.091807
v -0.108978 0.216722 0.083391
v -0.047302 0.212743 0.117254
v 0.079716 0.234996 0.072394
v 0.091243 0.233998 0.073049
v 0.089239 0.254383 0.076262
v -0.156351 0.345205 0.120253
v -0.144864 0.356247 0.142254
v -0.161910 0.367554 0.125595
v -0.129568 0.354349 0.077119
v -0.104715 0.331342 0.069650
v -0.108167 0.349897 0.075608
v -0.129124 0.361383 0.092331
v -0.146174 0.365781 0.080156
v -0.129833 0.343571 0.057361
v -0.115566 0.358146 0.102970
v -0.125054 0.362764 0.117659
v -0.098707 0.348264 0.102820
v -0.101697 0.340230 0.088904
v -0.150027 0.361081 0.095550
v -0.147001 0.347522 0.108247
v -0.136639 0.350614 0.127359
v -0.156351 0.345205 0.120253
v -0.133155 0.365479 0.144188
v -0.144864 0.356247 0.142254
v -0.120420 0.379160 0.127920
v -0.161414 0.349878 0.101281
v -0.172746 0.355326 0.106841
v -0.098707 0.348264 0.102820
v -0.097471 0.371517 0.116288
v -0.125054 0.362764 0.117659
v -0.079950 0.341439 0.096935
v -0.120420 0.379160 0.127920
v -0.076766 0.363656 0.101564
v -0.073087 0.378653 0.130859
v -0.114678 0.392080 0.135422
v -0.063225 0.375276 0.112551
v -0.055714 0.390948 0.139729
v -0.092964 0.311728 0.085754
v -0.058889 0.359641 0.092362
v -0.038794 0.355996 0.098413
v -0.039883 0.338533 0.084372
v -0.030260 0.333531 0.099698
v -0.027581 0.358284 0.123623
v -0.012377 0.332311 0.121580
v -0.046143 0.370613 0.123426
v -0.070376 0.339376 0.087493
v -0.053637 0.346296 0.086831
v -0.078675 0.306122 0.090003
v -0.028384 0.369616 0.143312
v -0.009126 0.363730 0.146566
v -0.148484 0.396551 0.134255
v -0.097471 0.371517 0.116288
v -0.114678 0.392080 0.135422
v -0.128050 0.261873 -0.067886
v -0.118099 0.294442 -0.081393
v -0.114761 0.269454 -0.093148
v -0.112581 0.234071 -0.103810
v -0.127881 0.293431 -0.060902
v -0.126117 0.232146 -0.071481
v -0.134947 0.262148 -0.044727
v -0.140540 0.290125 -0.045489
v -0.141668 0.231268 -0.059674
v -0.142127 0.251069 -0.057672
v -0.138239 0.312094 -0.063885
v -0.142997 0.322177 -0.057053
v -0.115489 0.247966 -0.105121
v -0.104936 0.243505 -0.121851
v -0.112681 0.262160 -0.114005
v -0.107197 0.267926 -0.108664
v -0.121113 0.288247 -0.098807
v -0.119423 0.310080 -0.106004
v -0.106275 0.315613 -0.122621
v -0.098172 0.306783 -0.131419
v -0.098004 0.259129 -0.122509
v -0.101096 0.342171 -0.143095
v -0.105247 0.329236 -0.121407
v -0.125116 0.338476 -0.115830
v -0.126952 0.330673 -0.096323
v -0.135842 0.357081 -0.107763
v -0.115581 0.356559 -0.135260
v -0.114052 0.342569 -0.123245
v -0.137448 0.319644 -0.095133
v -0.134642 0.353236 -0.124118
v -0.129736 0.347565 -0.055523
v -0.118148 0.338660 -0.062356
v -0.130172 0.334711 -0.062609
v -0.120388 0.326506 -0.066883
v -0.123190 0.314614 -0.072032
v -0.114289 0.305196 -0.071030
v -0.122956 0.358030 -0.079673
v -0.136327 0.320163 -0.082611
v -0.118099 0.294442 -0.081393
v -0.123190 0.314614 -0.072032
v -0.121113 0.288247 -0.098807
v -0.137448 0.319644 -0.095133
v -0.114761 0.269454 -0.093148
v -0.122211 0.337785 -0.071906
v -0.133642 0.338421 -0.081151
v -0.120388 0.326506 -0.066883
v -0.118148 0.338660 -0.062356
v -0.118148 0.338660 -0.062356
v -0.122956 0.358030 -0.079673
v -0.117578 0.340820 -0.083024
v -0.122211 0.337785 -0.071906
v -0.117578 0.340820 -0.083024
v -0.133642 0.338421 -0.081151
v -0.118148 0.338660 -0.062356
v -0.126952 0.330673 -0.096323
v -0.137448 0.319644 -0.095133
v -0.121256 0.350310 -0.093196
v -0.126952 0.330673 -0.096323
v -0.117578 0.340820 -0.083024
v 0.007706 0.230948 -0.158488
v 0.030695 0.223232 -0.169413
v -0.029013 0.226879 -0.168615
v 0.030609 0.230976 -0.161035
v -0.022404 0.237891 -0.157070
v 0.071303 0.227735 -0.147058
v 0.044983 0.236821 -0.148212
v 0.086357 0.235862 -0.123288
v -0.045441 0.233820 -0.152332
v -0.070312 0.235852 -0.138738
v -0.060307 0.221916 -0.163542
v -0.105467 0.226115 -0.132184
v -0.096307 0.233829 -0.119753
v -0.112581 0.234071 -0.103810
v -0.131829 0.226642 -0.100530
v -0.126117 0.232146 -0.071481
v -0.141668 0.231268 -0.059674
v 0.103001 0.218687 -0.129149
v 0.101183 0.231620 -0.114741
v 0.122674 0.225632 -0.094567
v 0.112236 0.232455 -0.081201
v 0.130185 0.231101 -0.053860
v 0.140776 0.224695 -0.037930
v 0.127714 0.230751 -0.022743
v 0.134058 0.228470 0.006186
v -0.029013 0.226879 -0.168615
v 0.030695 0.223232 -0.169413
v -0.018332 0.215236 -0.174197
v -0.136788 0.311532 0.009772
v -0.126676 0.318855 0.018446
v -0.130723 0.311366 0.006857
v -0.115661 0.310960 0.012772
v -0.138434 0.325012 0.026280
v -0.114665 0.336009 0.012372
v -0.129242 0.339372 0.023892
v -0.119767 0.341197 0.021525
v -0.129242 0.339372 0.023892
v -0.122091 0.335800 0.039239
v -0.119767 0.341197 0.021525
v -0.130723 0.311366 0.006857
v -0.131600 0.321756 -0.000918
v -0.132077 0.334205 0.005912
v -0.121659 0.339884 0.000654
v -0.136788 0.311532 0.009772
v -0.108884 0.034430 -0.096166
v -0.099152 0.057301 -0.101376
v -0.099786 -0.072882 -0.101237
v -0.115570 -0.059820 -0.091655
v -0.111228 -0.136925 -0.096584
v -0.103071 0.125132 -0.097555
v -0.115614 0.100717 -0.092491
v -0.100929 -0.178055 -0.100543
v -0.115405 -0.239755 -0.093041
v -0.099867 -0.257463 -0.102009
v -0.112941 -0.280953 -0.095932
v -0.117745 0.016332 -0.087951
v -0.117609 -0.168536 -0.089916
v -0.106251 0.164335 -0.101168
v -0.118470 0.156887 -0.083804
v -0.131634 0.175993 -0.068713
v -0.097358 0.147599 -0.114528
v -0.093729 0.169313 -0.121422
v -0.097407 0.064474 -0.114624
v -0.097880 -0.031035 -0.114360
v -0.098400 -0.267112 -0.115666
v -0.093015 -0.282314 -0.119424
v -0.096296 -0.213083 -0.116531
v -0.100556 -0.124156 -0.113007
v -0.091532 -0.129598 -0.118132
v -0.080610 -0.215171 -0.122852
v -0.076118 -0.282785 -0.136685
v -0.076007 -0.203215 -0.134908
v -0.080442 -0.117161 -0.123471
v -0.077447 -0.101470 -0.134274
v -0.078414 -0.006172 -0.132237
v -0.082840 -0.035962 -0.119774
v -0.083487 0.060203 -0.119058
v -0.076759 0.067145 -0.131684
v -0.079226 0.145783 -0.130928
v -0.084756 0.159670 -0.119036
v -0.071531 0.166199 -0.135078
v -0.086036 0.125656 -0.116035
v -0.071915 0.123696 -0.133684
v -0.087181 -0.302706 -0.142746
v -0.124048 -0.309073 -0.110070
v -0.049247 -0.285232 -0.151344
v -0.061058 -0.269816 -0.137364
v -0.048764 -0.244485 -0.150411
v -0.059377 -0.195894 -0.137126
v -0.049514 -0.165668 -0.149109
v -0.054787 -0.081542 -0.147386
v -0.061872 -0.080161 -0.134399
v -0.062902 0.001176 -0.133170
v -0.056254 0.064767 -0.143982
v -0.048826 -0.031114 -0.149113
v -0.045834 0.091236 -0.146283
v -0.038563 -0.305518 -0.167390
v -0.055761 0.137282 -0.145131
v -0.057638 0.098578 -0.135548
v -0.064208 0.068081 -0.130865
v -0.061200 0.151934 -0.132778
v -0.056030 0.164990 -0.144733
v -0.035913 0.174894 -0.155663
v -0.038330 0.160905 -0.147686
v -0.019875 0.149998 -0.152752
v -0.037010 0.128373 -0.141647
v -0.028028 0.085162 -0.149354
v -0.037428 0.010007 -0.143105
v -0.025250 0.003473 -0.153474
v -0.029127 -0.031505 -0.146227
v -0.016529 0.074481 -0.154644
v -0.034431 -0.128975 -0.145075
v -0.021228 -0.104253 -0.155417
v -0.018184 -0.215859 -0.156323
v -0.033022 -0.212305 -0.146662
v -0.027328 -0.271434 -0.152565
v -0.011486 -0.287506 -0.159955
v 0.002500 0.170339 -0.156253
v 0.014054 0.185738 -0.165195
v -0.101436 0.183905 -0.130513
v -0.066173 0.185207 -0.155382
v -0.085301 0.191047 -0.141007
v -0.113236 0.198041 -0.116683
v -0.063846 0.205582 -0.157361
v -0.127684 0.185067 -0.099352
v -0.033586 0.194891 -0.162576
v -0.032654 0.183492 -0.165485
v -0.018332 0.215236 -0.174197
v -0.060307 0.221916 -0.163542
v -0.089213 0.214798 -0.149664
v -0.133316 0.215318 -0.104852
v -0.105467 0.226115 -0.132184
v -0.029013 0.226879 -0.168615
v -0.131829 0.226642 -0.100530
v 0.021029 0.209735 -0.169451
v 0.030695 0.223232 -0.169413
v -0.135370 0.195489 -0.079742
v -0.076187 -0.322485 -0.170879
v -0.105645 -0.324280 -0.150954
v -0.084400 -0.343338 -0.168378
v -0.053313 -0.341147 -0.182859
v -0.027345 -0.320028 -0.185061
v -0.002462 -0.339562 -0.189274
v -0.074835 -0.357757 -0.180479
v -0.116933 -0.351266 -0.144579
v -0.021552 -0.357163 -0.191991
v 0.038139 0.170105 -0.149788
v -0.045834 0.091236 -0.146283
v -0.038330 0.160905 -0.147686
v -0.037010 0.128373 -0.141647
v -0.133603 -0.076546 -0.015570
v -0.124943 -0.089621 -0.002569
v -0.131588 0.016632 -0.009089
v -0.133456 -0.163065 -0.010775
v -0.124363 -0.192202 -0.000604
v -0.132642 -0.239619 -0.013093
v -0.125278 -0.273274 -0.002550
v -0.135006 -0.286607 -0.012593
v -0.124643 0.045061 -0.003122
v -0.133913 0.118796 -0.015226
v -0.133581 0.150498 -0.011569
v -0.124010 0.157262 -0.003810
v -0.132969 0.170699 0.001896
v -0.104715 0.331342 0.069650
v -0.101697 0.340230 0.088904
v -0.108167 0.349897 0.075608
v -0.113165 0.320701 0.067041
v -0.101697 0.340230 0.088904
v -0.104715 0.331342 0.069650
v -0.092964 0.311728 0.085754
v -0.083355 0.254001 0.076403
v -0.078675 0.306122 0.090003
v -0.066669 0.299252 0.097127
v -0.101269 0.267733 0.065497
v -0.113165 0.320701 0.067041
v -0.100097 0.244342 0.074683
v -0.093868 0.234909 0.072304
v -0.101697 0.340230 0.088904
v -0.098707 0.348264 0.102820
v -0.121338 0.287612 0.041637
v -0.112316 0.252928 0.046479
v -0.056939 0.235057 0.091807
v -0.124705 0.314424 0.047325
v -0.136435 0.322266 0.038727
v -0.122091 0.335800 0.039239
v -0.129833 0.343571 0.057361
v -0.129568 0.354349 0.077119
v -0.056602 0.290114 0.090541
v -0.112607 0.249985 0.061029
v -0.048945 0.254499 0.094099
v -0.042319 0.257241 0.106074
v -0.033285 0.231728 0.107973
v -0.069368 0.316180 0.107537
v -0.065782 0.331843 0.099266
v -0.057839 0.323858 0.110604
v -0.070376 0.339376 0.087493
v -0.052547 0.337588 0.101121
v -0.109316 0.231448 0.061986
v -0.029800 0.271694 0.099949
v -0.053637 0.346296 0.086831
v -0.038113 0.304981 0.097710
v -0.030377 0.310414 0.111849
v -0.038260 0.328539 0.101166
v -0.092964 0.311728 0.085754
v -0.078675 0.306122 0.090003
v -0.079950 0.341439 0.096935
v -0.056602 0.290114 0.090541
v -0.038113 0.304981 0.097710
v -0.047961 0.323856 0.098928
v -0.038260 0.328539 0.101166
v -0.113165 0.320701 0.067041
v -0.104715 0.331342 0.069650
v -0.129568 0.354349 0.077119
v -0.127433 0.025186 0.012304
v -0.123448 -0.029558 0.016747
v -0.125469 -0.011604 0.016802
v -0.124609 -0.010745 0.017188
v -0.123750 -0.010743 0.017107
v -0.125469 -0.009882 0.016798
v -0.127433 0.025186 0.012304
v -0.125469 -0.011604 0.016802
v -0.123448 -0.029558 0.016747
v -0.126822 -0.146702 -0.066334
v -0.122787 -0.064520 -0.071378
v -0.115171 -0.102213 -0.078514
v -0.115886 -0.230084 -0.076657
v -0.116494 0.005778 -0.076319
v -0.126841 0.066946 -0.065959
v -0.116395 0.098818 -0.076445
v -0.127311 0.158972 -0.064259
v -0.126044 -0.242051 -0.070538
v -0.119149 -0.278778 -0.076867
v -0.132993 -0.291371 -0.064652
v 0.115587 0.362030 -0.148760
v 0.115675 0.359240 -0.166585
v 0.136410 0.362103 -0.147833
v 0.125705 0.356513 -0.130468
v 0.093789 0.349250 -0.152738
v 0.101613 0.356640 -0.136834
v 0.109064 0.345188 -0.124596
v 0.116275 0.338719 -0.111338
v 0.093907 0.338267 -0.129230
v 0.096334 0.367714 -0.169942
v 0.071648 0.345465 -0.150260
v 0.114434 0.372362 -0.182792
v 0.070830 0.368495 -0.162758
v 0.106041 0.387622 -0.180448
v 0.088871 0.385346 -0.182724
v 0.130158 0.395090 -0.187245
v 0.066064 0.375409 -0.177755
v 0.056963 0.360240 -0.146315
v 0.092931 0.404672 -0.193543
v 0.147230 0.406600 -0.193533
v 0.144509 0.396707 -0.184584
v 0.156546 0.405734 -0.185571
v 0.072845 0.387946 -0.180372
v 0.053494 0.391016 -0.191895
v 0.052128 0.380229 -0.172022
v 0.070541 0.308791 -0.141408
v 0.059498 0.335073 -0.138709
v 0.130041 0.377317 -0.199812
v 0.043098 0.338366 -0.137402
v 0.028537 0.352033 -0.150349
v 0.025059 0.333850 -0.143406
v 0.037967 0.375813 -0.179039
v 0.032001 0.386648 -0.196999
v 0.019201 0.362898 -0.184662
v 0.010898 0.372034 -0.197423
v -0.009008 0.363903 -0.198564
v 0.001882 0.340235 -0.182717
v 0.012542 0.324305 -0.161641
v -0.012877 0.304271 -0.163477
v -0.018379 0.354238 -0.185941
v -0.033578 0.370961 -0.192272
v -0.047044 0.371158 -0.168011
v -0.058658 0.383383 -0.183948
v -0.064516 0.373283 -0.160911
v -0.050067 0.358631 -0.145472
v -0.066464 0.347222 -0.137565
v -0.080794 0.365000 -0.157698
v -0.079411 0.382128 -0.178765
v -0.112523 0.385430 -0.176614
v -0.098570 0.393616 -0.186891
v -0.063668 0.402521 -0.192827
v -0.137032 0.394222 -0.188620
v -0.046566 0.386255 -0.195575
v -0.031504 0.353130 -0.156061
v -0.068981 0.380631 -0.189033
v 0.124982 0.350549 -0.182425
v 0.114434 0.372362 -0.182792
v 0.119618 0.365908 -0.195708
v 0.115675 0.359240 -0.166585
v 0.132469 0.354720 -0.195988
v 0.142484 0.350202 -0.157645
v 0.144132 0.345867 -0.175700
v 0.136410 0.362103 -0.147833
v 0.162031 0.355698 -0.161276
v 0.119618 0.365908 -0.195708
v 0.130041 0.377317 -0.199812
v 0.132469 0.354720 -0.195988
v 0.114434 0.372362 -0.182792
v -0.124705 0.314424 0.047325
v -0.129833 0.343571 0.057361
v -0.122091 0.335800 0.039239
v -0.123750 -0.010743 0.017107
v -0.123448 -0.029558 0.016747
v -0.127433 0.025186 0.012304
v -0.122623 0.352316 0.039793
v -0.119767 0.341197 0.021525
v -0.122091 0.335800 0.039239
v -0.127881 0.293431 -0.060902
v -0.114289 0.305196 -0.071030
v -0.118099 0.294442 -0.081393
v -0.123190 0.314614 -0.072032
v -0.120388 0.326506 -0.066883
v -0.114289 0.305196 -0.071030
v -0.118099 0.294442 -0.081393
v -0.114289 0.305196 -0.071030
v -0.123190 0.314614 -0.072032
v -0.123190 0.314614 -0.072032
v -0.114289 0.305196 -0.071030
v -0.120388 0.326506 -0.066883
v -0.112607 0.249985 0.061029
v -0.101269 0.267733 0.065497
v -0.112316 0.252928 0.046479
v -0.109316 0.231448 0.061986
v -0.099902 0.470203 0.049414
v -0.112408 0.470164 0.017037
v -0.099902 0.470203 0.044043
v -0.099902 0.470203 0.049414
v -0.099902 0.470203 0.046191
v -0.091308 0.470204 0.037339
v -0.085938 0.470218 0.048340
v -0.079016 0.470211 0.038219
v -0.082715 0.470218 0.048340
v -0.080566 0.470218 0.048340
v -0.085938 0.470218 0.048340
v -0.080566 0.470218 0.048340
v -0.076212 0.470224 0.069555
v -0.035625 0.321756 0.093192
v -0.044993 0.323902 0.081495
v -0.045774 0.336793 0.087973
v -0.046739 0.315041 0.090258
v -0.035625 0.321756 0.093192
v -0.045774 0.336793 0.087973
v -0.044993 0.323902 0.081495
v -0.039883 0.338533 0.084372
v -0.045774 0.336793 0.087973
v -0.053637 0.346296 0.086831
v -0.052547 0.337588 0.101121
v -0.047961 0.323856 0.098928
v -0.057839 0.323858 0.110604
v -0.046739 0.315041 0.090258
v -0.066669 0.299252 0.097127
v -0.056602 0.290114 0.090541
v -0.083355 0.254001 0.076403
v -0.069368 0.316180 0.107537
v -0.075177 -0.148604 0.079534
v -0.065322 -0.039815 0.077603
v -0.075829 -0.038255 0.079044
v -0.075415 0.057345 0.076934
v -0.060126 -0.164178 0.079109
v -0.069202 -0.241208 0.080188
v -0.054069 -0.253193 0.081977
v -0.059341 -0.277500 0.080641
v -0.079480 -0.294807 0.084290
v -0.058614 0.056314 0.080182
v -0.063990 0.125674 0.077814
v -0.078450 0.140251 0.074877
v -0.081043 0.170422 0.079588
v -0.062663 0.157263 0.079658
v -0.017118 0.149530 0.099459
v -0.010266 0.158613 0.092988
v -0.005186 0.171462 0.105096
v 0.022971 0.026394 0.090648
v 0.037015 -0.075185 0.093398
v 0.042617 0.035027 0.092371
v 0.041410 0.120892 0.091059
v 0.046547 -0.066456 0.089028
v 0.022807 -0.067554 0.090607
v 0.027947 -0.166598 0.091379
v 0.025578 0.150090 0.091212
v 0.008948 0.052521 0.098970
v 0.010618 0.133906 0.099027
v 0.011444 -0.133201 0.099905
v 0.012103 -0.233096 0.100110
v -0.003361 0.095399 0.091943
v -0.004454 -0.162323 0.092511
v 0.044128 -0.145036 0.093558
v 0.039642 0.171474 0.097830
v 0.011361 -0.032444 0.100116
v 0.026886 -0.267859 0.093219
v -0.003694 -0.244393 0.093286
v -0.019472 -0.150580 0.099341
v -0.013809 -0.249630 0.101054
v -0.016081 -0.281564 0.099923
v 0.055318 0.156749 0.080180
v 0.073856 0.172204 0.080566
v 0.060448 0.185153 0.100591
v 0.009412 0.186472 0.113964
v 0.048881 0.199421 0.104439
v -0.005096 0.206044 0.118796
v 0.035935 0.219477 0.119749
v -0.035140 0.178943 0.105723
v -0.002683 0.225558 0.121668
v 0.072559 0.218939 0.102703
v 0.047879 0.228354 0.108614
v -0.005186 0.171462 0.105096
v 0.101720 0.214707 0.079512
v 0.094345 0.188225 0.073857
v 0.013155 -0.288512 0.104089
v 0.066958 0.115071 0.074813
v -0.005507 -0.062171 0.092031
v -0.013158 0.042657 0.095433
v -0.016469 -0.043545 0.099795
v -0.027776 -0.004148 0.095709
v 0.042203 -0.210503 0.093014
v 0.044789 -0.281425 0.094287
v 0.060882 -0.317181 0.111594
v 0.013644 -0.320598 0.128588
v 0.037636 -0.334797 0.126937
v 0.079468 -0.338963 0.109982
v 0.037920 -0.358199 0.134172
v 0.083401 -0.358200 0.110807
v -0.001590 -0.338126 0.132197
v -0.031138 -0.327841 0.126679
v -0.026421 -0.356763 0.132431
v -0.084808 -0.339082 0.110125
v -0.070736 -0.320501 0.114276
v -0.078768 -0.357857 0.114995
v 0.011426 0.162670 0.100026
v -0.030077 -0.305397 0.111556
v -0.049039 -0.286404 0.093085
v -0.031427 -0.268151 0.090582
v -0.050699 -0.248530 0.092820
v -0.043572 -0.212916 0.094474
v -0.051631 -0.137891 0.092294
v -0.017118 0.149530 0.099459
v -0.024977 0.102452 0.098529
v -0.079480 -0.294807 0.084290
v 0.049410 0.026518 0.081474
v 0.066437 0.018042 0.076923
v 0.052462 -0.047080 0.078652
v 0.065324 -0.104188 0.079658
v 0.051255 -0.133267 0.080864
v 0.053766 -0.236893 0.080262
v 0.069808 -0.206084 0.077789
v -0.010266 0.158613 0.092988
v -0.043572 -0.212916 0.094474
v -0.031363 -0.170409 0.090066
v -0.051631 -0.137891 0.092294
v -0.038063 -0.096197 0.088127
v -0.046768 -0.017823 0.092976
v -0.036884 0.017938 0.087216
v -0.051782 0.090070 0.092358
v -0.034531 0.121361 0.088521
v -0.031427 -0.268151 0.090582
v -0.056214 -0.001036 0.090274
v -0.036061 0.155824 0.092933
v -0.056350 0.134256 0.088884
v -0.055079 0.171155 0.094976
v -0.035140 0.178943 0.105723
v 0.058491 -0.280279 0.082647
v 0.069808 -0.206084 0.077789
v 0.053766 -0.236893 0.080262
v -0.036115 0.316295 -0.163272
v -0.032246 0.329568 -0.152964
v -0.012877 0.304271 -0.163477
v -0.043441 0.324671 -0.153235
v -0.049548 0.332172 -0.139544
v -0.056044 0.326672 -0.156535
v -0.054052 0.338313 -0.145849
v -0.066464 0.347222 -0.137565
v -0.043441 0.324671 -0.153235
v -0.037958 0.323385 -0.142688
v -0.038731 0.336372 -0.136346
v -0.072308 0.328332 -0.146667
v -0.043441 0.324671 -0.153235
v -0.037958 0.323385 -0.142688
v -0.032246 0.329568 -0.152964
v -0.066464 0.347222 -0.137565
v -0.050067 0.358631 -0.145472
v -0.049548 0.332172 -0.139544
v -0.037065 0.270515 -0.148023
v -0.000313 0.251930 -0.156574
v -0.032272 0.264297 -0.159128
v -0.053352 0.260247 -0.144323
v -0.037065 0.270515 -0.148023
v -0.047555 0.251989 -0.156620
v -0.032272 0.264297 -0.159128
v -0.045441 0.233820 -0.152332
v -0.035625 0.321756 0.093192
v -0.038260 0.328539 0.101166
v -0.039883 0.338533 0.084372
v -0.046739 0.315041 0.090258
v -0.038260 0.328539 0.101166
v -0.035625 0.321756 0.093192
v -0.047961 0.323856 0.098928
v -0.049548 0.332172 -0.139544
v -0.050067 0.358631 -0.145472
v -0.038731 0.336372 -0.136346
v -0.032246 0.329568 -0.152964
v -0.038731 0.336372 -0.136346
v -0.020724 0.335828 -0.166027
v -0.037958 0.323385 -0.142688
v -0.031504 0.353130 -0.156061
v -0.018379 0.354238 -0.185941
v -0.012877 0.304271 -0.163477
v -0.050067 0.358631 -0.145472
v -0.038063 -0.096197 0.088127
v -0.019472 -0.150580 0.099341
v -0.027776 -0.004148 0.095709
v -0.031363 -0.170409 0.090066
v -0.024184 -0.236249 0.096998
v -0.036884 0.017938 0.087216
v -0.031427 -0.268151 0.090582
v -0.016081 -0.281564 0.099923
v -0.024977 0.102452 0.098529
v -0.034531 0.121361 0.088521
v -0.013809 -0.249630 0.101054
v -0.016469 -0.043545 0.099795
v -0.036061 0.155824 0.092933
v -0.017118 0.149530 0.099459
v -0.035140 0.178943 0.105723
v -0.013158 0.042657 0.095433
v 0.051829 -0.174372 -0.135881
v 0.052429 -0.075711 -0.134129
v 0.066555 -0.193153 -0.134983
v 0.054716 -0.241491 -0.134108
v 0.066169 -0.077956 -0.134342
v 0.065139 0.061904 -0.133734
v 0.055710 0.046613 -0.131409
v 0.058662 0.131911 -0.130672
v 0.067144 0.143176 -0.130968
v 0.053947 0.163492 -0.135646
v 0.064213 -0.270200 -0.138386
v 0.053911 -0.278718 -0.137229
v 0.069967 -0.286415 -0.138359
v 0.047293 0.098594 -0.134468
v 0.047444 0.002499 -0.136780
v 0.044848 -0.288438 -0.152019
v 0.052382 -0.308264 -0.161447
v 0.013543 -0.291023 -0.160939
v 0.034652 -0.276533 -0.151657
v 0.046058 -0.260932 -0.146580
v 0.041365 -0.214292 -0.150515
v 0.096467 -0.306830 -0.131642
v -0.000898 -0.314536 -0.179373
v 0.020613 -0.275924 -0.152201
v 0.007505 -0.261215 -0.155753
v 0.012031 -0.191899 -0.155484
v 0.026344 -0.232471 -0.146262
v 0.023596 -0.160284 -0.145743
v 0.043707 -0.101356 -0.147228
v 0.025462 -0.080423 -0.145442
v 0.040832 -0.004636 -0.146012
v 0.023019 0.020023 -0.143927
v 0.030657 0.074834 -0.143302
v 0.021304 0.126167 -0.142844
v 0.028786 0.148882 -0.141760
v 0.024413 0.162242 -0.145007
v 0.014201 0.157310 -0.153178
v 0.017265 -0.105701 -0.154436
v 0.006877 -0.109554 -0.154536
v 0.013838 -0.014728 -0.155281
v 0.042716 0.085164 -0.145586
v 0.015658 0.098415 -0.153770
v 0.005976 0.077525 -0.152749
v 0.041564 0.149039 -0.145328
v 0.038139 0.170105 -0.149788
v -0.005062 0.158327 -0.147338
v -0.011486 -0.287506 -0.159955
v -0.002420 -0.266386 -0.149903
v -0.018184 -0.215859 -0.156323
v -0.007156 -0.225811 -0.149740
v -0.000347 -0.163949 -0.147734
v -0.008070 -0.118640 -0.147839
v -0.011753 -0.152143 -0.155103
v -0.021228 -0.104253 -0.155417
v -0.013496 -0.046706 -0.154515
v -0.025250 0.003473 -0.153474
v 0.002402 -0.050618 -0.149552
v -0.016529 0.074481 -0.154644
v -0.009875 -0.017846 -0.147920
v -0.001658 0.029845 -0.145446
v -0.004916 0.102665 -0.145512
v -0.019875 0.149998 -0.152752
v -0.038563 -0.305518 -0.167390
v -0.027328 -0.271434 -0.152565
v -0.027345 -0.320028 -0.185061
v 0.005762 -0.324850 -0.189966
v -0.002462 -0.339562 -0.189274
v 0.048330 -0.340375 -0.182615
v 0.048352 -0.319753 -0.176909
v 0.027625 -0.356552 -0.191289
v 0.073804 -0.357540 -0.176404
v -0.021552 -0.357163 -0.191991
v 0.098063 -0.341048 -0.153975
v 0.091250 -0.318658 -0.153847
v -0.053313 -0.341147 -0.182859
v 0.002500 0.170339 -0.156253
v 0.014201 0.157310 -0.153178
v 0.002500 0.170339 -0.156253
v 0.038139 0.170105 -0.149788
v 0.014201 0.157310 -0.153178
v 0.038139 0.170105 -0.149788
v 0.024413 0.162242 -0.145007
v 0.043623 0.465430 -0.195987
v 0.021807 0.466840 -0.201242
v -0.021049 0.468346 -0.201704
v -0.047089 0.465839 -0.195873
v 0.018397 0.344255 0.104406
v 0.026133 0.351819 0.096194
v 0.031883 0.365514 0.119806
v 0.048532 0.372509 0.107350
v 0.049536 0.383347 0.128910
v 0.018192 0.363035 0.134929
v 0.038245 0.386807 0.142142
v 0.002409 0.317160 0.114502
v 0.032398 0.330565 0.084032
v 0.010565 0.315856 0.107672
v 0.092306 0.329594 0.061477
v 0.100425 0.302472 0.063644
v 0.113897 0.348773 0.071210
v 0.024969 0.329326 0.106456
v 0.033892 0.322745 0.099119
v 0.028462 0.324763 0.093060
v 0.037610 0.316467 0.090921
v 0.018397 0.344255 0.104406
v 0.032398 0.330565 0.084032
v 0.027805 0.312566 0.108070
v 0.017745 0.313576 0.113059
v 0.010749 0.284080 0.106271
v 0.030804 0.312010 0.096409
v 0.030989 0.288461 0.093158
v 0.014348 0.265192 0.101261
v 0.008388 0.248952 0.103813
v 0.033300 0.266657 0.095555
v 0.060923 0.261951 0.084867
v 0.046336 0.294620 0.089739
v 0.035069 0.253291 0.104965
v 0.089392 0.271676 0.066327
v 0.096182 0.267532 0.069947
v 0.100160 0.260831 0.055486
v 0.100425 0.302472 0.063644
v 0.112685 0.289468 0.044350
v 0.108319 0.271122 0.034638
v 0.103065 0.244638 0.062454
v 0.089239 0.254383 0.076262
v 0.078887 0.257912 0.073233
v 0.114260 0.316365 0.053144
v 0.113897 0.348773 0.071210
v 0.118192 0.341547 0.059238
v 0.131713 0.364979 0.067465
v 0.101157 0.236380 0.048019
v 0.091243 0.233998 0.073049
v 0.130040 0.321437 0.039275
v 0.089243 0.305375 0.079874
v 0.060923 0.261951 0.084867
v 0.045629 0.232965 0.094601
v 0.079716 0.234996 0.072394
v 0.035069 0.253291 0.104965
v 0.017178 0.245856 0.111033
v 0.022971 0.265905 0.107599
v 0.033300 0.266657 0.095555
v 0.016423 0.232520 0.104842
v 0.069260 0.312486 0.091290
v 0.064666 0.288911 0.092345
v 0.057790 0.324226 0.106651
v 0.063248 0.337705 0.091273
v 0.044165 0.335079 0.102382
v 0.083331 0.328655 0.093625
v 0.092687 0.337112 0.087370
v 0.102160 0.354725 0.100146
v 0.092032 0.356501 0.108533
v 0.114909 0.235120 0.024487
v 0.115206 0.259448 0.020773
v 0.118248 0.275537 0.007299
v 0.125056 0.254526 0.017626
v 0.109150 0.295559 0.026773
v 0.109368 0.306868 0.016860
v 0.120301 0.299119 0.007450
v 0.121110 0.315957 0.024631
v 0.132154 0.323732 0.008820
v 0.136738 0.308068 -0.002611
v 0.126357 0.259942 -0.010724
v 0.134058 0.228470 0.006186
v 0.103704 0.229790 0.058037
v 0.093612 0.226553 0.081810
v 0.096305 0.322781 0.072198
v 0.092687 0.337112 0.087370
v 0.099530 0.352492 0.079067
v 0.102160 0.354725 0.100146
v 0.092306 0.329594 0.061477
v 0.096305 0.322781 0.072198
v 0.100425 0.302472 0.063644
v 0.078887 0.257912 0.073233
v 0.079716 0.234996 0.072394
v 0.089239 0.254383 0.076262
v 0.007520 0.470233 -0.009668
v 0.007704 0.470232 -0.014250
v 0.012891 0.470233 -0.009668
v 0.009802 0.470233 -0.006714
v 0.007520 0.470233 -0.009668
v 0.009668 0.470233 -0.009668
v 0.012891 0.470233 -0.009668
v -0.005062 0.158327 -0.147338
v 0.002500 0.170339 -0.156253
v 0.014201 0.157310 -0.153178
v 0.008388 0.248952 0.103813
v 0.022971 0.265905 0.107599
v 0.014348 0.265192 0.101261
v 0.017178 0.245856 0.111033
v 0.022971 0.265905 0.107599
v 0.033300 0.266657 0.095555
v 0.014348 0.265192 0.101261
v 0.089410 0.264970 -0.115736
v 0.090626 0.307272 -0.128844
v 0.112091 0.309026 -0.101292
v 0.116275 0.338719 -0.111338
v 0.105534 0.264589 -0.101233
v 0.109064 0.345188 -0.124596
v 0.067229 0.258425 -0.134425
v 0.070541 0.308791 -0.141408
v 0.061171 0.300829 -0.149458
v 0.093789 0.349250 -0.152738
v 0.059144 0.323035 -0.158954
v 0.118449 0.302897 -0.092395
v 0.124030 0.328667 -0.091047
v 0.059498 0.335073 -0.138709
v 0.130039 0.321664 -0.084932
v 0.093907 0.338267 -0.129230
v 0.086357 0.235862 -0.123288
v 0.044983 0.236821 -0.148212
v 0.045076 0.337382 -0.149451
v 0.111683 0.333390 -0.096177
v 0.096405 0.253435 -0.121557
v 0.040614 0.262006 -0.146010
v 0.050458 0.291899 -0.142237
v 0.026433 0.286916 -0.149826
v 0.035816 0.308460 -0.145298
v 0.026724 0.316578 -0.162856
v 0.035256 0.326415 -0.144698
v 0.007513 0.292054 -0.160262
v 0.026781 0.334065 -0.152771
v 0.043098 0.338366 -0.137402
v 0.020236 0.265488 -0.154593
v 0.012542 0.324305 -0.161641
v 0.033160 0.254069 -0.160019
v 0.030609 0.230976 -0.161035
v 0.101183 0.231620 -0.114741
v 0.112236 0.232455 -0.081201
v 0.113121 0.254721 -0.076984
v 0.109090 0.289123 -0.079772
v 0.125844 0.257891 -0.064863
v 0.116378 0.287053 -0.058920
v 0.107464 0.307265 -0.069611
v 0.126145 0.271814 -0.044131
v 0.131505 0.245558 -0.047170
v 0.120369 0.302890 -0.062387
v 0.130185 0.231101 -0.053860
v 0.131398 0.302750 -0.041379
v 0.133934 0.322289 -0.058362
v 0.120880 0.315246 -0.062267
v 0.122643 0.331688 -0.061596
v 0.119566 0.340603 -0.053875
v 0.111471 0.341697 -0.056788
v 0.126863 0.352579 -0.052765
v 0.136966 0.324588 -0.036828
v 0.118123 0.313644 -0.071220
v 0.101613 0.356640 -0.136834
v 0.123731 0.326714 -0.047273
v 0.119566 0.340603 -0.053875
v 0.136966 0.324588 -0.036828
v 0.131398 0.302750 -0.041379
v 0.012542 0.324305 -0.161641
v 0.025059 0.333850 -0.143406
v 0.026781 0.334065 -0.152771
v 0.035256 0.326415 -0.144698
v 0.026781 0.334065 -0.152771
v 0.025059 0.333850 -0.143406
v 0.021807 0.466840 -0.201242
v 0.018638 0.470326 -0.179122
v 0.022177 0.470056 -0.214620
v 0.125253 0.350999 0.127984
v 0.123049 0.366818 0.143898
v 0.113460 0.367014 0.122098
v 0.116854 0.360209 0.104993
v 0.115992 0.385580 0.131585
v 0.133637 0.357331 0.142600
v 0.051473 0.359058 0.092844
v 0.082103 0.371503 0.112925
v 0.048532 0.372509 0.107350
v 0.026133 0.351819 0.096194
v 0.039180 0.343142 0.088954
v 0.032398 0.330565 0.084032
v 0.063248 0.337705 0.091273
v 0.092032 0.356501 0.108533
v 0.083331 0.328655 0.093625
v 0.069260 0.312486 0.091290
v 0.084589 0.387322 0.132620
v 0.065259 0.375278 0.124772
v 0.038245 0.386807 0.142142
v 0.049536 0.383347 0.128910
v 0.071313 0.163379 -0.121039
v 0.071084 0.167354 -0.130920
v 0.085265 0.161433 -0.114731
v 0.072263 -0.128197 -0.122360
v 0.066169 -0.077956 -0.134342
v 0.071875 -0.056786 -0.120531
v 0.088436 -0.114271 -0.115413
v 0.088196 -0.037359 -0.116210
v 0.087178 0.041106 -0.114822
v 0.069040 0.024147 -0.124910
v 0.087357 -0.211384 -0.116682
v 0.070284 -0.243135 -0.128569
v 0.075305 -0.270003 -0.121937
v 0.089341 -0.080069 -0.103508
v 0.090184 -0.267498 -0.115619
v 0.096879 -0.287196 -0.113440
v 0.069967 -0.286415 -0.138359
v 0.066555 -0.193153 -0.134983
v 0.094872 -0.272577 -0.100498
v 0.107493 -0.280598 -0.097571
v 0.107355 -0.241482 -0.093593
v 0.121861 -0.308127 -0.103457
v 0.113654 -0.283213 -0.079894
v 0.089865 0.081283 -0.100524
v 0.087280 0.121163 -0.114805
v 0.085265 0.161433 -0.114731
v 0.089436 0.148353 -0.097858
v 0.099828 0.131071 -0.095396
v 0.105825 0.038918 -0.091573
v 0.106794 0.137066 -0.087198
v 0.109556 0.166952 -0.086721
v 0.109219 0.160368 -0.073294
v 0.121408 0.173054 -0.060589
v 0.115257 0.119956 -0.065813
v 0.104066 0.087370 -0.078257
v 0.099006 0.171945 -0.103729
v 0.100466 -0.074155 -0.096226
v 0.109121 -0.060107 -0.088037
v 0.108776 -0.166038 -0.093237
v 0.109320 -0.167856 -0.077399
v 0.106908 -0.084761 -0.076115
v 0.118104 -0.128012 -0.065291
v 0.116728 -0.042192 -0.065479
v 0.119691 -0.235129 -0.067840
v 0.065139 0.061904 -0.133734
v 0.130151 0.183348 -0.063998
v 0.119008 0.190485 -0.093613
v 0.133013 0.197594 -0.049312
v 0.133132 0.215853 -0.079959
v 0.090156 0.188604 -0.127865
v 0.103001 0.218687 -0.129149
v 0.122674 0.225632 -0.094567
v 0.140776 0.224695 -0.037930
v 0.067019 0.212272 -0.154883
v 0.058039 0.189069 -0.151941
v 0.021029 0.209735 -0.169451
v 0.014054 0.185738 -0.165195
v 0.030695 0.223232 -0.169413
v 0.038139 0.170105 -0.149788
v 0.053947 0.163492 -0.135646
v 0.041564 0.149039 -0.145328
v 0.047293 0.098594 -0.134468
v 0.042716 0.085164 -0.145586
v 0.058662 0.131911 -0.130672
v 0.071303 0.227735 -0.147058
v 0.064213 -0.270200 -0.138386
v 0.070687 0.114079 -0.119684
v 0.071313 0.163379 -0.121039
v 0.067144 0.143176 -0.130968
v 0.096467 -0.306830 -0.131642
v 0.091250 -0.318658 -0.153847
v 0.131714 -0.325040 -0.113991
v 0.098063 -0.341048 -0.153975
v 0.144599 -0.344151 -0.091180
v 0.152940 -0.326583 -0.070216
v 0.156280 -0.328125 -0.029803
v 0.158339 -0.354308 -0.050560
v 0.148546 -0.356930 -0.089302
v 0.117925 -0.356986 -0.140138
v 0.108744 -0.254177 -0.077336
v 0.105860 0.007135 -0.076828
v 0.138232 -0.308211 -0.059034
v 0.122113 -0.282013 -0.061955
v 0.128041 -0.288696 -0.045261
v 0.118116 -0.272872 -0.049293
v 0.124813 -0.255103 -0.039957
v 0.115512 -0.208788 -0.055322
v 0.121869 -0.169475 -0.043946
v 0.124658 -0.198848 -0.036987
v 0.123024 -0.061992 -0.037981
v 0.115028 -0.123730 -0.048500
v 0.112601 -0.016601 -0.051814
v 0.119941 0.022481 -0.043605
v 0.113102 0.109364 -0.048829
v 0.121281 0.081016 -0.037222
v 0.122578 0.167960 -0.042960
v 0.112912 0.159330 -0.052312
v 0.092530 -0.197576 -0.100517
v 0.073804 -0.357540 -0.176404
v 0.071084 0.167354 -0.130920
v 0.138978 -0.305890 -0.009459
v 0.122559 -0.280076 -0.024208
v 0.125834 -0.287767 -0.007890
v 0.122543 -0.249160 -0.018515
v 0.123930 -0.256185 -0.008613
v 0.118264 -0.242574 -0.029786
v 0.123772 -0.292657 0.017948
v 0.122580 -0.176669 -0.010115
v 0.151660 -0.321046 0.006431
v 0.065139 0.061904 -0.133734
v 0.067144 0.143176 -0.130968
v 0.070687 0.114079 -0.119684
v 0.067144 0.143176 -0.130968
v 0.053947 0.163492 -0.135646
v 0.071084 0.167354 -0.130920
v 0.047444 0.002499 -0.136780
v 0.042716 0.085164 -0.145586
v 0.047293 0.098594 -0.134468
v 0.040832 -0.004636 -0.146012
v 0.055710 0.046613 -0.131409
v 0.043707 -0.101356 -0.147228
v 0.052429 -0.075711 -0.134129
v 0.051829 -0.174372 -0.135881
v 0.041365 -0.214292 -0.150515
v 0.046058 -0.260932 -0.146580
v 0.054716 -0.241491 -0.134108
v 0.053911 -0.278718 -0.137229
v 0.044848 -0.288438 -0.152019
v 0.107355 -0.241482 -0.093593
v 0.092530 -0.197576 -0.100517
v 0.108776 -0.166038 -0.093237
v 0.108744 -0.254177 -0.077336
v 0.122113 -0.282013 -0.061955
v 0.113654 -0.283213 -0.079894
v 0.119691 -0.235129 -0.067840
v 0.108744 -0.254177 -0.077336
v 0.105860 0.007135 -0.076828
v 0.115257 0.119956 -0.065813
v 0.116728 -0.042192 -0.065479
v 0.117755 0.042393 -0.062427
v 0.112912 0.159330 -0.052312
v 0.121408 0.173054 -0.060589
v 0.122578 0.167960 -0.042960
v 0.118264 -0.242574 -0.029786
v 0.117445 -0.172461 -0.026323
v 0.122543 -0.249160 -0.018515
v 0.122580 -0.176669 -0.010115
v 0.122560 -0.098193 -0.012718
v 0.114994 -0.089419 -0.027492
v 0.121629 -0.016121 -0.014712
v 0.113997 0.003741 -0.027199
v 0.121016 0.041819 -0.018990
v 0.113832 0.076020 -0.023899
v 0.120749 0.129044 -0.017469
v 0.120620 0.085709 -0.010751
v 0.112079 0.144483 -0.023983
v 0.115898 0.161794 -0.027855
v 0.125102 0.171835 -0.016774
v 0.067771 0.463755 -0.204784
v 0.021807 0.466840 -0.201242
v 0.022177 0.470056 -0.214620
v 0.045375 0.309410 0.098644
v 0.064666 0.288911 0.092345
v 0.057790 0.324226 0.106651
v 0.043097 0.323927 0.106180
v 0.046336 0.294620 0.089739
v 0.060923 0.261951 0.084867
v 0.033892 0.322745 0.099119
v 0.030804 0.312010 0.096409
v 0.044165 0.335079 0.102382
v 0.046336 0.294620 0.089739
v 0.045375 0.309410 0.098644
v 0.037610 0.316467 0.090921
v 0.045375 0.309410 0.098644
v 0.030804 0.312010 0.096409
v 0.037610 0.316467 0.090921
v 0.033892 0.322745 0.099119
v 0.043097 0.323927 0.106180
v 0.044165 0.335079 0.102382
v 0.044165 0.335079 0.102382
v 0.063248 0.337705 0.091273
v 0.039180 0.343142 0.088954
v 0.044165 0.335079 0.102382
v 0.039180 0.343142 0.088954
v 0.032398 0.330565 0.084032
v 0.037610 0.316467 0.090921
v 0.033892 0.322745 0.099119
v 0.044165 0.335079 0.102382
v 0.037610 0.316467 0.090921
v 0.050458 0.291899 -0.142237
v 0.047070 0.318069 -0.155340
v 0.061171 0.300829 -0.149458
v 0.059144 0.323035 -0.158954
v 0.067229 0.258425 -0.134425
v 0.035816 0.308460 -0.145298
v 0.035256 0.326415 -0.144698
v 0.045076 0.337382 -0.149451
v 0.025059 0.333850 -0.143406
v 0.043098 0.338366 -0.137402
v 0.035256 0.326415 -0.144698
v 0.035256 0.326415 -0.144698
v 0.043098 0.338366 -0.137402
v 0.045076 0.337382 -0.149451
v 0.065324 -0.104188 0.079658
v 0.071394 -0.021510 0.066578
v 0.066437 0.018042 0.076923
v 0.071014 0.101398 0.065342
v 0.066958 0.115071 0.074813
v 0.071435 0.162799 0.067235
v 0.074934 -0.163995 0.065496
v 0.069808 -0.206084 0.077789
v 0.076079 -0.274544 0.069234
v 0.058491 -0.280279 0.082647
v 0.088932 -0.255912 0.062496
v 0.098006 -0.285078 0.052272
v 0.085898 0.072721 0.059287
v 0.087557 0.164784 0.061054
v 0.088882 -0.049455 0.061246
v 0.088668 -0.176917 0.062208
v 0.087561 0.135891 0.062540
v 0.080418 -0.306125 0.089722
v 0.122820 -0.310353 0.043332
v 0.091507 -0.236716 0.048670
v 0.107381 -0.238242 0.038474
v 0.092537 -0.153900 0.045092
v 0.106640 -0.154947 0.039634
v 0.101259 -0.065044 0.042471
v 0.109039 -0.074254 0.036498
v 0.105360 0.023156 0.039321
v 0.089644 -0.029048 0.049959
v 0.090876 0.043739 0.044812
v 0.109799 -0.274825 0.024005
v 0.087841 0.130629 0.049069
v 0.096327 0.107690 0.042704
v 0.089594 0.160560 0.047444
v 0.104659 0.150101 0.039154
v 0.123772 -0.292657 0.017948
v 0.119974 -0.244188 0.013720
v 0.108397 -0.193212 0.021385
v 0.118440 -0.132836 0.014953
v 0.106910 -0.108756 0.023882
v 0.116256 -0.033133 0.015529
v 0.105001 -0.015997 0.023991
v 0.117326 0.064307 0.011333
v 0.105426 0.107266 0.024266
v 0.115831 0.140982 0.011693
v 0.112004 0.163387 0.017937
v 0.103981 0.162861 0.026975
v 0.120444 0.167936 0.002496
v 0.119032 -0.032968 0.007798
v 0.138978 -0.305890 -0.009459
v 0.113881 0.172507 0.030712
v 0.125102 0.171835 -0.016774
v 0.044789 -0.281425 0.094287
v 0.053766 -0.236893 0.080262
v 0.042203 -0.210503 0.093014
v 0.051255 -0.133267 0.080864
v 0.044128 -0.145036 0.093558
v 0.046547 -0.066456 0.089028
v 0.052462 -0.047080 0.078652
v 0.049410 0.026518 0.081474
v 0.042617 0.035027 0.092371
v 0.041410 0.120892 0.091059
v 0.060882 -0.317181 0.111594
v 0.099572 0.172734 0.053130
v 0.073856 0.172204 0.080566
v 0.094345 0.188225 0.073857
v 0.060448 0.185153 0.100591
v 0.048881 0.199421 0.104439
v 0.115639 0.184895 0.049457
v 0.112982 0.196791 0.050399
v 0.129219 0.194806 0.016270
v 0.101720 0.214707 0.079512
v 0.124868 0.217364 0.047978
v 0.140696 0.215686 0.004021
v 0.134543 0.182651 -0.010948
v 0.133013 0.197594 -0.049312
v 0.130151 0.183348 -0.063998
v 0.140776 0.224695 -0.037930
v 0.133132 0.215853 -0.079959
v 0.112168 0.155754 -0.001758
v 0.118238 0.151343 -0.008940
v 0.110855 0.090605 -0.002217
v 0.120749 0.129044 -0.017469
v 0.120620 0.085709 -0.010751
v 0.113285 -0.014518 -0.005976
v 0.121629 -0.016121 -0.014712
v 0.122560 -0.098193 -0.012718
v 0.113173 -0.092114 -0.000744
v 0.122580 -0.176669 -0.010115
v 0.114498 -0.204216 -0.004037
v 0.112327 0.021537 0.001074
v 0.123930 -0.256185 -0.008613
v 0.116764 -0.275510 0.002208
v 0.125834 -0.287767 -0.007890
v 0.121016 0.041819 -0.018990
v 0.106800 -0.321804 0.085628
v 0.135078 -0.334805 0.050480
v 0.113011 -0.345007 0.082357
v 0.132633 -0.357609 0.063051
v 0.154920 -0.357262 0.010167
v 0.154286 -0.342878 0.005039
v 0.151660 -0.321046 0.006431
v 0.083401 -0.358200 0.110807
v 0.079468 -0.338963 0.109982
v 0.156280 -0.328125 -0.029803
v 0.158339 -0.354308 -0.050560
v 0.121408 0.173054 -0.060589
v 0.122578 0.167960 -0.042960
v 0.115898 0.161794 -0.027855
v 0.121281 0.081016 -0.037222
v 0.113275 0.103780 -0.031857
v 0.112079 0.144483 -0.023983
v 0.113997 0.003741 -0.027199
v 0.123024 -0.061992 -0.037981
v 0.114994 -0.089419 -0.027492
v 0.117445 -0.172461 -0.026323
v 0.124658 -0.198848 -0.036987
v 0.118264 -0.242574 -0.029786
v 0.124813 -0.255103 -0.039957
v 0.122559 -0.280076 -0.024208
v 0.128041 -0.288696 -0.045261
v 0.113832 0.076020 -0.023899
v 0.093612 0.226553 0.081810
v 0.124835 0.226696 0.039691
v 0.103704 0.229790 0.058037
v 0.124868 0.217364 0.047978
v 0.101720 0.214707 0.079512
v 0.072559 0.218939 0.102703
v 0.047879 0.228354 0.108614
v 0.140696 0.215686 0.004021
v 0.134058 0.228470 0.006186
v 0.114909 0.235120 0.024487
v 0.140776 0.224695 -0.037930
v 0.037816 0.470225 0.018677
v 0.070248 0.470219 0.013361
v 0.053711 0.470218 0.021484
v 0.053711 0.470218 0.024707
v 0.053711 0.470218 0.026855
v 0.059393 0.470227 0.032344
v 0.061768 0.470218 0.021484
v 0.064453 0.470218 0.022559
v 0.059082 0.470218 0.020410
v 0.056345 0.470274 0.065195
v 0.060882 -0.317181 0.111594
v 0.106800 -0.321804 0.085628
v 0.080418 -0.306125 0.089722
v 0.106128 0.470223 -0.017794
v 0.091309 0.470233 -0.026855
v 0.095605 0.470233 -0.026855
v 0.116854 0.360209 0.104993
v 0.113507 0.361692 0.088526
v 0.133643 0.362909 0.090579
v 0.102160 0.354725 0.100146
v 0.099530 0.352492 0.079067
v 0.092032 0.356501 0.108533
v 0.113460 0.367014 0.122098
v 0.113897 0.348773 0.071210
v 0.092306 0.329594 0.061477
v 0.134810 0.348237 0.109484
v 0.125253 0.350999 0.127984
v 0.148367 0.348431 0.121670
v 0.133637 0.357331 0.142600
v 0.157640 0.351931 0.103959
v 0.155961 0.362708 0.095325
v 0.112320 0.357197 0.038100
v 0.140708 0.375093 0.038974
v 0.138137 0.376071 0.056818
v 0.153155 0.380862 0.039640
v 0.152848 0.391610 0.053650
v 0.161140 0.386035 0.014582
v 0.132570 0.378435 0.031250
v 0.112016 0.356099 0.018624
v 0.104794 0.347482 -0.090155
v 0.118488 0.363017 -0.096548
v 0.113615 0.358461 -0.069814
v 0.122308 0.374229 -0.087063
v 0.105256 0.343415 -0.078493
v 0.107644 0.337685 -0.066592
v 0.111471 0.341697 -0.056788
v 0.108142 0.336173 -0.051794
v 0.101815 0.331457 -0.064347
v 0.150034 0.381017 0.092667
v 0.165600 0.366920 0.106136
v 0.155961 0.362708 0.095325
v 0.158722 0.387704 0.106138
v 0.146049 0.390210 0.090638
v 0.131713 0.364979 0.067465
v 0.157640 0.351931 0.103959
v 0.133643 0.362909 0.090579
v 0.113897 0.348773 0.071210
v 0.172497 0.462059 0.051598
v 0.171889 0.462156 -0.078345
v 0.171364 0.464833 -0.025823
v 0.148367 0.348431 0.121670
v 0.157640 0.351931 0.103959
v 0.165600 0.366920 0.106136
v 0.144522 0.387406 -0.139523
v 0.151518 0.396077 -0.168972
v 0.153170 0.393960 -0.140152
v 0.128599 0.363002 -0.111659
v 0.140254 0.397109 0.134009
v 0.152760 0.396477 0.118826
v 0.156899 0.404687 0.134757
v 0.156546 0.405734 -0.185571
v 0.147230 0.406600 -0.193533
v 0.160663 0.423205 -0.191966
v 0.163245 0.454147 -0.143637
v 0.171889 0.462156 -0.078345
v 0.163772 0.456236 0.007660
v 0.172177 0.462605 -0.178084
v 0.172497 0.462059 0.051598
v 0.164031 0.454317 0.128294
v 0.172415 0.461654 0.136041
v 0.167029 0.455819 0.147564
v 0.168913 0.463193 -0.202950
v 0.177708 0.470028 0.153900
v 0.165622 0.455664 -0.197529
v 0.158208 0.439484 -0.090058
v 0.157527 0.435744 0.021622
v 0.158265 0.434229 0.101469
v 0.158276 0.431149 -0.170814
v 0.159318 0.423753 0.140457
v 0.157256 0.412729 0.093621
v 0.156899 0.404687 0.134757
v 0.157188 0.414019 -0.097467
v 0.157225 0.415682 -0.012847
v 0.160259 0.409095 -0.128925
v 0.159486 0.404515 0.104848
v 0.161386 0.406919 0.046010
v 0.161410 0.407698 -0.036902
v 0.115769 0.329239 0.042218
v 0.105842 0.339967 0.035525
v 0.114900 0.342944 0.043344
v 0.112320 0.357197 0.038100
v 0.131713 0.364979 0.067465
v 0.118192 0.341547 0.059238
v 0.114260 0.316365 0.053144
v 0.105829 0.334822 0.022630
v 0.112016 0.356099 0.018624
v 0.103651 0.336707 0.009803
v 0.162410 0.356521 -0.032894
v 0.160161 0.375727 -0.057255
v 0.165972 0.371886 -0.018668
v 0.160088 0.382093 -0.046232
v 0.158705 0.388270 -0.076759
v 0.158045 0.398677 -0.072601
v 0.156362 0.392724 0.004357
v 0.151408 0.384070 -0.014177
v 0.153299 0.392981 -0.025401
v 0.157241 0.398975 -0.047166
v 0.151383 0.386509 -0.046114
v 0.152848 0.391610 0.053650
v 0.156458 0.398952 -0.110949
v 0.153170 0.393960 -0.140152
v 0.155050 0.391386 -0.095780
v 0.151518 0.396077 -0.168972
v 0.145157 0.383798 -0.111609
v 0.128599 0.363002 -0.111659
v 0.146049 0.390210 0.090638
v 0.152760 0.396477 0.118826
v 0.138137 0.376071 0.056818
v 0.152458 0.386355 -0.102932
v 0.136582 0.376654 -0.102036
v 0.118488 0.363017 -0.096548
v 0.140671 0.374995 -0.093269
v 0.111683 0.333390 -0.096177
v 0.116275 0.338719 -0.111338
v 0.125705 0.356513 -0.130468
v 0.142628 0.370523 -0.142178
v 0.136410 0.362103 -0.147833
v 0.112091 0.309026 -0.101292
v 0.154139 0.384319 -0.090667
v 0.153407 0.378481 -0.098915
v 0.104794 0.347482 -0.090155
v 0.144509 0.396707 -0.184584
v 0.153407 0.378481 -0.098915
v 0.136582 0.376654 -0.102036
v 0.152458 0.386355 -0.102932
v 0.118123 0.313644 -0.071220
v 0.130039 0.321664 -0.084932
v 0.120647 0.325214 -0.072625
v 0.119125 0.341908 -0.076239
v 0.107644 0.337685 -0.066592
v 0.105762 0.312622 -0.066937
v 0.101815 0.331457 -0.064347
v 0.118449 0.302897 -0.092395
v 0.109090 0.289123 -0.079772
v 0.107464 0.307265 -0.069611
v 0.105534 0.264589 -0.101233
v 0.105762 0.312622 -0.066937
v 0.120880 0.315246 -0.062267
v 0.120647 0.325214 -0.072625
v 0.105842 0.339967 0.035525
v 0.118766 0.339203 0.024674
v 0.105829 0.334822 0.022630
v 0.103651 0.336707 0.009803
v 0.130040 0.321437 0.039275
v 0.115769 0.329239 0.042218
v 0.128405 0.329137 0.026967
v 0.114260 0.316365 0.053144
v 0.105829 0.334822 0.022630
v 0.110137 0.325969 0.016744
v 0.103651 0.336707 0.009803
v 0.110137 0.325969 0.016744
v 0.105829 0.334822 0.022630
v 0.103651 0.336707 0.009803
v 0.109150 0.295559 0.026773
v 0.109368 0.306868 0.016860
v 0.121110 0.315957 0.024631
v 0.112685 0.289468 0.044350
v 0.130040 0.321437 0.039275
v 0.128405 0.329137 0.026967
v 0.108319 0.271122 0.034638
v 0.103651 0.336707 0.009803
v 0.110137 0.325969 0.016744
v 0.104900 0.314377 0.012557
v 0.118766 0.339203 0.024674
v 0.110137 0.325969 0.016744
v 0.121110 0.315957 0.024631
v 0.117331 0.316862 0.011029
v 0.104900 0.314377 0.012557
v 0.110137 0.325969 0.016744
v 0.117331 0.316862 0.011029
v 0.119125 0.341908 -0.076239
v 0.124030 0.328667 -0.091047
v 0.113300 0.340170 -0.086221
v 0.111683 0.333390 -0.096177
v 0.104794 0.347482 -0.090155
v 0.130039 0.321664 -0.084932
v 0.105256 0.343415 -0.078493
v 0.107644 0.337685 -0.066592
v 0.119125 0.341908 -0.076239
v 0.105256 0.343415 -0.078493
v 0.115902 -0.158703 0.004711
v 0.113173 -0.092114 -0.000744
v 0.119032 -0.032968 0.007798
v 0.112327 0.021537 0.001074
v 0.117326 0.064307 0.011333
v 0.110855 0.090605 -0.002217
v 0.115831 0.140982 0.011693
v 0.112168 0.155754 -0.001758
v 0.114498 -0.204216 -0.004037
v 0.116764 -0.275510 0.002208
v 0.119974 -0.244188 0.013720
v 0.123772 -0.292657 0.017948
v 0.118440 -0.132836 0.014953
v 0.120444 0.167936 0.002496
v 0.128600 0.288295 -0.016749
v 0.137091 0.319391 -0.017628
v 0.128209 0.321525 -0.003464
v 0.122600 0.338084 -0.002804
v 0.126186 0.351732 0.000073
v 0.103651 0.336707 0.009803
v 0.115761 0.327676 0.000932
v 0.155450 0.347797 -0.018689
v 0.112016 0.356099 0.018624
v 0.133349 0.366331 0.012905
v 0.153332 0.368839 0.007902
v 0.149545 0.381803 0.018660
v 0.161140 0.386035 0.014582
v 0.132570 0.378435 0.031250
v 0.132154 0.323732 0.008820
v 0.128209 0.321525 -0.003464
v 0.122600 0.338084 -0.002804
v 0.136738 0.308068 -0.002611
v 0.128600 0.288295 -0.016749
v 0.126357 0.259942 -0.010724
v 0.126145 0.271814 -0.044131
v 0.122727 0.240222 -0.041305
v 0.127714 0.230751 -0.022743
v 0.130730 0.247461 0.000032
v 0.134058 0.228470 0.006186
v 0.131398 0.302750 -0.041379
v 0.137091 0.319391 -0.017628
v 0.136966 0.324588 -0.036828
v 0.125056 0.254526 0.017626
v 0.118248 0.275537 0.007299
v 0.155450 0.347797 -0.018689
v 0.162410 0.356521 -0.032894
v 0.165972 0.371886 -0.018668
v 0.153332 0.368839 0.007902
v 0.161140 0.386035 0.014582
v 0.130185 0.231101 -0.053860
v 0.131505 0.245558 -0.047170
v 0.115028 -0.123730 -0.048500
v 0.116728 -0.042192 -0.065479
v 0.112601 -0.016601 -0.051814
v 0.118104 -0.128012 -0.065291
v 0.115512 -0.208788 -0.055322
v 0.119691 -0.235129 -0.067840
v 0.122113 -0.282013 -0.061955
v 0.118116 -0.272872 -0.049293
v 0.117755 0.042393 -0.062427
v 0.113102 0.109364 -0.048829
v 0.115257 0.119956 -0.065813
v 0.112912 0.159330 -0.052312
v 0.121408 0.173054 -0.060589
v 0.108142 0.336173 -0.051794
v 0.122643 0.331688 -0.061596
v 0.116477 0.328271 -0.052320
v 0.111471 0.341697 -0.056788
v 0.120880 0.315246 -0.062267
v 0.135669 0.370039 -0.067885
v 0.143084 0.382098 -0.081247
v 0.160161 0.375727 -0.057255
v 0.158705 0.388270 -0.076759
v 0.122308 0.374229 -0.087063
v 0.113615 0.358461 -0.069814
v 0.126863 0.352579 -0.052765
v 0.147921 0.356032 -0.047641
v 0.111471 0.341697 -0.056788
v 0.138189 0.382746 -0.094028
v 0.152027 0.366837 -0.063770
v 0.162410 0.356521 -0.032894
v 0.136966 0.324588 -0.036828
v 0.154139 0.384319 -0.090667
v 0.121306 0.326408 0.010078
v 0.115761 0.327676 0.000932
v 0.117331 0.316862 0.011029
v 0.122600 0.338084 -0.002804
v 0.121110 0.315957 0.024631
v 0.132154 0.323732 0.008820
v 0.107464 0.307265 -0.069611
v 0.118123 0.313644 -0.071220
v 0.120880 0.315246 -0.062267
v 0.107464 0.307265 -0.069611
v 0.120880 0.315246 -0.062267
v 0.118123 0.313644 -0.071220
v 0.122308 0.374229 -0.087063
v 0.140671 0.374995 -0.093269
v 0.138189 0.382746 -0.094028
v 0.154139 0.384319 -0.090667
v 0.118488 0.363017 -0.096548
v 0.153407 0.378481 -0.098915
v 0.131398 0.302750 -0.041379
v 0.133934 0.322289 -0.058362
v 0.123731 0.326714 -0.047273
v 0.119566 0.340603 -0.053875
v 0.120880 0.315246 -0.062267
v 0.118123 0.313644 -0.071220
v 0.120647 0.325214 -0.072625
v 0.130158 0.395090 -0.187245
v 0.143491 0.388375 -0.192899
v 0.130041 0.377317 -0.199812
v 0.144509 0.396707 -0.184584
v 0.106041 0.387622 -0.180448
v 0.147925 0.363794 -0.181512
v 0.143491 0.388375 -0.192899
v 0.157489 0.386893 -0.174781
v 0.166008 0.374217 -0.159732
v 0.162031 0.355698 -0.161276
v 0.144132 0.345867 -0.175700
v 0.132469 0.354720 -0.195988
v 0.130041 0.377317 -0.199812
v 0.144509 0.396707 -0.184584
v 0.103704 0.229790 0.058037
v 0.124835 0.226696 0.039691
v 0.114909 0.235120 0.024487
v 0.151469 0.367455 0.122688
v 0.157634 0.386751 0.123406
v 0.134416 0.385085 0.143296
v 0.165600 0.366920 0.106136
v 0.148367 0.348431 0.121670
v 0.133637 0.357331 0.142600
v 0.140254 0.397109 0.134009
v 0.152760 0.396477 0.118826
v 0.152760 0.396477 0.118826
v 0.158722 0.387704 0.106138
v 0.146049 0.390210 0.090638
v 0.157634 0.386751 0.123406
v 0.165600 0.366920 0.106136
v 0.130768 0.386189 -0.098736
v 0.150038 0.397738 -0.105712
v 0.140772 0.399018 -0.116514
v 0.148397 0.387954 -0.097479
v 0.147253 0.392104 -0.088936
v 0.148397 0.387954 -0.097479
v 0.130768 0.386189 -0.098736
v 0.147253 0.392104 -0.088936
v 0.150038 0.397738 -0.105712
v 0.148397 0.387954 -0.097479
v 0.160566 0.367066 -0.150470
v 0.166008 0.374217 -0.159732
v 0.152789 0.385562 -0.152863
v 0.142628 0.370523 -0.142178
v 0.144522 0.387406 -0.139523
v 0.151518 0.396077 -0.168972
v 0.157489 0.386893 -0.174781
v 0.128599 0.363002 -0.111659
v 0.162031 0.355698 -0.161276
v 0.144509 0.396707 -0.184584
v 0.142484 0.350202 -0.157645
v 0.160566 0.367066 -0.150470
v 0.136410 0.362103 -0.147833
v 0.142628 0.370523 -0.142178
v 0.162031 0.355698 -0.161276
v 0.148397 0.387954 -0.097479
v 0.155050 0.391386 -0.095780
v 0.152458 0.386355 -0.102932
v 0.150038 0.397738 -0.105712
v 0.152458 0.386355 -0.102932
v 0.156458 0.398952 -0.110949
v 0.148397 0.387954 -0.097479
v 0.151408 0.384070 -0.014177
v 0.161346 0.387522 -0.024570
v 0.153299 0.392981 -0.025401
v 0.165972 0.371886 -0.018668
v 0.160088 0.382093 -0.046232
v 0.151383 0.386509 -0.046114
v 0.156362 0.392724 0.004357
v 0.161140 0.386035 0.014582
v 0.152848 0.391610 0.053650
v 0.158045 0.398677 -0.072601
v 0.150038 0.397738 -0.105712
v 0.140772 0.399018 -0.116514
v 0.156458 0.398952 -0.110949
v 0.148397 0.387954 -0.097479
v 0.150038 0.397738 -0.105712
v 0.155050 0.391386 -0.095780
v 0.150038 0.397738 -0.105712
v 0.156458 0.398952 -0.110949
v 0.140772 0.399018 -0.116514
v 0.150038 0.397738 -0.105712
v 0.156458 0.398952 -0.110949
v 0.155050 0.391386 -0.095780
v 0.172177 0.462605 -0.178084
v 0.168913 0.463193 -0.202950
v 0.166375 0.467667 -0.162921
v 0.171889 0.462156 -0.078345
v 0.165269 0.468746 -0.198368
v 0.144246 0.466579 -0.203553
v 0.162595 0.465150 -0.118790
v 0.161178 0.463154 -0.193623
v 0.130109 0.465350 -0.196194
v 0.161178 0.463154 -0.193623
v 0.165269 0.468746 -0.198368
f 83 87 78
f 87 79 78
f 79 84 80
f 83 81 86
f 80 84 82
f 82 88 68
f 81 83 78
f 85 86 81
f 78 79 70
f 70 79 80
f 80 82 67
f 67 82 68
f 81 78 72
f 70 80 67
f 67 68 65
f 85 81 74
f 74 81 72
f 72 78 70
f 75 74 73
f 73 74 72
f 59 73 62
f 73 72 62
f 62 72 70
f 70 67 64
f 64 67 65
f 71 65 68
f 56 58 55
f 60 55 59
f 60 59 61
f 61 59 62
f 61 62 63
f 63 64 65
f 54 65 66
f 55 58 59
f 55 60 42
f 42 60 61
f 62 70 64
f 63 62 64
f 61 63 37
f 14 22 16
f 17 16 21
f 16 22 52
f 63 65 38
f 40 65 54
f 45 56 55
f 45 55 43
f 55 42 43
f 15 14 16
f 14 32 22
f 15 16 17
f 52 48 21
f 38 65 40
f 41 40 54
f 53 41 54
f 42 61 37
f 13 14 15
f 22 32 33
f 21 48 49
f 63 38 37
f 5 6 2
f 3 14 13
f 33 6 34
f 48 34 36
f 46 47 45
f 46 45 5
f 43 42 35
f 35 42 37
f 1 2 3
f 12 1 3
f 3 13 12
f 13 15 23
f 32 6 33
f 22 33 52
f 48 33 34
f 48 36 49
f 36 37 38
f 49 36 50
f 50 36 51
f 39 38 40
f 39 40 41
f 51 36 41
f 76 51 53
f 51 41 53
f 46 5 10
f 10 5 4
f 5 44 6
f 2 6 77
f 77 6 3
f 3 6 32
f 3 32 14
f 15 18 23
f 35 37 36
f 49 50 57
f 36 38 39
f 69 50 51
f 47 46 89
f 45 43 5
f 5 43 44
f 4 5 2
f 44 43 35
f 44 35 6
f 6 35 34
f 15 17 18
f 34 35 36
f 36 39 41
f 1 4 2
f 52 33 48
f 4 1 7
f 10 8 11
f 10 4 8
f 7 1 12
f 12 13 27
f 17 19 18
f 23 27 13
f 4 7 8
f 18 29 23
f 20 18 19
f 9 8 7
f 12 27 25
f 20 29 18
f 7 12 25
f 7 25 24
f 25 27 26
f 23 26 27
f 29 26 23
f 9 7 24
f 9 24 31
f 28 26 29
f 24 25 26
f 30 28 29
f 28 24 26
f 129 108 128
f 128 110 141
f 138 126 114
f 127 114 112
f 127 112 129
f 141 110 137
f 129 112 108
f 110 130 137
f 126 113 114
f 108 110 128
f 111 112 114
f 113 111 114
f 106 108 112
f 109 130 110
f 122 113 126
f 108 109 110
f 111 106 112
f 113 92 111
f 122 92 113
f 108 107 109
f 106 107 108
f 111 91 106
f 91 107 106
f 122 121 92
f 92 91 111
f 107 105 109
f 121 93 92
f 109 116 130
f 91 102 107
f 105 116 109
f 102 105 107
f 90 91 92
f 93 90 92
f 121 142 123
f 121 123 93
f 90 96 91
f 123 94 93
f 93 94 90
f 102 101 105
f 91 98 102
f 105 101 116
f 96 98 91
f 94 95 90
f 98 101 102
f 90 95 96
f 101 117 116
f 95 97 96
f 123 95 94
f 98 100 101
f 101 118 117
f 96 97 98
f 101 100 103
f 103 118 101
f 123 119 95
f 119 115 95
f 115 97 95
f 97 99 98
f 98 99 100
f 115 136 97
f 136 135 97
f 135 134 97
f 119 140 115
f 115 133 136
f 136 133 134
f 133 97 134
f 99 104 100
f 100 104 103
f 103 120 118
f 140 139 115
f 139 125 115
f 115 125 133
f 103 104 131
f 133 125 97
f 97 124 99
f 99 132 104
f 125 124 97
f 131 120 103
f 104 132 131
f 124 132 99
f 159 155 158
f 158 155 154
f 167 163 156
f 156 163 153
f 155 153 154
f 155 156 153
f 154 153 152
f 154 152 157
f 163 164 153
f 152 153 148
f 153 164 148
f 157 152 151
f 151 152 148
f 164 165 148
f 151 148 147
f 151 147 143
f 147 148 149
f 148 165 149
f 165 161 149
f 147 144 143
f 161 165 166
f 144 147 150
f 150 147 149
f 161 150 149
f 143 144 145
f 144 146 145
f 144 150 146
f 150 161 162
f 150 162 160
f 146 150 160
f 146 160 168
f 226 225 223
f 225 224 223
f 227 226 223
f 199 205 200
f 238 239 235
f 199 198 189
f 199 200 198
f 235 239 231
f 189 198 185
f 189 185 186
f 237 238 235
f 186 185 178
f 237 235 236
f 230 206 231
f 231 206 232
f 235 231 232
f 198 192 185
f 234 235 232
f 236 235 234
f 206 194 232
f 206 186 194
f 234 232 233
f 194 186 178
f 194 233 232
f 234 241 236
f 234 233 241
f 194 242 233
f 241 233 242
f 240 241 242
f 223 224 218
f 244 242 194
f 240 242 243
f 194 178 195
f 178 185 179
f 268 255 256
f 252 253 254
f 254 253 255
f 185 192 179
f 200 201 198
f 223 218 222
f 243 242 244
f 255 253 256
f 201 202 198
f 243 244 245
f 253 262 257
f 192 198 202
f 257 262 250
f 246 243 245
f 258 256 257
f 256 253 257
f 262 263 246
f 195 178 176
f 262 246 250
f 246 245 247
f 257 250 264
f 250 246 249
f 250 266 264
f 286 287 288
f 246 247 249
f 247 245 248
f 258 257 259
f 178 177 176
f 248 249 247
f 212 176 196
f 266 267 264
f 248 251 249
f 264 260 257
f 224 217 218
f 249 267 266
f 178 179 177
f 196 176 170
f 257 260 259
f 264 267 260
f 258 259 261
f 175 170 176
f 192 202 193
f 260 267 269
f 179 192 193
f 201 203 202
f 259 260 265
f 260 269 270
f 269 274 270
f 285 284 261
f 260 270 265
f 284 285 283
f 265 270 271
f 270 274 271
f 282 261 284
f 177 179 180
f 170 175 171
f 169 170 171
f 265 271 272
f 271 274 273
f 284 283 282
f 176 177 175
f 211 175 197
f 175 211 171
f 169 171 172
f 179 193 180
f 282 283 272
f 271 273 272
f 282 272 281
f 211 173 171
f 172 171 173
f 203 204 202
f 175 177 197
f 218 214 222
f 218 217 214
f 272 273 275
f 222 214 228
f 211 197 173
f 273 276 275
f 172 173 174
f 272 275 278
f 197 174 173
f 276 277 275
f 197 188 174
f 193 202 209
f 202 204 209
f 272 278 279
f 281 272 280
f 197 177 188
f 272 279 280
f 188 210 174
f 228 214 209
f 210 188 187
f 180 193 190
f 188 177 187
f 193 209 190
f 177 182 187
f 217 216 214
f 214 216 215
f 209 214 213
f 214 215 213
f 177 180 181
f 177 181 182
f 180 190 181
f 208 209 213
f 209 208 190
f 216 221 215
f 182 181 183
f 181 184 183
f 208 207 190
f 190 191 181
f 184 181 191
f 191 190 207
f 213 215 219
f 215 220 219
f 215 221 220
f 221 229 220
f 313 314 293
f 314 307 293
f 328 324 316
f 313 293 295
f 313 295 329
f 316 324 317
f 294 307 315
f 315 316 306
f 316 317 305
f 294 315 306
f 307 294 293
f 295 293 292
f 306 316 305
f 305 317 319
f 317 324 319
f 293 294 292
f 329 295 326
f 305 319 312
f 306 305 290
f 294 306 290
f 292 294 290
f 295 292 296
f 326 295 296
f 291 290 305
f 305 312 304
f 292 290 289
f 296 292 297
f 305 304 291
f 321 326 296
f 289 290 291
f 292 289 297
f 304 312 303
f 296 297 298
f 321 296 298
f 304 303 291
f 303 312 318
f 289 291 301
f 291 303 302
f 297 289 301
f 301 291 302
f 303 318 308
f 318 327 308
f 321 298 322
f 302 303 308
f 298 297 299
f 302 308 309
f 322 298 300
f 308 327 320
f 300 298 299
f 299 297 310
f 300 299 310
f 297 301 310
f 322 300 325
f 325 300 310
f 302 309 311
f 301 302 311
f 310 301 311
f 309 308 320
f 323 309 320
f 311 309 323
f 337 338 339
f 338 340 339
f 339 340 366
f 377 337 366
f 337 339 366
f 334 336 335
f 366 340 351
f 368 388 384
f 340 367 351
f 366 351 365
f 388 387 384
f 367 352 351
f 384 387 385
f 366 365 377
f 367 368 352
f 352 368 384
f 334 335 331
f 365 351 353
f 377 365 376
f 365 353 376
f 351 352 353
f 330 334 331
f 377 376 341
f 352 349 347
f 353 352 347
f 376 353 347
f 385 389 383
f 384 385 383
f 330 331 332
f 384 383 379
f 347 349 348
f 345 347 348
f 348 349 350
f 348 354 345
f 354 350 345
f 350 349 345
f 383 389 332
f 341 376 342
f 342 376 347
f 379 383 382
f 342 347 344
f 347 345 344
f 332 331 333
f 383 332 382
f 382 332 333
f 341 342 343
f 345 358 346
f 382 396 394
f 342 344 343
f 382 394 381
f 344 345 346
f 379 382 381
f 359 346 358
f 343 344 375
f 344 346 355
f 362 358 360
f 359 360 346
f 346 360 355
f 360 358 355
f 381 394 395
f 379 381 380
f 344 355 356
f 375 344 356
f 361 355 358
f 374 375 356
f 379 380 361
f 355 361 363
f 363 361 364
f 361 380 364
f 380 381 386
f 381 395 391
f 386 381 390
f 381 391 390
f 356 355 357
f 355 363 369
f 364 380 413
f 413 380 386
f 357 355 369
f 364 373 363
f 393 391 398
f 374 356 371
f 357 372 370
f 373 372 363
f 391 393 392
f 356 357 370
f 371 356 370
f 364 397 378
f 372 373 370
f 373 364 378
f 397 386 378
f 390 391 392
f 378 386 390
f 371 370 412
f 370 405 412
f 370 373 404
f 373 400 404
f 373 378 400
f 378 390 400
f 400 390 399
f 392 410 399
f 370 404 405
f 390 392 399
f 405 404 406
f 404 400 402
f 399 410 409
f 406 404 402
f 412 405 411
f 402 400 403
f 401 400 399
f 400 401 403
f 411 405 407
f 405 406 407
f 406 402 408
f 401 399 409
f 407 406 408
f 408 402 403
f 480 479 478
f 483 479 480
f 434 433 435
f 479 477 478
f 430 420 419
f 457 454 456
f 456 454 455
f 455 454 440
f 435 433 436
f 429 430 419
f 436 433 437
f 429 419 423
f 420 418 419
f 440 452 431
f 440 431 434
f 440 453 452
f 431 433 434
f 454 453 440
f 431 432 433
f 419 418 416
f 477 472 478
f 433 432 451
f 454 459 453
f 419 416 423
f 457 458 454
f 458 459 454
f 458 461 459
f 451 438 433
f 457 460 458
f 438 437 433
f 423 416 421
f 458 462 461
f 477 473 472
f 438 439 437
f 418 414 416
f 460 462 458
f 441 439 438
f 472 473 474
f 414 415 416
f 421 416 415
f 441 442 439
f 460 463 462
f 473 475 474
f 460 464 463
f 421 415 422
f 473 476 475
f 442 443 439
f 415 414 417
f 415 417 424
f 442 444 443
f 463 465 466
f 464 465 463
f 445 443 444
f 446 445 444
f 476 481 475
f 415 424 422
f 466 465 467
f 447 445 446
f 467 465 470
f 424 425 422
f 476 482 481
f 424 426 425
f 482 484 481
f 471 448 447
f 465 448 470
f 470 448 471
f 447 448 445
f 464 468 465
f 449 443 445
f 424 417 426
f 448 449 445
f 449 450 443
f 417 427 426
f 465 469 448
f 468 469 465
f 428 425 426
f 507 504 506
f 504 505 506
f 506 505 508
f 505 509 508
f 508 509 510
f 491 502 492
f 491 492 489
f 492 502 493
f 488 491 489
f 492 493 489
f 488 489 490
f 489 493 494
f 489 494 487
f 490 489 487
f 490 487 486
f 485 486 487
f 487 494 485
f 485 494 495
f 486 485 500
f 496 485 495
f 500 485 497
f 497 485 496
f 496 495 498
f 496 498 499
f 497 496 501
f 501 496 499
f 499 498 503
f 511 512 513
f 530 518 528
f 528 518 522
f 522 518 517
f 522 517 523
f 523 517 526
f 518 514 517
f 526 517 525
f 514 515 516
f 514 516 517
f 517 516 525
f 525 516 524
f 515 519 516
f 516 520 524
f 516 519 520
f 519 521 520
f 520 521 529
f 520 529 527
f 520 527 524
f 542 533 541
f 536 533 542
f 537 535 536
f 535 533 536
f 533 532 541
f 535 531 533
f 532 545 541
f 531 532 533
f 538 545 532
f 531 534 532
f 534 538 532
f 531 544 534
f 539 538 534
f 544 543 534
f 543 539 534
f 539 540 538
f 598 599 573
f 598 573 597
f 597 573 550
f 573 561 550
f 598 597 601
f 569 559 561
f 567 559 569
f 561 559 550
f 559 549 550
f 567 560 559
f 560 555 559
f 601 597 602
f 549 559 555
f 550 549 548
f 597 550 548
f 549 546 548
f 555 546 549
f 560 566 555
f 560 568 566
f 566 575 555
f 555 575 564
f 597 603 602
f 566 568 575
f 564 554 555
f 555 554 546
f 597 548 603
f 575 576 564
f 578 576 575
f 579 578 575
f 614 591 612
f 613 614 612
f 602 603 604
f 594 593 592
f 594 586 590
f 579 580 578
f 594 592 586
f 593 589 592
f 591 584 612
f 584 591 590
f 584 582 612
f 592 589 586
f 590 586 584
f 584 583 582
f 584 586 585
f 584 585 583
f 578 574 576
f 582 581 580
f 603 548 551
f 546 547 548
f 585 595 583
f 576 574 564
f 586 589 588
f 580 581 578
f 588 587 586
f 586 587 585
f 582 583 581
f 588 600 587
f 585 596 595
f 548 547 551
f 554 547 546
f 577 574 578
f 554 556 547
f 595 596 610
f 595 610 611
f 554 564 556
f 578 581 577
f 574 563 564
f 603 551 606
f 577 563 574
f 563 556 564
f 577 562 563
f 603 605 604
f 606 605 603
f 556 563 562
f 606 551 607
f 605 606 607
f 547 556 552
f 547 552 551
f 607 551 553
f 562 557 556
f 552 553 551
f 605 607 608
f 615 616 571
f 562 570 557
f 562 571 570
f 616 570 571
f 617 616 615
f 556 557 552
f 570 572 557
f 557 558 552
f 572 558 557
f 552 558 565
f 607 565 608
f 565 553 552
f 607 553 565
f 565 609 608
f 618 619 620
f 640 639 641
f 641 639 643
f 639 644 643
f 643 644 646
f 640 634 639
f 634 630 639
f 630 642 639
f 634 633 630
f 633 631 630
f 630 631 632
f 631 635 632
f 636 632 635
f 632 636 637
f 637 645 647
f 624 625 648
f 637 636 638
f 645 628 647
f 637 638 645
f 621 623 624
f 623 625 624
f 638 629 645
f 645 629 628
f 628 622 627
f 627 622 621
f 629 622 628
f 621 622 623
f 623 626 625
f 654 651 653
f 651 650 653
f 653 650 656
f 650 657 656
f 654 655 651
f 649 650 651
f 649 657 650
f 652 649 651
f 652 658 649
f 659 660 661
f 663 660 659
f 661 660 662
f 674 672 673
f 670 671 672
f 669 665 664
f 672 671 673
f 665 668 666
f 664 666 667
f 664 665 666
f 675 676 677
f 691 694 692
f 692 694 695
f 690 685 689
f 691 692 693
f 678 679 680
f 679 678 681
f 681 683 679
f 679 683 684
f 685 686 687
f 685 687 689
f 682 681 678
f 686 688 687
f 697 700 698
f 697 701 700
f 699 696 698
f 696 697 698
f 702 703 704
f 705 706 707
f 708 709 710
f 715 717 714
f 716 715 712
f 716 712 711
f 712 715 714
f 711 712 713
f 718 716 711
f 719 716 718
f 712 714 713
f 718 711 713
f 732 734 731
f 745 741 740
f 731 730 728
f 741 739 740
f 725 730 733
f 741 742 739
f 728 730 725
f 725 738 723
f 723 724 725
f 740 739 724
f 739 736 724
f 732 731 728
f 728 725 727
f 725 724 726
f 739 742 743
f 727 725 726
f 743 742 749
f 732 744 748
f 732 728 744
f 739 743 736
f 746 727 726
f 724 735 726
f 724 736 735
f 727 729 728
f 720 721 722
f 736 743 747
f 729 744 728
f 751 752 753
f 735 736 737
f 737 736 747
f 737 747 750
f 754 755 756
f 757 758 759
f 760 761 762
f 762 764 760
f 762 761 763
f 769 766 765
f 768 767 766
f 765 766 767
f 770 771 772
f 775 776 777
f 771 770 774
f 772 771 773
f 863 862 861
f 867 861 866
f 861 862 859
f 863 864 862
f 862 864 828
f 859 862 828
f 847 851 852
f 866 861 865
f 846 853 851
f 846 851 847
f 852 851 857
f 861 859 860
f 828 827 859
f 865 861 860
f 864 830 828
f 848 844 847
f 859 826 860
f 830 829 828
f 844 846 847
f 880 881 886
f 848 813 844
f 827 828 787
f 859 827 826
f 847 852 849
f 853 858 851
f 882 883 879
f 851 858 873
f 879 875 882
f 876 877 884
f 876 884 857
f 847 849 848
f 894 893 891
f 858 874 873
f 846 844 843
f 875 879 878
f 828 806 797
f 873 857 851
f 828 797 787
f 877 896 884
f 826 827 787
f 852 854 849
f 852 857 855
f 852 855 854
f 893 894 895
f 858 888 874
f 828 829 806
f 797 806 805
f 878 881 880
f 873 876 857
f 797 789 787
f 865 860 868
f 874 888 885
f 843 844 812
f 873 874 875
f 844 813 812
f 848 850 813
f 848 849 850
f 875 874 885
f 801 808 807
f 808 809 807
f 803 802 800
f 800 802 801
f 809 845 812
f 845 843 812
f 812 810 809
f 806 803 805
f 812 795 810
f 875 878 877
f 878 880 877
f 794 811 795
f 797 798 796
f 796 798 793
f 797 796 789
f 796 793 785
f 793 792 778
f 792 794 786
f 795 812 813
f 795 813 790
f 850 849 856
f 879 883 898
f 801 807 799
f 798 800 799
f 798 799 793
f 793 799 792
f 792 831 794
f 794 831 811
f 795 811 810
f 873 875 876
f 876 875 877
f 881 887 886
f 829 833 832
f 835 836 834
f 842 843 841
f 875 885 882
f 829 832 806
f 801 799 800
f 807 811 831
f 807 809 810
f 797 804 798
f 795 790 791
f 894 899 895
f 891 893 889
f 833 835 834
f 834 836 837
f 836 839 838
f 840 842 841
f 803 804 805
f 803 800 804
f 807 831 799
f 807 810 811
f 805 804 797
f 798 804 800
f 796 785 784
f 793 778 785
f 778 792 786
f 794 795 791
f 796 784 789
f 787 789 784
f 781 782 778
f 779 778 786
f 784 782 783
f 781 778 780
f 787 784 783
f 778 779 780
f 783 782 781
f 790 813 814
f 787 824 825
f 787 825 826
f 893 897 889
f 833 834 832
f 836 838 837
f 839 840 838
f 799 831 792
f 779 788 790
f 790 814 815
f 882 889 897
f 882 885 889
f 838 840 841
f 788 794 791
f 785 782 784
f 782 785 778
f 779 786 788
f 786 794 788
f 788 791 790
f 860 826 869
f 868 860 869
f 892 890 888
f 888 889 885
f 825 824 823
f 823 822 821
f 891 889 890
f 890 889 888
f 820 819 821
f 819 818 817
f 815 814 816
f 819 820 818
f 818 815 817
f 817 815 816
f 824 822 823
f 822 820 821
f 826 871 869
f 870 868 869
f 826 872 871
f 976 974 977
f 976 972 974
f 972 973 974
f 973 975 974
f 961 956 958
f 973 915 975
f 1008 1011 1009
f 927 915 973
f 955 956 957
f 973 972 927
f 1006 1008 1009
f 1011 1008 1013
f 955 954 956
f 915 909 910
f 955 957 912
f 909 908 910
f 900 901 902
f 901 904 905
f 954 958 956
f 908 909 907
f 905 904 912
f 971 927 972
f 908 907 906
f 912 913 955
f 958 962 961
f 926 915 927
f 902 906 903
f 902 903 900
f 900 904 901
f 962 963 961
f 1006 1007 1008
f 909 911 907
f 912 904 913
f 959 958 954
f 915 920 909
f 954 955 916
f 920 919 909
f 918 917 914
f 914 917 916
f 916 955 913
f 922 921 903
f 921 918 903
f 916 913 914
f 906 907 903
f 900 903 904
f 904 914 913
f 959 962 958
f 923 921 922
f 923 929 921
f 921 924 918
f 924 917 918
f 919 923 911
f 911 923 907
f 919 911 909
f 923 922 907
f 918 904 903
f 918 914 904
f 907 922 903
f 915 926 920
f 954 916 950
f 921 933 924
f 1007 1012 1008
f 919 925 923
f 936 920 926
f 917 950 916
f 1006 1010 1007
f 923 925 929
f 921 929 933
f 924 948 917
f 917 948 950
f 1006 1017 1015
f 920 925 919
f 1006 1014 1010
f 936 935 920
f 951 954 950
f 929 930 933
f 933 934 924
f 924 934 948
f 948 934 949
f 971 970 927
f 932 931 953
f 928 931 930
f 931 932 930
f 930 932 934
f 932 966 934
f 920 928 925
f 934 966 949
f 966 951 949
f 949 951 950
f 948 949 950
f 920 935 928
f 928 935 938
f 932 953 967
f 932 967 966
f 929 928 930
f 930 934 933
f 927 970 969
f 954 951 952
f 928 929 925
f 962 959 964
f 966 945 951
f 927 968 926
f 968 936 926
f 1015 1014 1006
f 1014 1016 1010
f 951 945 947
f 960 954 952
f 952 951 947
f 928 938 940
f 928 940 931
f 967 945 966
f 927 969 968
f 931 940 953
f 967 953 943
f 967 943 945
f 940 941 953
f 953 941 943
f 945 946 947
f 936 937 935
f 938 937 939
f 935 937 938
f 939 942 941
f 947 946 952
f 940 939 941
f 941 942 943
f 942 944 943
f 938 939 940
f 943 944 945
f 944 946 945
f 960 959 954
f 960 952 979
f 936 993 992
f 960 978 959
f 959 965 964
f 978 960 979
f 986 989 987
f 1014 1015 1016
f 952 980 979
f 981 979 980
f 988 985 987
f 986 985 983
f 985 984 983
f 984 981 983
f 987 985 986
f 983 981 982
f 982 981 980
f 991 990 989
f 990 988 989
f 988 987 989
f 993 990 992
f 992 990 991
f 959 978 965
f 965 978 994
f 1016 1015 1002
f 1015 1000 1002
f 1002 1000 1001
f 1018 1000 1015
f 965 994 995
f 1001 1000 998
f 1000 996 998
f 996 997 998
f 1000 1005 996
f 996 999 997
f 997 999 1003
f 997 1003 1004
f 1019 1020 1021
f 1038 1043 1042
f 1038 1042 1036
f 1022 1023 1024
f 1040 1038 1037
f 1038 1036 1037
f 1035 1029 1028
f 1036 1035 1028
f 1028 1029 1025
f 1025 1029 1030
f 1040 1037 1039
f 1037 1036 1032
f 1032 1036 1028
f 1039 1032 1041
f 1037 1032 1039
f 1067 1068 1069
f 1032 1028 1031
f 1031 1028 1027
f 1028 1025 1027
f 1046 1045 1048
f 1031 1033 1032
f 1025 1026 1027
f 1044 1045 1046
f 1031 1034 1033
f 1034 1031 1027
f 1050 1051 1045
f 1054 1047 1044
f 1047 1045 1044
f 1045 1047 1049
f 1045 1049 1050
f 1047 1064 1062
f 1047 1062 1049
f 1050 1049 1052
f 1062 1055 1049
f 1062 1063 1055
f 1049 1055 1052
f 1050 1052 1053
f 1061 1052 1056
f 1052 1055 1056
f 1053 1052 1061
f 1055 1063 1057
f 1053 1061 1065
f 1055 1057 1056
f 1061 1056 1059
f 1058 1056 1057
f 1058 1059 1056
f 1059 1058 1060
f 1065 1061 1059
f 1060 1065 1059
f 1065 1060 1066
f 1077 1081 1080
f 1077 1080 1074
f 1078 1079 1070
f 1081 1103 1080
f 1081 1102 1103
f 1078 1070 1075
f 1077 1074 1076
f 1081 1100 1102
f 1087 1098 1094
f 1080 1104 1074
f 1080 1103 1104
f 1098 1087 1086
f 1094 1095 1093
f 1097 1099 1096
f 1076 1074 1070
f 1100 1101 1102
f 1103 1102 1101
f 1099 1097 1093
f 1094 1093 1087
f 1101 1100 1106
f 1074 1104 1105
f 1070 1074 1071
f 1075 1070 1073
f 1070 1071 1072
f 1070 1072 1073
f 1082 1072 1085
f 1085 1072 1086
f 1082 1085 1084
f 1082 1084 1083
f 1093 1088 1087
f 1093 1092 1088
f 1093 1097 1092
f 1073 1072 1082
f 1086 1087 1085
f 1073 1082 1083
f 1085 1087 1088
f 1097 1096 1092
f 1092 1096 1091
f 1085 1088 1089
f 1088 1092 1091
f 1089 1088 1091
f 1090 1085 1089
f 1107 1114 1111
f 1125 1122 1124
f 1107 1113 1114
f 1107 1111 1110
f 1122 1121 1124
f 1107 1109 1113
f 1120 1121 1122
f 1107 1108 1109
f 1115 1116 1113
f 1110 1108 1107
f 1126 1127 1128
f 1109 1115 1113
f 1120 1123 1121
f 1117 1118 1119
f 1110 1112 1108
f 1145 1144 1143
f 1144 1142 1143
f 1143 1142 1140
f 1142 1141 1140
f 1141 1138 1140
f 1138 1139 1140
f 1139 1138 1131
f 1138 1137 1131
f 1137 1133 1131
f 1133 1129 1131
f 1154 1155 1156
f 1129 1130 1131
f 1129 1132 1130
f 1135 1134 1132
f 1134 1130 1132
f 1136 1134 1135
f 1136 1146 1134
f 1147 1146 1136
f 1149 1148 1147
f 1147 1148 1146
f 1150 1148 1149
f 1150 1151 1148
f 1152 1151 1150
f 1153 1151 1152
f 1161 1162 1158
f 1161 1163 1162
f 1157 1158 1159
f 1165 1166 1167
f 1159 1158 1160
f 1163 1164 1162
f 1158 1162 1160
f 1172 1168 1170
f 1168 1169 1170
f 1169 1171 1170
f 1265 1259 1251
f 1259 1262 1260
f 1188 1253 1186
f 1188 1186 1187
f 1251 1259 1258
f 1259 1260 1258
f 1185 1176 1177
f 1173 1184 1179
f 1184 1173 1176
f 1181 1185 1177
f 1179 1187 1186
f 1173 1179 1178
f 1179 1186 1178
f 1186 1253 1248
f 1251 1248 1253
f 1176 1173 1175
f 1186 1248 1190
f 1177 1175 1180
f 1177 1176 1175
f 1181 1182 1183
f 1181 1180 1182
f 1181 1177 1180
f 1173 1178 1174
f 1183 1194 1213
f 1173 1174 1175
f 1191 1178 1189
f 1196 1175 1192
f 1191 1192 1174
f 1251 1250 1248
f 1183 1182 1193
f 1178 1186 1189
f 1183 1193 1194
f 1174 1178 1191
f 1195 1180 1196
f 1193 1180 1195
f 1196 1192 1197
f 1196 1197 1195
f 1193 1182 1180
f 1196 1180 1175
f 1192 1175 1174
f 1189 1186 1190
f 1193 1195 1194
f 1191 1189 1210
f 1189 1208 1210
f 1189 1190 1208
f 1248 1250 1249
f 1273 1268 1272
f 1197 1192 1204
f 1248 1209 1190
f 1191 1210 1205
f 1192 1205 1204
f 1192 1191 1205
f 1260 1257 1258
f 1268 1267 1266
f 1194 1195 1198
f 1251 1258 1252
f 1195 1197 1198
f 1197 1201 1198
f 1197 1204 1201
f 1194 1199 1212
f 1209 1248 1249
f 1267 1212 1266
f 1208 1190 1209
f 1205 1210 1208
f 1203 1204 1205
f 1205 1208 1207
f 1199 1194 1198
f 1200 1198 1201
f 1202 1201 1203
f 1201 1204 1203
f 1205 1206 1203
f 1206 1205 1207
f 1200 1201 1202
f 1211 1206 1207
f 1207 1208 1209
f 1250 1251 1252
f 1199 1198 1200
f 1268 1266 1269
f 1272 1268 1269
f 1207 1209 1211
f 1200 1202 1217
f 1202 1220 1217
f 1202 1203 1221
f 1199 1200 1215
f 1212 1225 1266
f 1203 1206 1221
f 1221 1206 1228
f 1206 1211 1228
f 1211 1229 1228
f 1229 1211 1209
f 1202 1221 1220
f 1215 1200 1217
f 1250 1252 1254
f 1209 1249 1231
f 1229 1227 1228
f 1250 1254 1249
f 1228 1227 1221
f 1209 1231 1230
f 1258 1257 1252
f 1209 1230 1229
f 1199 1215 1214
f 1221 1227 1222
f 1227 1229 1230
f 1220 1221 1222
f 1227 1230 1226
f 1217 1220 1219
f 1222 1227 1226
f 1219 1220 1223
f 1223 1220 1222
f 1199 1214 1212
f 1231 1249 1255
f 1215 1217 1216
f 1216 1217 1218
f 1222 1226 1224
f 1215 1216 1214
f 1217 1219 1218
f 1222 1224 1223
f 1225 1270 1266
f 1266 1270 1269
f 1226 1230 1232
f 1212 1214 1225
f 1226 1232 1224
f 1249 1254 1255
f 1230 1231 1232
f 1219 1223 1218
f 1276 1277 1278
f 1223 1224 1236
f 1214 1216 1244
f 1269 1274 1272
f 1243 1218 1240
f 1218 1223 1240
f 1240 1223 1236
f 1244 1216 1243
f 1216 1218 1243
f 1236 1224 1234
f 1214 1244 1225
f 1240 1236 1238
f 1236 1234 1235
f 1234 1233 1235
f 1234 1232 1233
f 1252 1257 1256
f 1257 1261 1256
f 1238 1236 1237
f 1254 1252 1256
f 1244 1243 1242
f 1243 1240 1242
f 1240 1241 1242
f 1240 1238 1241
f 1241 1238 1237
f 1237 1236 1235
f 1235 1239 1237
f 1232 1231 1233
f 1269 1270 1271
f 1235 1233 1239
f 1231 1255 1247
f 1255 1254 1247
f 1231 1246 1233
f 1246 1231 1247
f 1245 1244 1242
f 1254 1256 1263
f 1256 1264 1263
f 1247 1254 1263
f 1246 1247 1275
f 1286 1285 1284
f 1279 1280 1281
f 1281 1287 1288
f 1288 1287 1289
f 1279 1282 1280
f 1290 1291 1289
f 1284 1283 1282
f 1289 1287 1290
f 1285 1283 1284
f 1283 1280 1282
f 1280 1287 1281
f 1315 1314 1303
f 1312 1311 1313
f 1308 1311 1312
f 1303 1314 1311
f 1339 1340 1341
f 1303 1311 1308
f 1309 1302 1308
f 1308 1302 1303
f 1326 1304 1317
f 1317 1304 1302
f 1292 1293 1294
f 1302 1298 1303
f 1295 1296 1297
f 1326 1305 1304
f 1302 1304 1299
f 1306 1298 1307
f 1303 1298 1306
f 1304 1305 1299
f 1332 1333 1334
f 1302 1299 1298
f 1298 1299 1300
f 1305 1310 1299
f 1299 1310 1316
f 1300 1299 1301
f 1321 1322 1300
f 1301 1321 1300
f 1322 1324 1300
f 1321 1323 1322
f 1316 1310 1318
f 1322 1328 1324
f 1323 1325 1322
f 1322 1325 1328
f 1335 1336 1337
f 1310 1319 1318
f 1337 1336 1338
f 1310 1320 1319
f 1329 1330 1331
f 1319 1327 1318
f 1318 1327 1316
f 1316 1327 1329
f 1329 1327 1330
f 1342 1343 1344
f 1348 1349 1347
f 1349 1345 1347
f 1345 1349 1346
f 1345 1346 1347
f 1349 1350 1346
f 1347 1346 1348
f 1361 1359 1360
f 1356 1358 1357
f 1359 1354 1360
f 1359 1351 1354
f 1351 1352 1353
f 1356 1355 1352
f 1351 1353 1354
f 1356 1357 1355
f 1352 1355 1353
f 1410 1413 1411
f 1410 1411 1409
f 1408 1410 1409
f 1411 1412 1409
f 1407 1408 1405
f 1408 1409 1405
f 1409 1416 1405
f 1405 1416 1404
f 1404 1416 1414
f 1407 1405 1406
f 1406 1405 1403
f 1405 1404 1403
f 1406 1403 1415
f 1403 1404 1402
f 1402 1404 1414
f 1403 1401 1415
f 1402 1401 1403
f 1401 1402 1397
f 1400 1398 1399
f 1400 1401 1398
f 1398 1401 1397
f 1397 1395 1398
f 1397 1396 1395
f 1399 1398 1395
f 1399 1395 1391
f 1399 1391 1392
f 1396 1394 1395
f 1395 1393 1391
f 1393 1395 1394
f 1392 1391 1390
f 1393 1394 1385
f 1391 1393 1386
f 1379 1391 1386
f 1388 1390 1379
f 1390 1391 1379
f 1393 1385 1386
f 1378 1379 1386
f 1386 1385 1378
f 1379 1378 1374
f 1385 1384 1378
f 1385 1380 1384
f 1388 1379 1372
f 1388 1372 1387
f 1372 1379 1374
f 1374 1378 1376
f 1378 1384 1376
f 1387 1372 1366
f 1372 1374 1371
f 1374 1376 1375
f 1372 1371 1366
f 1374 1375 1371
f 1384 1380 1376
f 1367 1368 1370
f 1366 1371 1363
f 1368 1367 1362
f 1367 1366 1362
f 1371 1373 1363
f 1366 1363 1362
f 1371 1375 1373
f 1375 1376 1377
f 1369 1368 1365
f 1362 1365 1368
f 1373 1375 1389
f 1417 1420 1418
f 1377 1376 1380
f 1417 1418 1419
f 1429 1427 1426
f 1417 1419 1421
f 1426 1427 1428
f 1365 1362 1364
f 1362 1363 1364
f 1422 1420 1417
f 1420 1422 1424
f 1417 1421 1423
f 1380 1381 1377
f 1422 1417 1423
f 1382 1377 1381
f 1383 1382 1381
f 1422 1423 1425
f 1430 1431 1432
f 1433 1434 1435
f 1436 1437 1438
f 1439 1440 1441
f 1442 1443 1444
f 1445 1446 1447
f 1448 1449 1450
f 1451 1453 1454
f 1451 1452 1453
f 1455 1456 1457
f 1458 1459 1460
f 1461 1462 1463
f 1463 1462 1464
f 1465 1466 1467
f 1484 1483 1482
f 1485 1482 1480
f 1482 1479 1480
f 1480 1479 1478
f 1483 1479 1482
f 1479 1481 1476
f 1479 1476 1478
f 1476 1477 1478
f 1471 1472 1473
f 1476 1475 1477
f 1468 1469 1470
f 1474 1475 1476
f 1497 1496 1498
f 1498 1496 1499
f 1486 1487 1488
f 1489 1496 1497
f 1488 1487 1489
f 1494 1493 1491
f 1491 1490 1486
f 1490 1487 1486
f 1487 1495 1489
f 1489 1495 1496
f 1493 1492 1491
f 1491 1492 1490
f 1556 1554 1557
f 1558 1555 1556
f 1557 1560 1568
f 1579 1581 1586
f 1586 1581 1583
f 1588 1583 1587
f 1588 1587 1589
f 1556 1555 1554
f 1563 1564 1565
f 1557 1554 1560
f 1589 1587 1590
f 1579 1580 1581
f 1577 1578 1579
f 1583 1584 1587
f 1582 1584 1583
f 1581 1582 1583
f 1568 1560 1561
f 1561 1562 1563
f 1563 1562 1564
f 1579 1578 1580
f 1581 1580 1582
f 1585 1578 1577
f 1560 1524 1561
f 1561 1524 1562
f 1555 1553 1554
f 1532 1528 1530
f 1560 1539 1524
f 1544 1543 1542
f 1532 1566 1536
f 1567 1542 1566
f 1500 1501 1502
f 1536 1576 1559
f 1542 1515 1566
f 1515 1576 1566
f 1554 1548 1560
f 1523 1521 1522
f 1543 1541 1542
f 1522 1516 1541
f 1522 1541 1543
f 1524 1521 1523
f 1521 1516 1522
f 1554 1553 1548
f 1542 1541 1515
f 1528 1532 1536
f 1576 1515 1559
f 1530 1528 1529
f 1524 1539 1521
f 1541 1511 1515
f 1512 1559 1515
f 1548 1539 1560
f 1513 1519 1541
f 1519 1511 1541
f 1511 1512 1515
f 1521 1514 1516
f 1516 1513 1541
f 1539 1514 1521
f 1514 1513 1516
f 1553 1549 1548
f 1530 1531 1533
f 1528 1536 1518
f 1539 1520 1514
f 1559 1512 1510
f 1511 1510 1512
f 1555 1551 1553
f 1559 1518 1536
f 1514 1509 1513
f 1519 1503 1511
f 1513 1508 1519
f 1508 1503 1519
f 1511 1503 1510
f 1514 1520 1509
f 1513 1509 1508
f 1508 1509 1504
f 1553 1551 1549
f 1508 1504 1503
f 1503 1504 1505
f 1530 1529 1531
f 1518 1527 1528
f 1559 1510 1518
f 1503 1505 1506
f 1503 1506 1510
f 1539 1546 1520
f 1510 1506 1518
f 1520 1545 1509
f 1520 1546 1545
f 1548 1547 1539
f 1545 1517 1509
f 1551 1550 1549
f 1548 1549 1547
f 1528 1527 1529
f 1509 1517 1504
f 1504 1517 1507
f 1504 1507 1505
f 1506 1525 1518
f 1551 1552 1550
f 1506 1569 1540
f 1506 1540 1525
f 1531 1529 1534
f 1527 1518 1526
f 1531 1534 1535
f 1539 1547 1546
f 1574 1572 1573
f 1573 1572 1571
f 1571 1570 1569
f 1569 1570 1540
f 1518 1525 1526
f 1574 1575 1572
f 1571 1572 1570
f 1591 1592 1593
f 1549 1550 1547
f 1525 1540 1526
f 1529 1537 1534
f 1529 1538 1537
f 1601 1598 1600
f 1605 1600 1599
f 1598 1602 1599
f 1598 1599 1600
f 1603 1598 1604
f 1598 1603 1602
f 1606 1607 1608
f 1597 1595 1594
f 1594 1595 1596
f 1609 1610 1611
f 1619 1615 1617
f 1615 1616 1617
f 1616 1618 1617
f 1612 1613 1614
f 1626 1624 1623
f 1623 1624 1625
f 1620 1621 1622
f 1627 1628 1629
f 1631 1637 1634
f 1633 1631 1630
f 1631 1634 1632
f 1630 1631 1632
f 1632 1634 1635
f 1630 1632 1636
f 1636 1632 1635
f 1644 1642 1641
f 1638 1640 1643
f 1643 1646 1647
f 1641 1639 1638
f 1638 1639 1640
f 1640 1646 1643
f 1646 1650 1647
f 1640 1653 1646
f 1640 1639 1649
f 1646 1651 1650
f 1650 1651 1652
f 1642 1639 1641
f 1645 1642 1644
f 1645 1648 1642
f 1642 1648 1639
f 1707 1709 1708
f 1716 1717 1700
f 1716 1676 1718
f 1709 1711 1708
f 1725 1728 1720
f 1716 1700 1676
f 1706 1702 1707
f 1707 1708 1706
f 1702 1701 1700
f 1714 1715 1699
f 1712 1708 1714
f 1708 1711 1714
f 1711 1715 1714
f 1699 1715 1729
f 1720 1718 1719
f 1712 1714 1713
f 1703 1705 1704
f 1703 1706 1705
f 1706 1708 1705
f 1705 1708 1712
f 1701 1702 1703
f 1703 1702 1706
f 1700 1671 1676
f 1712 1710 1705
f 1712 1713 1710
f 1700 1701 1671
f 1676 1719 1718
f 1725 1720 1723
f 1703 1704 1701
f 1705 1710 1704
f 1701 1678 1671
f 1713 1696 1710
f 1713 1714 1696
f 1696 1714 1699
f 1679 1704 1692
f 1704 1710 1692
f 1701 1704 1678
f 1704 1679 1678
f 1696 1699 1690
f 1710 1693 1692
f 1696 1693 1710
f 1676 1722 1719
f 1696 1695 1693
f 1692 1693 1691
f 1696 1690 1695
f 1720 1719 1721
f 1678 1677 1671
f 1733 1734 1735
f 1679 1692 1691
f 1730 1731 1732
f 1678 1679 1677
f 1685 1695 1687
f 1695 1690 1687
f 1687 1690 1689
f 1681 1691 1683
f 1691 1693 1683
f 1693 1685 1683
f 1679 1691 1681
f 1693 1695 1685
f 1676 1671 1670
f 1680 1679 1681
f 1677 1679 1680
f 1670 1722 1676
f 1719 1722 1721
f 1671 1677 1672
f 1685 1687 1686
f 1687 1689 1688
f 1723 1720 1721
f 1685 1686 1684
f 1687 1688 1686
f 1677 1680 1672
f 1681 1683 1682
f 1685 1684 1683
f 1680 1681 1682
f 1686 1688 1694
f 1694 1688 1697
f 1688 1689 1697
f 1697 1689 1698
f 1669 1671 1672
f 1686 1694 1684
f 1680 1674 1672
f 1680 1682 1674
f 1670 1671 1669
f 1672 1674 1673
f 1683 1684 1682
f 1672 1673 1669
f 1667 1661 1660
f 1668 1660 1655
f 1669 1665 1666
f 1660 1659 1655
f 1654 1655 1656
f 1657 1654 1656
f 1665 1657 1664
f 1665 1664 1666
f 1669 1666 1670
f 1721 1722 1726
f 1655 1659 1658
f 1660 1661 1659
f 1661 1663 1662
f 1657 1656 1664
f 1656 1655 1658
f 1661 1662 1659
f 1670 1727 1722
f 1723 1721 1724
f 1670 1666 1675
f 1722 1727 1726
f 1724 1721 1726
f 1675 1727 1670
f 1739 1736 1738
f 1736 1737 1738
f 1761 1765 1764
f 1747 1740 1745
f 1747 1749 1740
f 1764 1763 1761
f 1740 1742 1745
f 1740 1741 1742
f 1757 1753 1755
f 1757 1755 1758
f 1740 1748 1741
f 1760 1761 1759
f 1791 1790 1792
f 1761 1762 1759
f 1761 1763 1762
f 1764 1766 1763
f 1760 1759 1753
f 1793 1792 1790
f 1791 1788 1790
f 1794 1788 1791
f 1755 1754 1756
f 1759 1754 1753
f 1753 1754 1755
f 1759 1762 1754
f 1742 1741 1743
f 1756 1758 1755
f 1763 1756 1762
f 1745 1744 1746
f 1763 1768 1756
f 1745 1742 1744
f 1763 1766 1767
f 1788 1787 1790
f 1769 1767 1766
f 1763 1767 1768
f 1742 1743 1744
f 1797 1798 1799
f 1797 1796 1795
f 1797 1795 1798
f 1787 1795 1796
f 1787 1788 1778
f 1795 1787 1786
f 1778 1786 1787
f 1788 1789 1778
f 1825 1826 1827
f 1795 1786 1800
f 1778 1770 1786
f 1778 1777 1771
f 1786 1801 1800
f 1786 1818 1801
f 1771 1770 1778
f 1823 1822 1819
f 1770 1771 1772
f 1800 1802 1803
f 1800 1801 1802
f 1770 1773 1786
f 1772 1773 1770
f 1819 1820 1821
f 1819 1822 1820
f 1784 1776 1777
f 1817 1816 1784
f 1784 1816 1776
f 1777 1776 1771
f 1772 1774 1773
f 1786 1773 1818
f 1776 1772 1771
f 1823 1824 1822
f 1816 1783 1776
f 1776 1783 1772
f 1750 1751 1752
f 1772 1775 1774
f 1783 1816 1804
f 1783 1775 1772
f 1773 1779 1780
f 1773 1774 1779
f 1783 1804 1775
f 1775 1806 1808
f 1808 1806 1809
f 1805 1775 1804
f 1805 1806 1775
f 1779 1781 1780
f 1804 1807 1805
f 1810 1811 1809
f 1805 1807 1806
f 1809 1806 1810
f 1781 1782 1780
f 1811 1810 1812
f 1774 1785 1779
f 1804 1815 1807
f 1806 1814 1810
f 1814 1813 1810
f 1810 1813 1812
f 1828 1829 1830
f 1831 1832 1833
f 1831 1833 1834
f 1835 1836 1837
f 1838 1839 1840
f 1838 1841 1839
f 1842 1843 1844
f 1872 1868 1875
f 1868 1872 1870
f 1876 1873 1870
f 1868 1870 1869
f 1875 1868 1866
f 1870 1873 1871
f 1878 1877 1862
f 1866 1868 1867
f 1875 1866 1877
f 1869 1870 1871
f 1868 1869 1867
f 1866 1862 1877
f 1862 1866 1851
f 1874 1858 1863
f 1866 1867 1851
f 1858 1855 1863
f 1852 1855 1858
f 1853 1855 1852
f 1851 1853 1852
f 1851 1852 1846
f 1862 1851 1861
f 1851 1846 1845
f 1861 1851 1845
f 1852 1854 1846
f 1845 1865 1861
f 1860 1846 1854
f 1845 1849 1865
f 1879 1861 1865
f 1860 1854 1899
f 1845 1847 1849
f 1845 1846 1847
f 1880 1849 1881
f 1880 1879 1849
f 1881 1849 1882
f 1860 1850 1846
f 1882 1885 1884
f 1849 1847 1856
f 1879 1865 1849
f 1884 1885 1888
f 1847 1846 1848
f 1846 1850 1848
f 1895 1896 1894
f 1880 1881 1883
f 1847 1864 1857
f 1883 1882 1884
f 1888 1885 1898
f 1883 1881 1882
f 1895 1894 1893
f 1900 1901 1902
f 1894 1896 1897
f 1886 1884 1888
f 1886 1883 1884
f 1894 1891 1893
f 1898 1892 1888
f 1889 1880 1883
f 1856 1847 1857
f 1887 1883 1886
f 1888 1892 1891
f 1859 1856 1857
f 1903 1900 1902
f 1886 1888 1890
f 1889 1883 1887
f 1892 1893 1891
f 1888 1891 1890
f 1904 1905 1906
f 1907 1908 1909
f 1910 1911 1912
f 1924 1923 1922
f 1922 1919 1921
f 1923 1919 1922
f 1925 1919 1923
f 1931 1932 1930
f 1931 1930 1929
f 1930 1932 1921
f 1919 1920 1921
f 1921 1920 1930
f 1919 1925 1920
f 1925 1927 1926
f 1928 1927 1925
f 1925 1926 1920
f 1930 1920 1929
f 1920 1917 1929
f 1926 1915 1920
f 1915 1917 1920
f 1915 1916 1913
f 1914 1917 1915
f 1913 1914 1915
f 1913 1918 1914
f 1989 1988 1987
f 1991 1989 1987
f 2056 2055 2057
f 1994 1992 1996
f 2048 2050 2052
f 1994 1993 1992
f 2048 2049 2050
f 2048 2051 2049
f 1995 1993 1994
f 2055 2053 2054
f 2054 2053 2048
f 2053 2051 2048
f 1993 1991 1992
f 2055 2056 2053
f 1986 1988 1990
f 2057 2058 2059
f 2057 2055 2058
f 2060 2057 2059
f 1987 1988 1986
f 1986 1990 1997
f 1991 1987 1982
f 2045 2046 2047
f 1937 1977 1942
f 1987 1986 1982
f 1936 1937 1938
f 1938 1937 1942
f 1942 1977 1999
f 2042 2043 2044
f 1999 2001 2000
f 1944 1950 1936
f 2001 2032 2000
f 1998 1944 1949
f 1992 1991 1982
f 1944 1936 1943
f 1950 1937 1936
f 1944 1998 1950
f 1992 1982 2032
f 2000 1958 1999
f 1945 1949 1944
f 1942 1941 1938
f 1942 1999 1941
f 1944 1943 1945
f 1933 1934 1935
f 1945 1943 1947
f 1982 1968 2032
f 1999 1957 1941
f 1999 1958 1957
f 1936 1938 1939
f 1938 1940 1939
f 2032 1968 1958
f 1936 1939 1943
f 1938 1941 1940
f 1986 1997 1983
f 1956 1958 1959
f 1959 1958 1968
f 1945 1948 1949
f 1945 1947 1948
f 1946 1956 1969
f 2030 1939 1946
f 1956 1957 1958
f 1956 1959 1960
f 1959 1968 1960
f 1946 1969 2030
f 1951 1947 2030
f 1947 1943 2030
f 2030 1943 1939
f 1939 1940 1946
f 1946 1940 1941
f 1946 1941 1956
f 1941 1957 1956
f 1949 1948 2002
f 2031 2005 2011
f 1951 1948 1947
f 1969 1956 1961
f 1951 2030 1953
f 1982 1986 1983
f 1951 1952 1948
f 1951 1953 1952
f 1960 1968 1963
f 1967 1962 1964
f 1956 1960 1961
f 2061 2062 2063
f 2030 1969 1971
f 2002 1954 2003
f 1967 1964 1966
f 1973 1970 2013
f 2013 1961 1967
f 1962 1960 1963
f 1968 1982 1979
f 1954 2002 1948
f 1966 2013 1967
f 1972 1973 1974
f 1973 2013 1975
f 2012 1971 1972
f 1967 1961 1962
f 2003 2004 2005
f 1955 1953 2012
f 2013 1970 1961
f 1962 1963 1964
f 2064 2061 2063
f 1972 1970 1973
f 1969 1961 1970
f 1962 1961 1960
f 1971 1969 1970
f 1954 2004 2003
f 2085 2088 2086
f 2012 1972 1976
f 1973 1975 1974
f 1972 1971 1970
f 1952 1954 1948
f 2083 2085 2084
f 2088 2089 2086
f 2025 2024 2026
f 2069 2070 2071
f 1952 1953 1955
f 2081 2083 2082
f 2019 2023 2020
f 2066 2068 2067
f 1963 1968 1965
f 1965 1968 1978
f 1955 1954 1952
f 2081 2080 2077
f 2034 2038 2036
f 2076 2077 2078
f 2017 2019 2018
f 2019 2020 2018
f 2026 2029 2028
f 1966 1964 1965
f 2071 2070 2072
f 1964 1963 1965
f 2081 2082 2080
f 2083 2084 2082
f 2085 2086 2084
f 2023 2024 2022
f 2073 2074 2075
f 1976 1972 1974
f 1968 1979 1978
f 1979 1982 1981
f 1981 1982 1983
f 2086 2089 2090
f 2022 2024 2025
f 2027 2025 2026
f 2027 2026 2028
f 2018 2020 2021
f 2023 2022 2020
f 2065 2066 2067
f 2014 1954 1955
f 1981 1983 1984
f 2084 2086 2087
f 2022 2025 2027
f 2017 2018 2016
f 2017 2016 2015
f 2015 2014 1955
f 2035 2036 2037
f 2037 2036 2040
f 2078 2077 2079
f 2079 2077 2080
f 2020 2022 2021
f 2006 2005 2004
f 2035 2039 2033
f 2035 2034 2036
f 2035 2033 2034
f 1978 1979 1980
f 2014 2015 2016
f 1979 1981 1980
f 2014 2004 1954
f 2011 2005 2006
f 2033 2016 2034
f 2010 2011 2006
f 2033 2014 2016
f 1981 1984 1985
f 2033 2008 2014
f 2041 2008 2033
f 2006 2004 2007
f 2007 2004 2014
f 2006 2008 2009
f 2008 2007 2014
f 2008 2006 2007
f 2010 2006 2009
f 2091 2092 2093
f 2101 2094 2100
f 2100 2094 2097
f 2103 2104 2105
f 2094 2096 2097
f 2096 2102 2097
f 2094 2098 2095
f 2098 2099 2095
f 2094 2095 2096
f 2106 2107 2108
f 2109 2110 2111
f 2119 2120 2121
f 2118 2115 2117
f 2115 2116 2117
f 2112 2113 2114
f 2130 2131 2132
f 2133 2134 2135
f 2127 2128 2123
f 2128 2129 2123
f 2127 2123 2122
f 2123 2129 2125
f 2122 2123 2124
f 2123 2125 2124
f 2122 2124 2126
f 2186 2187 2188
f 2190 2188 2189
f 2190 2189 2191
f 2191 2193 2194
f 2194 2193 2195
f 2145 2187 2186
f 2187 2189 2188
f 2189 2192 2191
f 2191 2192 2193
f 2186 2153 2145
f 2186 2196 2153
f 2140 2139 2141
f 2153 2144 2145
f 2145 2144 2143
f 2140 2141 2198
f 2143 2144 2142
f 2143 2142 2136
f 2136 2142 2137
f 2138 2139 2140
f 2137 2139 2138
f 2137 2142 2150
f 2261 2256 2262
f 2136 2137 2138
f 2198 2141 2149
f 2137 2148 2139
f 2201 2200 2199
f 2137 2150 2148
f 2141 2139 2149
f 2196 2237 2229
f 2198 2199 2200
f 2139 2148 2152
f 2139 2152 2149
f 2144 2146 2142
f 2142 2146 2151
f 2153 2147 2144
f 2198 2149 2197
f 2198 2197 2199
f 2144 2147 2146
f 2142 2151 2150
f 2167 2149 2165
f 2163 2148 2162
f 2148 2163 2165
f 2165 2163 2166
f 2199 2203 2205
f 2148 2165 2152
f 2152 2165 2149
f 2149 2167 2197
f 2151 2162 2150
f 2150 2162 2148
f 2155 2151 2146
f 2155 2157 2151
f 2151 2157 2162
f 2162 2159 2163
f 2165 2166 2167
f 2147 2155 2146
f 2162 2157 2159
f 2163 2159 2161
f 2167 2166 2168
f 2237 2231 2229
f 2261 2260 2256
f 2155 2156 2157
f 2167 2168 2197
f 2157 2156 2158
f 2157 2158 2159
f 2163 2161 2166
f 2236 2231 2237
f 2153 2154 2147
f 2153 2229 2154
f 2155 2147 2156
f 2166 2161 2168
f 2197 2168 2184
f 2173 2175 2160
f 2177 2179 2180
f 2260 2259 2256
f 2256 2257 2258
f 2175 2177 2161
f 2177 2180 2168
f 2158 2171 2173
f 2164 2171 2156
f 2175 2176 2177
f 2199 2202 2203
f 2158 2160 2159
f 2159 2160 2161
f 2177 2168 2161
f 2158 2173 2160
f 2160 2175 2161
f 2168 2180 2184
f 2171 2158 2156
f 2180 2179 2184
f 2173 2174 2175
f 2259 2257 2256
f 2229 2230 2154
f 2205 2203 2206
f 2197 2202 2199
f 2147 2164 2156
f 2164 2170 2171
f 2171 2172 2173
f 2177 2178 2179
f 2221 2218 2224
f 2224 2218 2215
f 2215 2214 2213
f 2255 2244 2245
f 2244 2242 2245
f 2231 2230 2229
f 2197 2184 2202
f 2147 2154 2169
f 2169 2164 2147
f 2173 2172 2174
f 2175 2174 2176
f 2177 2176 2178
f 2223 2222 2221
f 2221 2220 2218
f 2218 2219 2217
f 2218 2217 2215
f 2255 2246 2244
f 2236 2232 2231
f 2164 2169 2170
f 2171 2170 2172
f 2215 2217 2214
f 2244 2243 2242
f 2226 2225 2223
f 2221 2222 2220
f 2251 2250 2249
f 2248 2247 2246
f 2246 2243 2244
f 2203 2202 2204
f 2172 2182 2174
f 2174 2182 2176
f 2178 2181 2179
f 2217 2216 2214
f 2253 2252 2251
f 2249 2247 2248
f 2202 2184 2204
f 2179 2181 2184
f 2226 2227 2225
f 2223 2225 2222
f 2220 2219 2218
f 2214 2185 2213
f 2213 2185 2181
f 2216 2185 2214
f 2250 2247 2249
f 2185 2242 2241
f 2246 2247 2243
f 2242 2243 2241
f 2203 2204 2206
f 2181 2185 2184
f 2219 2228 2217
f 2252 2250 2251
f 2169 2227 2226
f 2185 2241 2240
f 2265 2257 2264
f 2184 2185 2208
f 2253 2254 2252
f 2184 2208 2204
f 2185 2240 2208
f 2259 2263 2257
f 2208 2240 2210
f 2204 2207 2206
f 2263 2264 2257
f 2154 2183 2169
f 2204 2209 2207
f 2208 2209 2204
f 2208 2210 2209
f 2231 2232 2230
f 2230 2235 2154
f 2154 2235 2183
f 2263 2266 2264
f 2209 2211 2207
f 2209 2212 2211
f 2232 2233 2230
f 2233 2234 2230
f 2230 2234 2235
f 2234 2238 2235
f 2233 2238 2234
f 2233 2239 2238
f 2267 2268 2269
f 2271 2267 2270
f 2270 2267 2269
f 2267 2271 2272
f 2271 2269 2272
f 2269 2268 2275
f 2275 2268 2274
f 2272 2269 2273
f 2269 2275 2273
f 2272 2273 2274
f 2276 2274 2268
f 2277 2278 2279
f 2280 2281 2282
f 2291 2290 2287
f 2287 2284 2286
f 2284 2287 2290
f 2288 2286 2283
f 2289 2288 2283
f 2286 2284 2283
f 2290 2285 2284
f 2293 2283 2292
f 2283 2285 2292
f 2283 2284 2285
f 2295 2293 2294
f 2293 2292 2294
f 2294 2292 2296
f 2292 2285 2297
f 2292 2297 2296
f 2365 2371 2367
f 2314 2311 2313
f 2310 2306 2308
f 2371 2372 2367
f 2371 2373 2372
f 2313 2311 2312
f 2311 2310 2308
f 2306 2307 2308
f 2311 2308 2312
f 2407 2399 2397
f 2364 2365 2366
f 2365 2367 2366
f 2308 2307 2309
f 2298 2305 2304
f 2404 2400 2399
f 2370 2364 2369
f 2369 2364 2366
f 2399 2391 2397
f 2399 2400 2391
f 2298 2299 2300
f 2369 2366 2368
f 2366 2367 2368
f 2298 2304 2299
f 2400 2401 2391
f 2322 2323 2320
f 2368 2367 2394
f 2397 2396 2398
f 2397 2391 2390
f 2397 2390 2396
f 2401 2402 2391
f 2402 2401 2403
f 2368 2394 2392
f 2330 2332 2333
f 2317 2322 2315
f 2322 2320 2315
f 2315 2320 2319
f 2392 2394 2385
f 2390 2391 2387
f 2300 2301 2302
f 2300 2299 2301
f 2380 2381 2382
f 2398 2396 2406
f 2389 2408 2337
f 2334 2335 2336
f 2318 2315 2319
f 2299 2304 2301
f 2409 2410 2411
f 2395 2396 2390
f 2301 2304 2303
f 2382 2384 2383
f 2330 2331 2332
f 2393 2361 2357
f 2393 2392 2361
f 2361 2392 2385
f 2383 2384 2379
f 2395 2390 2386
f 2390 2387 2386
f 2389 2337 2387
f 2359 2351 2352
f 2359 2358 2351
f 2379 2377 2378
f 2378 2388 2379
f 2406 2395 2405
f 2395 2388 2405
f 2358 2360 2354
f 2387 2337 2360
f 2360 2337 2354
f 2356 2361 2362
f 2356 2352 2353
f 2356 2362 2359
f 2359 2352 2356
f 2301 2303 2302
f 2352 2351 2342
f 2382 2383 2363
f 2359 2363 2358
f 2358 2363 2360
f 2405 2388 2378
f 2388 2386 2379
f 2358 2354 2351
f 2354 2340 2351
f 2357 2356 2355
f 2357 2361 2356
f 2355 2356 2353
f 2353 2342 2345
f 2318 2316 2315
f 2315 2316 2317
f 2352 2342 2353
f 2385 2380 2362
f 2380 2382 2363
f 2383 2379 2363
f 2351 2340 2342
f 2379 2386 2360
f 2386 2387 2360
f 2337 2339 2354
f 2337 2338 2339
f 2355 2353 2347
f 2347 2353 2345
f 2327 2328 2329
f 2385 2362 2361
f 2380 2363 2362
f 2362 2363 2359
f 2377 2375 2378
f 2379 2360 2363
f 2340 2341 2342
f 2321 2317 2316
f 2374 2375 2376
f 2376 2375 2377
f 2354 2339 2350
f 2354 2350 2340
f 2345 2342 2344
f 2340 2350 2348
f 2347 2345 2346
f 2345 2344 2346
f 2344 2342 2341
f 2340 2343 2341
f 2340 2348 2343
f 2347 2346 2349
f 2324 2325 2326
f 2418 2417 2416
f 2421 2420 2412
f 2420 2419 2412
f 2420 2422 2419
f 2417 2414 2416
f 2423 2424 2425
f 2414 2415 2416
f 2412 2419 2413
f 2412 2413 2414
f 2414 2413 2415
f 2426 2427 2428
f 2426 2431 2427
f 2428 2427 2429
f 2433 2430 2431
f 2430 2427 2431
f 2427 2430 2432
f 2434 2435 2436
f 2437 2438 2439
f 2449 2447 2448
f 2446 2440 2443
f 2440 2441 2442
f 2443 2440 2442
f 2454 2455 2456
f 2451 2452 2453
f 2447 2442 2448
f 2447 2450 2445
f 2442 2447 2445
f 2443 2442 2444
f 2442 2445 2444
f 2463 2459 2461
f 2464 2465 2466
f 2460 2461 2459
f 2457 2459 2463
f 2460 2459 2458
f 2457 2458 2459
f 2462 2458 2457
f 2472 2474 2473
f 2476 2467 2477
f 2468 2470 2469
f 2476 2475 2467
f 2467 2475 2468
f 2470 2472 2471
f 2472 2473 2471
f 2473 2474 2480
f 2470 2471 2469
f 2467 2469 2479
f 2467 2468 2469
f 2478 2476 2477
f 2477 2467 2479
f 2486 2485 2489
f 2486 2487 2484
f 2486 2484 2485
f 2489 2485 2490
f 2494 2489 2490
f 2502 2516 2517
f 2495 2496 2497
f 2510 2509 2500
f 2503 2500 2504
f 2503 2502 2500
f 2500 2502 2501
f 2502 2517 2501
f 2502 2503 2516
f 2500 2501 2499
f 2499 2501 2506
f 2483 2482 2484
f 2505 2503 2504
f 2500 2499 2498
f 2496 2498 2499
f 2481 2482 2483
f 2499 2506 2507
f 2505 2504 2509
f 2504 2500 2509
f 2484 2482 2485
f 2498 2496 2495
f 2506 2508 2507
f 2490 2492 2494
f 2490 2491 2492
f 2490 2485 2491
f 2507 2508 2511
f 2494 2492 2493
f 2482 2488 2485
f 2511 2508 2512
f 2485 2488 2491
f 2514 2511 2513
f 2492 2491 2493
f 2511 2512 2513
f 2514 2513 2515
f 2518 2519 2520
f 2527 2528 2529
f 2518 2522 2521
f 2518 2521 2519
f 2520 2519 2526
f 2520 2526 2527
f 2527 2526 2528
f 2525 2524 2522
f 2528 2530 2529
f 2522 2524 2523
f 2522 2523 2521
f 2531 2534 2532
f 2531 2532 2533
f 2535 2533 2532
f 2544 2541 2542
f 2542 2541 2536
f 2536 2541 2540
f 2536 2540 2537
f 2542 2536 2543
f 2537 2540 2545
f 2548 2542 2543
f 2536 2537 2538
f 2537 2545 2549
f 2543 2536 2546
f 2537 2549 2539
f 2548 2543 2547
f 2543 2546 2538
f 2546 2536 2538
f 2538 2537 2539
f 2543 2538 2547
f 2551 2550 2553
f 2554 2550 2552
f 2550 2551 2552
f 2554 2555 2550
f 2550 2555 2553
f 2556 2557 2558
f 2559 2560 2561
f 2562 2566 2563
f 2562 2563 2564
f 2564 2563 2565
f 2563 2567 2565
f 2570 2569 2571
f 2568 2569 2570
f 2572 2573 2574
f 2579 2575 2577
f 2580 2586 2587
f 2575 2576 2577
f 2587 2581 2580
f 2575 2578 2576
f 2585 2586 2580
f 2588 2582 2581
f 2580 2581 2582
f 2585 2580 2584
f 2584 2580 2583
f 2580 2582 2583
f 2589 2590 2591
f 2597 2592 2594
f 2592 2593 2594
f 2594 2593 2598
f 2597 2596 2592
f 2593 2599 2598
f 2600 2601 2602
f 2600 2603 2601
f 2596 2595 2592
f 2595 2593 2592
f 2604 2601 2603
f 2605 2606 2607
f 2608 2606 2605
f 2609 2610 2611
f 2612 2613 2614
f 2622 2618 2619
f 2627 2626 2628
f 2618 2617 2619
f 2618 2615 2617
f 2621 2624 2620
f 2625 2626 2627
f 2617 2620 2619
f 2617 2621 2620
f 2615 2616 2617
f 2625 2629 2626
f 2616 2621 2617
f 2623 2616 2615
f 2636 2634 2633
f 2630 2631 2632
f 2633 2634 2635
f 2642 2639 2641
f 2637 2638 2639
f 2639 2638 2641
f 2642 2641 2646
f 2644 2643 2645
f 2637 2643 2640
f 2644 2640 2643
f 2637 2640 2638
f 2640 2641 2638
f 2647 2648 2649
f 2650 2651 2652
f 2653 2654 2655
f 2656 2657 2658
f 2667 2668 2669
f 2665 2661 2666
f 2661 2663 2666
f 2664 2663 2660
f 2659 2660 2661
f 2661 2660 2663
f 2662 2659 2661
